{
  "__type__": "cc.SpriteFrame",
  "content": {
    "name": "denglongyu_tex",
    "atlas": "",
    "rect": {
      "x": 1,
      "y": 1,
      "width": 491,
      "height": 396
    },
    "offset": {
      "x": -9.5,
      "y": 57
    },
    "originalSize": {
      "width": 512,
      "height": 512
    },
    "rotated": false,
    "capInsets": [
      0,
      0,
      0,
      0
    ],
    "vertices": {
      "rawPosition": [
        -245.5,
        -198,
        0,
        245.5,
        -198,
        0,
        -245.5,
        198,
        0,
        245.5,
        198,
        0
      ],
      "indexes": [
        0,
        1,
        2,
        2,
        1,
        3
      ],
      "uv": [
        1,
        511,
        492,
        511,
        1,
        115,
        492,
        115
      ],
      "nuv": [
        0.001953125,
        0.224609375,
        0.9609375,
        0.224609375,
        0.001953125,
        0.998046875,
        0.9609375,
        0.998046875
      ],
      "minPos": {
        "x": -245.5,
        "y": -198,
        "z": 0
      },
      "maxPos": {
        "x": 245.5,
        "y": 198,
        "z": 0
      }
    },
    "texture": "148a264f-7750-4770-8063-da2e92b849a2@6c48a",
    "packable": true,
    "pixelsToUnit": 100,
    "pivot": {
      "x": 0.5,
      "y": 0.5
    },
    "meshType": 0
  }
}