{
  "__type__": "cc.SpriteFrame",
  "content": {
    "name": "SICBO TAI PHU",
    "atlas": "",
    "rect": {
      "x": 1,
      "y": 1,
      "width": 1260,
      "height": 509
    },
    "offset": {
      "x": -393,
      "y": 0.5
    },
    "originalSize": {
      "width": 2048,
      "height": 512
    },
    "rotated": false,
    "capInsets": [
      0,
      0,
      0,
      0
    ],
    "vertices": {
      "rawPosition": [
        -630,
        -254.5,
        0,
        630,
        -254.5,
        0,
        -630,
        254.5,
        0,
        630,
        254.5,
        0
      ],
      "indexes": [
        0,
        1,
        2,
        2,
        1,
        3
      ],
      "uv": [
        1,
        511,
        1261,
        511,
        1,
        2,
        1261,
        2
      ],
      "nuv": [
        0.00048828125,
        0.00390625,
        0.61572265625,
        0.00390625,
        0.00048828125,
        0.998046875,
        0.61572265625,
        0.998046875
      ],
      "minPos": {
        "x": -630,
        "y": -254.5,
        "z": 0
      },
      "maxPos": {
        "x": 630,
        "y": 254.5,
        "z": 0
      }
    },
    "texture": "14df6f73-c226-46bd-b975-92ac1c40d2f8@6c48a",
    "packable": true,
    "pixelsToUnit": 100,
    "pivot": {
      "x": 0.5,
      "y": 0.5
    },
    "meshType": 0
  }
}