{
  "__type__": "cc.SpriteFrame",
  "content": {
    "name": "aladdin_guide_6",
    "atlas": "",
    "rect": {
      "x": 0,
      "y": 1,
      "width": 605,
      "height": 336
    },
    "offset": {
      "x": 0,
      "y": 3.5
    },
    "originalSize": {
      "width": 605,
      "height": 345
    },
    "rotated": false,
    "capInsets": [
      0,
      0,
      0,
      0
    ],
    "vertices": {
      "rawPosition": [
        -302.5,
        -168,
        0,
        302.5,
        -168,
        0,
        -302.5,
        168,
        0,
        302.5,
        168,
        0
      ],
      "indexes": [
        0,
        1,
        2,
        2,
        1,
        3
      ],
      "uv": [
        0,
        344,
        605,
        344,
        0,
        8,
        605,
        8
      ],
      "nuv": [
        0,
        0.02318840579710145,
        1,
        0.02318840579710145,
        0,
        0.9971014492753624,
        1,
        0.9971014492753624
      ],
      "minPos": {
        "x": -302.5,
        "y": -168,
        "z": 0
      },
      "maxPos": {
        "x": 302.5,
        "y": 168,
        "z": 0
      }
    },
    "texture": "cf609ff7-d665-4c41-913a-612e0bfb3eee@6c48a",
    "packable": true,
    "pixelsToUnit": 100,
    "pivot": {
      "x": 0.5,
      "y": 0.5
    },
    "meshType": 0
  }
}