{
  "__type__": "cc.SpriteFrame",
  "content": {
    "name": "candy1",
    "atlas": "",
    "rect": {
      "x": 0,
      "y": 1,
      "width": 112,
      "height": 111
    },
    "offset": {
      "x": 0,
      "y": 0
    },
    "originalSize": {
      "width": 112,
      "height": 113
    },
    "rotated": false,
    "capInsets": [
      0,
      0,
      0,
      0
    ],
    "vertices": {
      "rawPosition": [
        -56,
        -55.5,
        0,
        56,
        -55.5,
        0,
        -56,
        55.5,
        0,
        56,
        55.5,
        0
      ],
      "indexes": [
        0,
        1,
        2,
        2,
        1,
        3
      ],
      "uv": [
        0,
        112,
        112,
        112,
        0,
        1,
        112,
        1
      ],
      "nuv": [
        0,
        0.008849557522123894,
        1,
        0.008849557522123894,
        0,
        0.9911504424778761,
        1,
        0.9911504424778761
      ],
      "minPos": {
        "x": -56,
        "y": -55.5,
        "z": 0
      },
      "maxPos": {
        "x": 56,
        "y": 55.5,
        "z": 0
      }
    },
    "texture": "354b4325-5ba0-4d47-a93f-9ca0033e5c40@6c48a",
    "packable": true,
    "pixelsToUnit": 100,
    "pivot": {
      "x": 0.5,
      "y": 0.5
    },
    "meshType": 0
  }
}