{
  "__type__": "cc.SpriteFrame",
  "content": {
    "name": "mnpk_fnt_tien1",
    "atlas": "",
    "rect": {
      "x": 0,
      "y": 0,
      "width": 96,
      "height": 102
    },
    "offset": {
      "x": -0.5,
      "y": 0.5
    },
    "originalSize": {
      "width": 97,
      "height": 103
    },
    "rotated": false,
    "capInsets": [
      0,
      0,
      0,
      0
    ],
    "vertices": {
      "rawPosition": [
        -48,
        -51,
        0,
        48,
        -51,
        0,
        -48,
        51,
        0,
        48,
        51,
        0
      ],
      "indexes": [
        0,
        1,
        2,
        2,
        1,
        3
      ],
      "uv": [
        0,
        103,
        96,
        103,
        0,
        1,
        96,
        1
      ],
      "nuv": [
        0,
        0.009708737864077669,
        0.9896907216494846,
        0.009708737864077669,
        0,
        1,
        0.9896907216494846,
        1
      ],
      "minPos": {
        "x": -48,
        "y": -51,
        "z": 0
      },
      "maxPos": {
        "x": 48,
        "y": 51,
        "z": 0
      }
    },
    "texture": "35533cbc-93e0-477a-9238-2e80e676d402@6c48a",
    "packable": true,
    "pixelsToUnit": 100,
    "pivot": {
      "x": 0.5,
      "y": 0.5
    },
    "meshType": 0
  }
}