{
  "__type__": "cc.SpriteFrame",
  "content": {
    "name": "zhangyu_tex",
    "atlas": "",
    "rect": {
      "x": 0,
      "y": 0,
      "width": 715,
      "height": 955
    },
    "offset": {
      "x": -0.5,
      "y": 0
    },
    "originalSize": {
      "width": 716,
      "height": 955
    },
    "rotated": false,
    "capInsets": [
      0,
      0,
      0,
      0
    ],
    "vertices": {
      "rawPosition": [
        -357.5,
        -477.5,
        0,
        357.5,
        -477.5,
        0,
        -357.5,
        477.5,
        0,
        357.5,
        477.5,
        0
      ],
      "indexes": [
        0,
        1,
        2,
        2,
        1,
        3
      ],
      "uv": [
        0,
        955,
        715,
        955,
        0,
        0,
        715,
        0
      ],
      "nuv": [
        0,
        0,
        0.9986033519553073,
        0,
        0,
        1,
        0.9986033519553073,
        1
      ],
      "minPos": {
        "x": -357.5,
        "y": -477.5,
        "z": 0
      },
      "maxPos": {
        "x": 357.5,
        "y": 477.5,
        "z": 0
      }
    },
    "texture": "355f453d-23bc-4cbc-83a1-dec1540aa61f@6c48a",
    "packable": true,
    "pixelsToUnit": 100,
    "pivot": {
      "x": 0.5,
      "y": 0.5
    },
    "meshType": 0
  }
}