{
  "__type__": "cc.SpriteFrame",
  "content": {
    "name": "font_chu_vang",
    "atlas": "",
    "rect": {
      "x": 0,
      "y": 0,
      "width": 270,
      "height": 255
    },
    "offset": {
      "x": -121,
      "y": 0.5
    },
    "originalSize": {
      "width": 512,
      "height": 256
    },
    "rotated": false,
    "capInsets": [
      0,
      0,
      0,
      0
    ],
    "vertices": {
      "rawPosition": [
        -135,
        -127.5,
        0,
        135,
        -127.5,
        0,
        -135,
        127.5,
        0,
        135,
        127.5,
        0
      ],
      "indexes": [
        0,
        1,
        2,
        2,
        1,
        3
      ],
      "uv": [
        0,
        256,
        270,
        256,
        0,
        1,
        270,
        1
      ],
      "nuv": [
        0,
        0.00390625,
        0.52734375,
        0.00390625,
        0,
        1,
        0.52734375,
        1
      ],
      "minPos": {
        "x": -135,
        "y": -127.5,
        "z": 0
      },
      "maxPos": {
        "x": 135,
        "y": 127.5,
        "z": 0
      }
    },
    "texture": "49dde5b7-8c32-4d41-bd1d-84caf4ef24bb@6c48a",
    "packable": true,
    "pixelsToUnit": 100,
    "pivot": {
      "x": 0.5,
      "y": 0.5
    },
    "meshType": 0
  }
}