{
  "__type__": "cc.SpriteFrame",
  "content": {
    "name": "icon slot",
    "atlas": "",
    "rect": {
      "x": 2,
      "y": 2,
      "width": 165,
      "height": 109
    },
    "offset": {
      "x": -43.5,
      "y": 7.5
    },
    "originalSize": {
      "width": 256,
      "height": 128
    },
    "rotated": false,
    "capInsets": [
      0,
      0,
      0,
      0
    ],
    "vertices": {
      "rawPosition": [
        -82.5,
        -54.5,
        0,
        82.5,
        -54.5,
        0,
        -82.5,
        54.5,
        0,
        82.5,
        54.5,
        0
      ],
      "indexes": [
        0,
        1,
        2,
        2,
        1,
        3
      ],
      "uv": [
        2,
        126,
        167,
        126,
        2,
        17,
        167,
        17
      ],
      "nuv": [
        0.0078125,
        0.1328125,
        0.65234375,
        0.1328125,
        0.0078125,
        0.984375,
        0.65234375,
        0.984375
      ],
      "minPos": {
        "x": -82.5,
        "y": -54.5,
        "z": 0
      },
      "maxPos": {
        "x": 82.5,
        "y": 54.5,
        "z": 0
      }
    },
    "texture": "49eaa516-86aa-40fd-b988-5707281a7842@6c48a",
    "packable": true,
    "pixelsToUnit": 100,
    "pivot": {
      "x": 0.5,
      "y": 0.5
    },
    "meshType": 0
  }
}