{
  "__type__": "cc.SpriteFrame",
  "content": {
    "name": "11",
    "atlas": "",
    "rect": {
      "x": 282,
      "y": 182,
      "width": 799,
      "height": 357
    },
    "offset": {
      "x": 41.5,
      "y": -0.5
    },
    "originalSize": {
      "width": 1280,
      "height": 720
    },
    "rotated": false,
    "capInsets": [
      0,
      0,
      0,
      0
    ],
    "vertices": {
      "rawPosition": [
        -399.5,
        -178.5,
        0,
        399.5,
        -178.5,
        0,
        -399.5,
        178.5,
        0,
        399.5,
        178.5,
        0
      ],
      "indexes": [
        0,
        1,
        2,
        2,
        1,
        3
      ],
      "uv": [
        282,
        538,
        1081,
        538,
        282,
        181,
        1081,
        181
      ],
      "nuv": [
        0.2203125,
        0.2513888888888889,
        0.84453125,
        0.2513888888888889,
        0.2203125,
        0.7472222222222222,
        0.84453125,
        0.7472222222222222
      ],
      "minPos": {
        "x": -399.5,
        "y": -178.5,
        "z": 0
      },
      "maxPos": {
        "x": 399.5,
        "y": 178.5,
        "z": 0
      }
    },
    "texture": "546f75f2-b0d1-4b65-a575-b6882ac3d450@6c48a",
    "packable": true,
    "pixelsToUnit": 100,
    "pivot": {
      "x": 0.5,
      "y": 0.5
    },
    "meshType": 0
  }
}