{
  "__type__": "cc.SpriteFrame",
  "content": {
    "name": "azuki",
    "atlas": "",
    "rect": {
      "x": 1,
      "y": 2,
      "width": 753,
      "height": 508
    },
    "offset": {
      "x": -0.5,
      "y": 0
    },
    "originalSize": {
      "width": 756,
      "height": 512
    },
    "rotated": false,
    "capInsets": [
      0,
      0,
      0,
      0
    ],
    "vertices": {
      "rawPosition": [
        -376.5,
        -254,
        0,
        376.5,
        -254,
        0,
        -376.5,
        254,
        0,
        376.5,
        254,
        0
      ],
      "indexes": [
        0,
        1,
        2,
        2,
        1,
        3
      ],
      "uv": [
        1,
        510,
        754,
        510,
        1,
        2,
        754,
        2
      ],
      "nuv": [
        0.0013227513227513227,
        0.00390625,
        0.9973544973544973,
        0.00390625,
        0.0013227513227513227,
        0.99609375,
        0.9973544973544973,
        0.99609375
      ],
      "minPos": {
        "x": -376.5,
        "y": -254,
        "z": 0
      },
      "maxPos": {
        "x": 376.5,
        "y": 254,
        "z": 0
      }
    },
    "texture": "54bcdeaf-13a1-4de3-ae5f-dab348519951@6c48a",
    "packable": true,
    "pixelsToUnit": 100,
    "pivot": {
      "x": 0.5,
      "y": 0.5
    },
    "meshType": 0
  }
}