{
  "__type__": "cc.SpriteFrame",
  "content": {
    "name": "AnimButtonQUAY",
    "atlas": "",
    "rect": {
      "x": 2,
      "y": 2,
      "width": 700,
      "height": 707
    },
    "offset": {
      "x": -3.5,
      "y": 0
    },
    "originalSize": {
      "width": 711,
      "height": 711
    },
    "rotated": false,
    "capInsets": [
      0,
      0,
      0,
      0
    ],
    "vertices": {
      "rawPosition": [
        -350,
        -353.5,
        0,
        350,
        -353.5,
        0,
        -350,
        353.5,
        0,
        350,
        353.5,
        0
      ],
      "indexes": [
        0,
        1,
        2,
        2,
        1,
        3
      ],
      "uv": [
        2,
        709,
        702,
        709,
        2,
        2,
        702,
        2
      ],
      "nuv": [
        0.0028129395218002813,
        0.0028129395218002813,
        0.9873417721518988,
        0.0028129395218002813,
        0.0028129395218002813,
        0.9971870604781997,
        0.9873417721518988,
        0.9971870604781997
      ],
      "minPos": {
        "x": -350,
        "y": -353.5,
        "z": 0
      },
      "maxPos": {
        "x": 350,
        "y": 353.5,
        "z": 0
      }
    },
    "texture": "54d2132f-1171-4ee0-8870-79f73f535cc7@6c48a",
    "packable": true,
    "pixelsToUnit": 100,
    "pivot": {
      "x": 0.5,
      "y": 0.5
    },
    "meshType": 0
  }
}