{
  "__type__": "cc.SpriteFrame",
  "content": {
    "name": "button_quay",
    "atlas": "",
    "rect": {
      "x": 0,
      "y": 0,
      "width": 157,
      "height": 120
    },
    "offset": {
      "x": 0,
      "y": 0.5
    },
    "originalSize": {
      "width": 157,
      "height": 121
    },
    "rotated": false,
    "capInsets": [
      0,
      0,
      0,
      0
    ],
    "vertices": {
      "rawPosition": [
        -78.5,
        -60,
        0,
        78.5,
        -60,
        0,
        -78.5,
        60,
        0,
        78.5,
        60,
        0
      ],
      "indexes": [
        0,
        1,
        2,
        2,
        1,
        3
      ],
      "uv": [
        0,
        121,
        157,
        121,
        0,
        1,
        157,
        1
      ],
      "nuv": [
        0,
        0.008264462809917356,
        1,
        0.008264462809917356,
        0,
        1,
        1,
        1
      ],
      "minPos": {
        "x": -78.5,
        "y": -60,
        "z": 0
      },
      "maxPos": {
        "x": 78.5,
        "y": 60,
        "z": 0
      }
    },
    "texture": "54f89215-4e7e-43e5-9909-fb6d6bf656fc@6c48a",
    "packable": true,
    "pixelsToUnit": 100,
    "pivot": {
      "x": 0.5,
      "y": 0.5
    },
    "meshType": 0
  }
}