{
  "__type__": "cc.SpriteFrame",
  "content": {
    "name": "41dc0747-4b9f-4c6c-9bf2-e322899df4c2",
    "atlas": "",
    "rect": {
      "x": 1,
      "y": 1,
      "width": 167,
      "height": 88
    },
    "offset": {
      "x": -0.5,
      "y": -0.5
    },
    "originalSize": {
      "width": 170,
      "height": 89
    },
    "rotated": false,
    "capInsets": [
      0,
      0,
      0,
      0
    ],
    "vertices": {
      "rawPosition": [
        -83.5,
        -44,
        0,
        83.5,
        -44,
        0,
        -83.5,
        44,
        0,
        83.5,
        44,
        0
      ],
      "indexes": [
        0,
        1,
        2,
        2,
        1,
        3
      ],
      "uv": [
        1,
        88,
        168,
        88,
        1,
        0,
        168,
        0
      ],
      "nuv": [
        0.0058823529411764705,
        0,
        0.9882352941176471,
        0,
        0.0058823529411764705,
        0.9887640449438202,
        0.9882352941176471,
        0.9887640449438202
      ],
      "minPos": {
        "x": -83.5,
        "y": -44,
        "z": 0
      },
      "maxPos": {
        "x": 83.5,
        "y": 44,
        "z": 0
      }
    },
    "texture": "ae788e3d-5f27-4e6a-afb9-e6c617e938b8@6c48a",
    "packable": true,
    "pixelsToUnit": 100,
    "pivot": {
      "x": 0.5,
      "y": 0.5
    },
    "meshType": 0
  }
}