{
  "__type__": "cc.SpriteFrame",
  "content": {
    "name": "ngocboi",
    "atlas": "",
    "rect": {
      "x": 11,
      "y": 12,
      "width": 79,
      "height": 107
    },
    "offset": {
      "x": 0.5,
      "y": -0.5
    },
    "originalSize": {
      "width": 100,
      "height": 130
    },
    "rotated": false,
    "capInsets": [
      0,
      0,
      0,
      0
    ],
    "vertices": {
      "rawPosition": [
        -39.5,
        -53.5,
        0,
        39.5,
        -53.5,
        0,
        -39.5,
        53.5,
        0,
        39.5,
        53.5,
        0
      ],
      "indexes": [
        0,
        1,
        2,
        2,
        1,
        3
      ],
      "uv": [
        11,
        118,
        90,
        118,
        11,
        11,
        90,
        11
      ],
      "nuv": [
        0.11,
        0.08461538461538462,
        0.9,
        0.08461538461538462,
        0.11,
        0.9076923076923077,
        0.9,
        0.9076923076923077
      ],
      "minPos": {
        "x": -39.5,
        "y": -53.5,
        "z": 0
      },
      "maxPos": {
        "x": 39.5,
        "y": 53.5,
        "z": 0
      }
    },
    "texture": "ae929f53-de48-486b-b275-445cf9b54757@6c48a",
    "packable": true,
    "pixelsToUnit": 100,
    "pivot": {
      "x": 0.5,
      "y": 0.5
    },
    "meshType": 0
  }
}