{
  "__type__": "cc.SpriteFrame",
  "content": {
    "name": "XengFont2_gold-export",
    "atlas": "",
    "rect": {
      "x": 0,
      "y": 0,
      "width": 490,
      "height": 509
    },
    "offset": {
      "x": -1.5,
      "y": 1.5
    },
    "originalSize": {
      "width": 493,
      "height": 512
    },
    "rotated": false,
    "capInsets": [
      0,
      0,
      0,
      0
    ],
    "vertices": {
      "rawPosition": [
        -245,
        -254.5,
        0,
        245,
        -254.5,
        0,
        -245,
        254.5,
        0,
        245,
        254.5,
        0
      ],
      "indexes": [
        0,
        1,
        2,
        2,
        1,
        3
      ],
      "uv": [
        0,
        512,
        490,
        512,
        0,
        3,
        490,
        3
      ],
      "nuv": [
        0,
        0.005859375,
        0.9939148073022313,
        0.005859375,
        0,
        1,
        0.9939148073022313,
        1
      ],
      "minPos": {
        "x": -245,
        "y": -254.5,
        "z": 0
      },
      "maxPos": {
        "x": 245,
        "y": 254.5,
        "z": 0
      }
    },
    "texture": "aeef2c82-f512-48aa-aaed-222f362c74cf@6c48a",
    "packable": true,
    "pixelsToUnit": 100,
    "pivot": {
      "x": 0.5,
      "y": 0.5
    },
    "meshType": 0
  }
}