{
  "__type__": "cc.SpriteFrame",
  "content": {
    "name": "lichsu",
    "atlas": "",
    "rect": {
      "x": 0,
      "y": 1,
      "width": 68,
      "height": 64
    },
    "offset": {
      "x": -1,
      "y": 2
    },
    "originalSize": {
      "width": 70,
      "height": 70
    },
    "rotated": false,
    "capInsets": [
      0,
      0,
      0,
      0
    ],
    "vertices": {
      "rawPosition": [
        -34,
        -32,
        0,
        34,
        -32,
        0,
        -34,
        32,
        0,
        34,
        32,
        0
      ],
      "indexes": [
        0,
        1,
        2,
        2,
        1,
        3
      ],
      "uv": [
        0,
        69,
        68,
        69,
        0,
        5,
        68,
        5
      ],
      "nuv": [
        0,
        0.07142857142857142,
        0.9714285714285714,
        0.07142857142857142,
        0,
        0.9857142857142858,
        0.9714285714285714,
        0.9857142857142858
      ],
      "minPos": {
        "x": -34,
        "y": -32,
        "z": 0
      },
      "maxPos": {
        "x": 34,
        "y": 32,
        "z": 0
      }
    },
    "texture": "be9180f8-d38f-4e51-b2f2-e494675cdaee@6c48a",
    "packable": true,
    "pixelsToUnit": 100,
    "pivot": {
      "x": 0.5,
      "y": 0.5
    },
    "meshType": 0
  }
}