{
  "__type__": "cc.SpriteFrame",
  "content": {
    "name": "sprite_hu",
    "atlas": "",
    "rect": {
      "x": 0,
      "y": 0,
      "width": 38,
      "height": 38
    },
    "offset": {
      "x": -0.5,
      "y": 0.5
    },
    "originalSize": {
      "width": 39,
      "height": 39
    },
    "rotated": false,
    "capInsets": [
      0,
      0,
      0,
      0
    ],
    "vertices": {
      "rawPosition": [
        -19,
        -19,
        0,
        19,
        -19,
        0,
        -19,
        19,
        0,
        19,
        19,
        0
      ],
      "indexes": [
        0,
        1,
        2,
        2,
        1,
        3
      ],
      "uv": [
        0,
        39,
        38,
        39,
        0,
        1,
        38,
        1
      ],
      "nuv": [
        0,
        0.02564102564102564,
        0.9743589743589743,
        0.02564102564102564,
        0,
        1,
        0.9743589743589743,
        1
      ],
      "minPos": {
        "x": -19,
        "y": -19,
        "z": 0
      },
      "maxPos": {
        "x": 19,
        "y": 19,
        "z": 0
      }
    },
    "texture": "bebfe984-43d3-44d3-96fc-4e352f82039a@6c48a",
    "packable": true,
    "pixelsToUnit": 100,
    "pivot": {
      "x": 0.5,
      "y": 0.5
    },
    "meshType": 0
  }
}