{
  "__type__": "cc.SpriteFrame",
  "content": {
    "name": "item_freespin_ani",
    "atlas": "",
    "rect": {
      "x": 1,
      "y": 22,
      "width": 248,
      "height": 226
    },
    "offset": {
      "x": 0,
      "y": -10.5
    },
    "originalSize": {
      "width": 250,
      "height": 249
    },
    "rotated": false,
    "capInsets": [
      0,
      0,
      0,
      0
    ],
    "vertices": {
      "rawPosition": [
        -124,
        -113,
        0,
        124,
        -113,
        0,
        -124,
        113,
        0,
        124,
        113,
        0
      ],
      "indexes": [
        0,
        1,
        2,
        2,
        1,
        3
      ],
      "uv": [
        1,
        227,
        249,
        227,
        1,
        1,
        249,
        1
      ],
      "nuv": [
        0.004,
        0.004016064257028112,
        0.996,
        0.004016064257028112,
        0.004,
        0.9116465863453815,
        0.996,
        0.9116465863453815
      ],
      "minPos": {
        "x": -124,
        "y": -113,
        "z": 0
      },
      "maxPos": {
        "x": 124,
        "y": 113,
        "z": 0
      }
    },
    "texture": "4609ccd9-1d00-4504-92be-a322de32edd1@6c48a",
    "packable": true,
    "pixelsToUnit": 100,
    "pivot": {
      "x": 0.5,
      "y": 0.5
    },
    "meshType": 0
  }
}