{
  "__type__": "cc.SpriteFrame",
  "content": {
    "name": "icon slot",
    "atlas": "",
    "rect": {
      "x": 2,
      "y": 2,
      "width": 172,
      "height": 95
    },
    "offset": {
      "x": -40,
      "y": 14.5
    },
    "originalSize": {
      "width": 256,
      "height": 128
    },
    "rotated": false,
    "capInsets": [
      0,
      0,
      0,
      0
    ],
    "vertices": {
      "rawPosition": [
        -86,
        -47.5,
        0,
        86,
        -47.5,
        0,
        -86,
        47.5,
        0,
        86,
        47.5,
        0
      ],
      "indexes": [
        0,
        1,
        2,
        2,
        1,
        3
      ],
      "uv": [
        2,
        126,
        174,
        126,
        2,
        31,
        174,
        31
      ],
      "nuv": [
        0.0078125,
        0.2421875,
        0.6796875,
        0.2421875,
        0.0078125,
        0.984375,
        0.6796875,
        0.984375
      ],
      "minPos": {
        "x": -86,
        "y": -47.5,
        "z": 0
      },
      "maxPos": {
        "x": 86,
        "y": 47.5,
        "z": 0
      }
    },
    "texture": "465efb8c-17fd-410c-bc0f-cb32b5f1fcdc@6c48a",
    "packable": true,
    "pixelsToUnit": 100,
    "pivot": {
      "x": 0.5,
      "y": 0.5
    },
    "meshType": 0
  }
}