{
  "__type__": "cc.SpriteFrame",
  "content": {
    "name": "3-den",
    "atlas": "",
    "rect": {
      "x": 1,
      "y": 1,
      "width": 19,
      "height": 85
    },
    "offset": {
      "x": -0.5,
      "y": -0.5
    },
    "originalSize": {
      "width": 22,
      "height": 86
    },
    "rotated": false,
    "capInsets": [
      0,
      0,
      0,
      0
    ],
    "vertices": {
      "rawPosition": [
        -9.5,
        -42.5,
        0,
        9.5,
        -42.5,
        0,
        -9.5,
        42.5,
        0,
        9.5,
        42.5,
        0
      ],
      "indexes": [
        0,
        1,
        2,
        2,
        1,
        3
      ],
      "uv": [
        1,
        85,
        20,
        85,
        1,
        0,
        20,
        0
      ],
      "nuv": [
        0.045454545454545456,
        0,
        0.9090909090909091,
        0,
        0.045454545454545456,
        0.9883720930232558,
        0.9090909090909091,
        0.9883720930232558
      ],
      "minPos": {
        "x": -9.5,
        "y": -42.5,
        "z": 0
      },
      "maxPos": {
        "x": 9.5,
        "y": 42.5,
        "z": 0
      }
    },
    "texture": "468f4947-79cb-4339-bc02-fe77c73cac66@6c48a",
    "packable": true,
    "pixelsToUnit": 100,
    "pivot": {
      "x": 0.5,
      "y": 0.5
    },
    "meshType": 0
  }
}