{
  "__type__": "cc.SpriteFrame",
  "content": {
    "name": "kyby_zidan3-hit_tex",
    "atlas": "",
    "rect": {
      "x": 7,
      "y": 1,
      "width": 1996,
      "height": 917
    },
    "offset": {
      "x": -19,
      "y": 52.5
    },
    "originalSize": {
      "width": 2048,
      "height": 1024
    },
    "rotated": false,
    "capInsets": [
      0,
      0,
      0,
      0
    ],
    "vertices": {
      "rawPosition": [
        -998,
        -458.5,
        0,
        998,
        -458.5,
        0,
        -998,
        458.5,
        0,
        998,
        458.5,
        0
      ],
      "indexes": [
        0,
        1,
        2,
        2,
        1,
        3
      ],
      "uv": [
        7,
        1023,
        2003,
        1023,
        7,
        106,
        2003,
        106
      ],
      "nuv": [
        0.00341796875,
        0.103515625,
        0.97802734375,
        0.103515625,
        0.00341796875,
        0.9990234375,
        0.97802734375,
        0.9990234375
      ],
      "minPos": {
        "x": -998,
        "y": -458.5,
        "z": 0
      },
      "maxPos": {
        "x": 998,
        "y": 458.5,
        "z": 0
      }
    },
    "texture": "46ef2215-565a-4fb1-a24d-52298a721501@6c48a",
    "packable": true,
    "pixelsToUnit": 100,
    "pivot": {
      "x": 0.5,
      "y": 0.5
    },
    "meshType": 0
  }
}