{
  "__type__": "cc.SpriteFrame",
  "content": {
    "name": "text2-export",
    "atlas": "",
    "rect": {
      "x": 0,
      "y": 0,
      "width": 193,
      "height": 211
    },
    "offset": {
      "x": -0.5,
      "y": 0.5
    },
    "originalSize": {
      "width": 194,
      "height": 212
    },
    "rotated": false,
    "capInsets": [
      0,
      0,
      0,
      0
    ],
    "vertices": {
      "rawPosition": [
        -96.5,
        -105.5,
        0,
        96.5,
        -105.5,
        0,
        -96.5,
        105.5,
        0,
        96.5,
        105.5,
        0
      ],
      "indexes": [
        0,
        1,
        2,
        2,
        1,
        3
      ],
      "uv": [
        0,
        212,
        193,
        212,
        0,
        1,
        193,
        1
      ],
      "nuv": [
        0,
        0.0047169811320754715,
        0.9948453608247423,
        0.0047169811320754715,
        0,
        1,
        0.9948453608247423,
        1
      ],
      "minPos": {
        "x": -96.5,
        "y": -105.5,
        "z": 0
      },
      "maxPos": {
        "x": 96.5,
        "y": 105.5,
        "z": 0
      }
    },
    "texture": "56264c9a-19a9-474b-b9c9-8edcc91fe1f8@6c48a",
    "packable": true,
    "pixelsToUnit": 100,
    "pivot": {
      "x": 0.5,
      "y": 0.5
    },
    "meshType": 0
  }
}