{
  "__type__": "cc.SpriteFrame",
  "content": {
    "name": "14",
    "atlas": "",
    "rect": {
      "x": 257,
      "y": 166,
      "width": 843,
      "height": 423
    },
    "offset": {
      "x": 38.5,
      "y": -17.5
    },
    "originalSize": {
      "width": 1280,
      "height": 720
    },
    "rotated": false,
    "capInsets": [
      0,
      0,
      0,
      0
    ],
    "vertices": {
      "rawPosition": [
        -421.5,
        -211.5,
        0,
        421.5,
        -211.5,
        0,
        -421.5,
        211.5,
        0,
        421.5,
        211.5,
        0
      ],
      "indexes": [
        0,
        1,
        2,
        2,
        1,
        3
      ],
      "uv": [
        257,
        554,
        1100,
        554,
        257,
        131,
        1100,
        131
      ],
      "nuv": [
        0.20078125,
        0.18194444444444444,
        0.859375,
        0.18194444444444444,
        0.20078125,
        0.7694444444444445,
        0.859375,
        0.7694444444444445
      ],
      "minPos": {
        "x": -421.5,
        "y": -211.5,
        "z": 0
      },
      "maxPos": {
        "x": 421.5,
        "y": 211.5,
        "z": 0
      }
    },
    "texture": "56cb4546-597a-4807-a269-f69f27aeb648@6c48a",
    "packable": true,
    "pixelsToUnit": 100,
    "pivot": {
      "x": 0.5,
      "y": 0.5
    },
    "meshType": 0
  }
}