{
  "__type__": "cc.SpriteFrame",
  "content": {
    "name": "font_title",
    "atlas": "",
    "rect": {
      "x": 0,
      "y": 0,
      "width": 309,
      "height": 511
    },
    "offset": {
      "x": -101.5,
      "y": 0.5
    },
    "originalSize": {
      "width": 512,
      "height": 512
    },
    "rotated": false,
    "capInsets": [
      0,
      0,
      0,
      0
    ],
    "vertices": {
      "rawPosition": [
        -154.5,
        -255.5,
        0,
        154.5,
        -255.5,
        0,
        -154.5,
        255.5,
        0,
        154.5,
        255.5,
        0
      ],
      "indexes": [
        0,
        1,
        2,
        2,
        1,
        3
      ],
      "uv": [
        0,
        512,
        309,
        512,
        0,
        1,
        309,
        1
      ],
      "nuv": [
        0,
        0.001953125,
        0.603515625,
        0.001953125,
        0,
        1,
        0.603515625,
        1
      ],
      "minPos": {
        "x": -154.5,
        "y": -255.5,
        "z": 0
      },
      "maxPos": {
        "x": 154.5,
        "y": 255.5,
        "z": 0
      }
    },
    "texture": "302a26bc-d0a2-42b4-a324-2c3c6c42b117@6c48a",
    "packable": true,
    "pixelsToUnit": 100,
    "pivot": {
      "x": 0.5,
      "y": 0.5
    },
    "meshType": 0
  }
}