{
  "__type__": "cc.SpriteFrame",
  "content": {
    "name": "mbg_in_dialog",
    "atlas": "",
    "rect": {
      "x": 1,
      "y": 1,
      "width": 995,
      "height": 517
    },
    "offset": {
      "x": 0,
      "y": 0
    },
    "originalSize": {
      "width": 997,
      "height": 519
    },
    "rotated": false,
    "capInsets": [
      0,
      0,
      0,
      0
    ],
    "vertices": {
      "rawPosition": [
        -497.5,
        -258.5,
        0,
        497.5,
        -258.5,
        0,
        -497.5,
        258.5,
        0,
        497.5,
        258.5,
        0
      ],
      "indexes": [
        0,
        1,
        2,
        2,
        1,
        3
      ],
      "uv": [
        1,
        518,
        996,
        518,
        1,
        1,
        996,
        1
      ],
      "nuv": [
        0.0010030090270812437,
        0.0019267822736030828,
        0.9989969909729187,
        0.0019267822736030828,
        0.0010030090270812437,
        0.9980732177263969,
        0.9989969909729187,
        0.9980732177263969
      ],
      "minPos": {
        "x": -497.5,
        "y": -258.5,
        "z": 0
      },
      "maxPos": {
        "x": 497.5,
        "y": 258.5,
        "z": 0
      }
    },
    "texture": "3044a2d5-0e48-4a2f-aa40-276c3c73d8ef@6c48a",
    "packable": true,
    "pixelsToUnit": 100,
    "pivot": {
      "x": 0.5,
      "y": 0.5
    },
    "meshType": 0
  }
}