{
  "__type__": "cc.SpriteFrame",
  "content": {
    "name": "slot-effect",
    "atlas": "",
    "rect": {
      "x": 6,
      "y": 4,
      "width": 425,
      "height": 715
    },
    "offset": {
      "x": 1,
      "y": 1
    },
    "originalSize": {
      "width": 435,
      "height": 725
    },
    "rotated": false,
    "capInsets": [
      0,
      0,
      0,
      0
    ],
    "vertices": {
      "rawPosition": [
        -212.5,
        -357.5,
        0,
        212.5,
        -357.5,
        0,
        -212.5,
        357.5,
        0,
        212.5,
        357.5,
        0
      ],
      "indexes": [
        0,
        1,
        2,
        2,
        1,
        3
      ],
      "uv": [
        6,
        721,
        431,
        721,
        6,
        6,
        431,
        6
      ],
      "nuv": [
        0.013793103448275862,
        0.008275862068965517,
        0.9908045977011494,
        0.008275862068965517,
        0.013793103448275862,
        0.9944827586206897,
        0.9908045977011494,
        0.9944827586206897
      ],
      "minPos": {
        "x": -212.5,
        "y": -357.5,
        "z": 0
      },
      "maxPos": {
        "x": 212.5,
        "y": 357.5,
        "z": 0
      }
    },
    "texture": "5752cc03-fd18-41b8-88c0-a65194cca8c0@6c48a",
    "packable": true,
    "pixelsToUnit": 100,
    "pivot": {
      "x": 0.5,
      "y": 0.5
    },
    "meshType": 0
  }
}