{
  "__type__": "cc.SpriteFrame",
  "content": {
    "name": "Banner",
    "atlas": "",
    "rect": {
      "x": 1,
      "y": 114,
      "width": 831,
      "height": 388
    },
    "offset": {
      "x": 0.5,
      "y": -11
    },
    "originalSize": {
      "width": 832,
      "height": 594
    },
    "rotated": false,
    "capInsets": [
      0,
      0,
      0,
      0
    ],
    "vertices": {
      "rawPosition": [
        -415.5,
        -194,
        0,
        415.5,
        -194,
        0,
        -415.5,
        194,
        0,
        415.5,
        194,
        0
      ],
      "indexes": [
        0,
        1,
        2,
        2,
        1,
        3
      ],
      "uv": [
        1,
        480,
        832,
        480,
        1,
        92,
        832,
        92
      ],
      "nuv": [
        0.001201923076923077,
        0.15488215488215487,
        1,
        0.15488215488215487,
        0.001201923076923077,
        0.8080808080808081,
        1,
        0.8080808080808081
      ],
      "minPos": {
        "x": -415.5,
        "y": -194,
        "z": 0
      },
      "maxPos": {
        "x": 415.5,
        "y": 194,
        "z": 0
      }
    },
    "texture": "5792ba7a-65a6-4d7f-a2b8-978f1a1aed1e@6c48a",
    "packable": true,
    "pixelsToUnit": 100,
    "pivot": {
      "x": 0.5,
      "y": 0.5
    },
    "meshType": 0
  }
}