{
  "__type__": "cc.SpriteFrame",
  "content": {
    "name": "BanCaIcon",
    "atlas": "",
    "rect": {
      "x": 2,
      "y": 3,
      "width": 1013,
      "height": 507
    },
    "offset": {
      "x": -3.5,
      "y": -0.5
    },
    "originalSize": {
      "width": 1024,
      "height": 512
    },
    "rotated": false,
    "capInsets": [
      0,
      0,
      0,
      0
    ],
    "vertices": {
      "rawPosition": [
        -506.5,
        -253.5,
        0,
        506.5,
        -253.5,
        0,
        -506.5,
        253.5,
        0,
        506.5,
        253.5,
        0
      ],
      "indexes": [
        0,
        1,
        2,
        2,
        1,
        3
      ],
      "uv": [
        2,
        509,
        1015,
        509,
        2,
        2,
        1015,
        2
      ],
      "nuv": [
        0.001953125,
        0.00390625,
        0.9912109375,
        0.00390625,
        0.001953125,
        0.994140625,
        0.9912109375,
        0.994140625
      ],
      "minPos": {
        "x": -506.5,
        "y": -253.5,
        "z": 0
      },
      "maxPos": {
        "x": 506.5,
        "y": 253.5,
        "z": 0
      }
    },
    "texture": "57951d8c-138b-47e0-bcef-fecf77d60afe@6c48a",
    "packable": true,
    "pixelsToUnit": 100,
    "pivot": {
      "x": 0.5,
      "y": 0.5
    },
    "meshType": 0
  }
}