{
  "__type__": "cc.SpriteFrame",
  "content": {
    "name": "candy5",
    "atlas": "",
    "rect": {
      "x": 1,
      "y": 1,
      "width": 103,
      "height": 102
    },
    "offset": {
      "x": -0.5,
      "y": 0
    },
    "originalSize": {
      "width": 106,
      "height": 104
    },
    "rotated": false,
    "capInsets": [
      0,
      0,
      0,
      0
    ],
    "vertices": {
      "rawPosition": [
        -51.5,
        -51,
        0,
        51.5,
        -51,
        0,
        -51.5,
        51,
        0,
        51.5,
        51,
        0
      ],
      "indexes": [
        0,
        1,
        2,
        2,
        1,
        3
      ],
      "uv": [
        1,
        103,
        104,
        103,
        1,
        1,
        104,
        1
      ],
      "nuv": [
        0.009433962264150943,
        0.009615384615384616,
        0.9811320754716981,
        0.009615384615384616,
        0.009433962264150943,
        0.9903846153846154,
        0.9811320754716981,
        0.9903846153846154
      ],
      "minPos": {
        "x": -51.5,
        "y": -51,
        "z": 0
      },
      "maxPos": {
        "x": 51.5,
        "y": 51,
        "z": 0
      }
    },
    "texture": "57d95fea-c954-4b4d-8fa6-a157881a5bff@6c48a",
    "packable": true,
    "pixelsToUnit": 100,
    "pivot": {
      "x": 0.5,
      "y": 0.5
    },
    "meshType": 0
  }
}