{
  "__type__": "cc.SpriteFrame",
  "content": {
    "name": "aladdin_guide_34",
    "atlas": "",
    "rect": {
      "x": 0,
      "y": 0,
      "width": 674,
      "height": 276
    },
    "offset": {
      "x": -1.5,
      "y": 8.5
    },
    "originalSize": {
      "width": 677,
      "height": 293
    },
    "rotated": false,
    "capInsets": [
      0,
      0,
      0,
      0
    ],
    "vertices": {
      "rawPosition": [
        -337,
        -138,
        0,
        337,
        -138,
        0,
        -337,
        138,
        0,
        337,
        138,
        0
      ],
      "indexes": [
        0,
        1,
        2,
        2,
        1,
        3
      ],
      "uv": [
        0,
        293,
        674,
        293,
        0,
        17,
        674,
        17
      ],
      "nuv": [
        0,
        0.05802047781569966,
        0.9955686853766618,
        0.05802047781569966,
        0,
        1,
        0.9955686853766618,
        1
      ],
      "minPos": {
        "x": -337,
        "y": -138,
        "z": 0
      },
      "maxPos": {
        "x": 337,
        "y": 138,
        "z": 0
      }
    },
    "texture": "f465ad1d-2ffa-42f6-b0e7-beaf695b00c8@6c48a",
    "packable": true,
    "pixelsToUnit": 100,
    "pivot": {
      "x": 0.5,
      "y": 0.5
    },
    "meshType": 0
  }
}