{
  "__type__": "cc.SpriteFrame",
  "content": {
    "name": "8",
    "atlas": "",
    "rect": {
      "x": 22,
      "y": 52,
      "width": 759,
      "height": 361
    },
    "offset": {
      "x": -25,
      "y": -5.5
    },
    "originalSize": {
      "width": 853,
      "height": 454
    },
    "rotated": false,
    "capInsets": [
      0,
      0,
      0,
      0
    ],
    "vertices": {
      "rawPosition": [
        -379.5,
        -180.5,
        0,
        379.5,
        -180.5,
        0,
        -379.5,
        180.5,
        0,
        379.5,
        180.5,
        0
      ],
      "indexes": [
        0,
        1,
        2,
        2,
        1,
        3
      ],
      "uv": [
        22,
        402,
        781,
        402,
        22,
        41,
        781,
        41
      ],
      "nuv": [
        0.02579132473622509,
        0.09030837004405286,
        0.9155920281359906,
        0.09030837004405286,
        0.02579132473622509,
        0.8854625550660793,
        0.9155920281359906,
        0.8854625550660793
      ],
      "minPos": {
        "x": -379.5,
        "y": -180.5,
        "z": 0
      },
      "maxPos": {
        "x": 379.5,
        "y": 180.5,
        "z": 0
      }
    },
    "texture": "f4cb3bec-5484-4236-8297-2374ca4b0bc7@6c48a",
    "packable": true,
    "pixelsToUnit": 100,
    "pivot": {
      "x": 0.5,
      "y": 0.5
    },
    "meshType": 0
  }
}