{
  "__type__": "cc.SpriteFrame",
  "content": {
    "name": "line11",
    "atlas": "",
    "rect": {
      "x": 294,
      "y": 40,
      "width": 986,
      "height": 578
    },
    "offset": {
      "x": 147,
      "y": 31
    },
    "originalSize": {
      "width": 1280,
      "height": 720
    },
    "rotated": false,
    "capInsets": [
      0,
      0,
      0,
      0
    ],
    "vertices": {
      "rawPosition": [
        -493,
        -289,
        0,
        493,
        -289,
        0,
        -493,
        289,
        0,
        493,
        289,
        0
      ],
      "indexes": [
        0,
        1,
        2,
        2,
        1,
        3
      ],
      "uv": [
        294,
        680,
        1280,
        680,
        294,
        102,
        1280,
        102
      ],
      "nuv": [
        0.2296875,
        0.14166666666666666,
        1,
        0.14166666666666666,
        0.2296875,
        0.9444444444444444,
        1,
        0.9444444444444444
      ],
      "minPos": {
        "x": -493,
        "y": -289,
        "z": 0
      },
      "maxPos": {
        "x": 493,
        "y": 289,
        "z": 0
      }
    },
    "texture": "a05472c8-e281-477b-bb67-0875e74d6410@6c48a",
    "packable": true,
    "pixelsToUnit": 100,
    "pivot": {
      "x": 0.5,
      "y": 0.5
    },
    "meshType": 0
  }
}