{
  "__type__": "cc.SpriteFrame",
  "content": {
    "name": "kyby_chibang6_tex",
    "atlas": "",
    "rect": {
      "x": 1,
      "y": 1,
      "width": 842,
      "height": 991
    },
    "offset": {
      "x": -90,
      "y": 15.5
    },
    "originalSize": {
      "width": 1024,
      "height": 1024
    },
    "rotated": false,
    "capInsets": [
      0,
      0,
      0,
      0
    ],
    "vertices": {
      "rawPosition": [
        -421,
        -495.5,
        0,
        421,
        -495.5,
        0,
        -421,
        495.5,
        0,
        421,
        495.5,
        0
      ],
      "indexes": [
        0,
        1,
        2,
        2,
        1,
        3
      ],
      "uv": [
        1,
        1023,
        843,
        1023,
        1,
        32,
        843,
        32
      ],
      "nuv": [
        0.0009765625,
        0.03125,
        0.8232421875,
        0.03125,
        0.0009765625,
        0.9990234375,
        0.8232421875,
        0.9990234375
      ],
      "minPos": {
        "x": -421,
        "y": -495.5,
        "z": 0
      },
      "maxPos": {
        "x": 421,
        "y": 495.5,
        "z": 0
      }
    },
    "texture": "a055c934-b65d-4a3a-bcb2-f5e722270ec3@6c48a",
    "packable": true,
    "pixelsToUnit": 100,
    "pivot": {
      "x": 0.5,
      "y": 0.5
    },
    "meshType": 0
  }
}