{
  "__type__": "cc.SpriteFrame",
  "content": {
    "name": "RoyalCasino",
    "atlas": "",
    "rect": {
      "x": 1,
      "y": 1,
      "width": 2022,
      "height": 1022
    },
    "offset": {
      "x": -12,
      "y": 0
    },
    "originalSize": {
      "width": 2048,
      "height": 1024
    },
    "rotated": false,
    "capInsets": [
      0,
      0,
      0,
      0
    ],
    "vertices": {
      "rawPosition": [
        -1011,
        -511,
        0,
        1011,
        -511,
        0,
        -1011,
        511,
        0,
        1011,
        511,
        0
      ],
      "indexes": [
        0,
        1,
        2,
        2,
        1,
        3
      ],
      "uv": [
        1,
        1023,
        2023,
        1023,
        1,
        1,
        2023,
        1
      ],
      "nuv": [
        0.00048828125,
        0.0009765625,
        0.98779296875,
        0.0009765625,
        0.00048828125,
        0.9990234375,
        0.98779296875,
        0.9990234375
      ],
      "minPos": {
        "x": -1011,
        "y": -511,
        "z": 0
      },
      "maxPos": {
        "x": 1011,
        "y": 511,
        "z": 0
      }
    },
    "texture": "7e848c3e-2cfd-4f89-9694-790c194db72b@6c48a",
    "packable": true,
    "pixelsToUnit": 100,
    "pivot": {
      "x": 0.5,
      "y": 0.5
    },
    "meshType": 0
  }
}