{
  "__type__": "cc.SpriteFrame",
  "content": {
    "name": "skeleton",
    "atlas": "",
    "rect": {
      "x": 2,
      "y": 2,
      "width": 961,
      "height": 527
    },
    "offset": {
      "x": 0,
      "y": 0
    },
    "originalSize": {
      "width": 965,
      "height": 531
    },
    "rotated": false,
    "capInsets": [
      0,
      0,
      0,
      0
    ],
    "vertices": {
      "rawPosition": [
        -480.5,
        -263.5,
        0,
        480.5,
        -263.5,
        0,
        -480.5,
        263.5,
        0,
        480.5,
        263.5,
        0
      ],
      "indexes": [
        0,
        1,
        2,
        2,
        1,
        3
      ],
      "uv": [
        2,
        529,
        963,
        529,
        2,
        2,
        963,
        2
      ],
      "nuv": [
        0.002072538860103627,
        0.003766478342749529,
        0.9979274611398964,
        0.003766478342749529,
        0.002072538860103627,
        0.9962335216572504,
        0.9979274611398964,
        0.9962335216572504
      ],
      "minPos": {
        "x": -480.5,
        "y": -263.5,
        "z": 0
      },
      "maxPos": {
        "x": 480.5,
        "y": 263.5,
        "z": 0
      }
    },
    "texture": "5814ea18-10c1-4bd0-9ddd-75036be656f0@6c48a",
    "packable": true,
    "pixelsToUnit": 100,
    "pivot": {
      "x": 0.5,
      "y": 0.5
    },
    "meshType": 0
  }
}