{
  "__type__": "cc.SpriteFrame",
  "content": {
    "name": "4392b918-2fe7-4fc1-86bc-7f74358a69b1",
    "atlas": "",
    "rect": {
      "x": 0,
      "y": 1,
      "width": 110,
      "height": 88
    },
    "offset": {
      "x": -0.5,
      "y": -0.5
    },
    "originalSize": {
      "width": 111,
      "height": 89
    },
    "rotated": false,
    "capInsets": [
      0,
      0,
      0,
      0
    ],
    "vertices": {
      "rawPosition": [
        -55,
        -44,
        0,
        55,
        -44,
        0,
        -55,
        44,
        0,
        55,
        44,
        0
      ],
      "indexes": [
        0,
        1,
        2,
        2,
        1,
        3
      ],
      "uv": [
        0,
        88,
        110,
        88,
        0,
        0,
        110,
        0
      ],
      "nuv": [
        0,
        0,
        0.990990990990991,
        0,
        0,
        0.9887640449438202,
        0.990990990990991,
        0.9887640449438202
      ],
      "minPos": {
        "x": -55,
        "y": -44,
        "z": 0
      },
      "maxPos": {
        "x": 55,
        "y": 44,
        "z": 0
      }
    },
    "texture": "583144c6-3d08-4833-b30d-b639b26854bf@6c48a",
    "packable": true,
    "pixelsToUnit": 100,
    "pivot": {
      "x": 0.5,
      "y": 0.5
    },
    "meshType": 0
  }
}