{
  "__type__": "cc.SpriteFrame",
  "content": {
    "name": "NOHUTHANGLON",
    "atlas": "",
    "rect": {
      "x": 2,
      "y": 2,
      "width": 4092,
      "height": 4077
    },
    "offset": {
      "x": 0,
      "y": 7.5
    },
    "originalSize": {
      "width": 4096,
      "height": 4096
    },
    "rotated": false,
    "capInsets": [
      0,
      0,
      0,
      0
    ],
    "vertices": {
      "rawPosition": [
        -2046,
        -2038.5,
        0,
        2046,
        -2038.5,
        0,
        -2046,
        2038.5,
        0,
        2046,
        2038.5,
        0
      ],
      "indexes": [
        0,
        1,
        2,
        2,
        1,
        3
      ],
      "uv": [
        2,
        4094,
        4094,
        4094,
        2,
        17,
        4094,
        17
      ],
      "nuv": [
        0.00048828125,
        0.004150390625,
        0.99951171875,
        0.004150390625,
        0.00048828125,
        0.99951171875,
        0.99951171875,
        0.99951171875
      ],
      "minPos": {
        "x": -2046,
        "y": -2038.5,
        "z": 0
      },
      "maxPos": {
        "x": 2046,
        "y": 2038.5,
        "z": 0
      }
    },
    "texture": "584e34fa-ebc7-4fed-a39d-b993abfe128d@6c48a",
    "packable": true,
    "pixelsToUnit": 100,
    "pivot": {
      "x": 0.5,
      "y": 0.5
    },
    "meshType": 0
  }
}