{
  "__type__": "cc.SpriteFrame",
  "content": {
    "name": "KHUNG",
    "atlas": "",
    "rect": {
      "x": 2,
      "y": 0,
      "width": 1270,
      "height": 723
    },
    "offset": {
      "x": 1,
      "y": 0
    },
    "originalSize": {
      "width": 1272,
      "height": 723
    },
    "rotated": false,
    "capInsets": [
      0,
      0,
      0,
      0
    ],
    "vertices": {
      "rawPosition": [
        -635,
        -361.5,
        0,
        635,
        -361.5,
        0,
        -635,
        361.5,
        0,
        635,
        361.5,
        0
      ],
      "indexes": [
        0,
        1,
        2,
        2,
        1,
        3
      ],
      "uv": [
        2,
        723,
        1272,
        723,
        2,
        0,
        1272,
        0
      ],
      "nuv": [
        0.0015723270440251573,
        0,
        1,
        0,
        0.0015723270440251573,
        1,
        1,
        1
      ],
      "minPos": {
        "x": -635,
        "y": -361.5,
        "z": 0
      },
      "maxPos": {
        "x": 635,
        "y": 361.5,
        "z": 0
      }
    },
    "texture": "588d28dd-3645-45b4-946c-70df8c44c223@6c48a",
    "packable": true,
    "pixelsToUnit": 100,
    "pivot": {
      "x": 0.5,
      "y": 0.5
    },
    "meshType": 0
  }
}