{
  "__type__": "cc.SpriteFrame",
  "content": {
    "name": "font_time_tai-xiu",
    "atlas": "",
    "rect": {
      "x": 2,
      "y": 2,
      "width": 65,
      "height": 273
    },
    "offset": {
      "x": 0,
      "y": 0
    },
    "originalSize": {
      "width": 69,
      "height": 277
    },
    "rotated": false,
    "capInsets": [
      0,
      0,
      0,
      0
    ],
    "vertices": {
      "rawPosition": [
        -32.5,
        -136.5,
        0,
        32.5,
        -136.5,
        0,
        -32.5,
        136.5,
        0,
        32.5,
        136.5,
        0
      ],
      "indexes": [
        0,
        1,
        2,
        2,
        1,
        3
      ],
      "uv": [
        2,
        275,
        67,
        275,
        2,
        2,
        67,
        2
      ],
      "nuv": [
        0.028985507246376812,
        0.007220216606498195,
        0.9710144927536232,
        0.007220216606498195,
        0.028985507246376812,
        0.9927797833935018,
        0.9710144927536232,
        0.9927797833935018
      ],
      "minPos": {
        "x": -32.5,
        "y": -136.5,
        "z": 0
      },
      "maxPos": {
        "x": 32.5,
        "y": 136.5,
        "z": 0
      }
    },
    "texture": "4441f205-e249-401f-9bf2-8bb9619d82a1@6c48a",
    "packable": true,
    "pixelsToUnit": 100,
    "pivot": {
      "x": 0.5,
      "y": 0.5
    },
    "meshType": 0
  }
}