{
  "__type__": "cc.SpriteFrame",
  "content": {
    "name": "kyby_zidan1-hit_tex",
    "atlas": "",
    "rect": {
      "x": 15,
      "y": 1,
      "width": 985,
      "height": 884
    },
    "offset": {
      "x": -4.5,
      "y": 69
    },
    "originalSize": {
      "width": 1024,
      "height": 1024
    },
    "rotated": false,
    "capInsets": [
      0,
      0,
      0,
      0
    ],
    "vertices": {
      "rawPosition": [
        -492.5,
        -442,
        0,
        492.5,
        -442,
        0,
        -492.5,
        442,
        0,
        492.5,
        442,
        0
      ],
      "indexes": [
        0,
        1,
        2,
        2,
        1,
        3
      ],
      "uv": [
        15,
        1023,
        1000,
        1023,
        15,
        139,
        1000,
        139
      ],
      "nuv": [
        0.0146484375,
        0.1357421875,
        0.9765625,
        0.1357421875,
        0.0146484375,
        0.9990234375,
        0.9765625,
        0.9990234375
      ],
      "minPos": {
        "x": -492.5,
        "y": -442,
        "z": 0
      },
      "maxPos": {
        "x": 492.5,
        "y": 442,
        "z": 0
      }
    },
    "texture": "e1404b2d-134e-4880-b2cf-dec37af87a7f@6c48a",
    "packable": true,
    "pixelsToUnit": 100,
    "pivot": {
      "x": 0.5,
      "y": 0.5
    },
    "meshType": 0
  }
}