{
  "__type__": "cc.SpriteFrame",
  "content": {
    "name": "popup",
    "atlas": "",
    "rect": {
      "x": 1,
      "y": 1,
      "width": 379,
      "height": 275
    },
    "offset": {
      "x": 0,
      "y": 0
    },
    "originalSize": {
      "width": 381,
      "height": 277
    },
    "rotated": false,
    "capInsets": [
      0,
      0,
      0,
      0
    ],
    "vertices": {
      "rawPosition": [
        -189.5,
        -137.5,
        0,
        189.5,
        -137.5,
        0,
        -189.5,
        137.5,
        0,
        189.5,
        137.5,
        0
      ],
      "indexes": [
        0,
        1,
        2,
        2,
        1,
        3
      ],
      "uv": [
        1,
        276,
        380,
        276,
        1,
        1,
        380,
        1
      ],
      "nuv": [
        0.0026246719160104987,
        0.0036101083032490976,
        0.9973753280839895,
        0.0036101083032490976,
        0.0026246719160104987,
        0.9963898916967509,
        0.9973753280839895,
        0.9963898916967509
      ],
      "minPos": {
        "x": -189.5,
        "y": -137.5,
        "z": 0
      },
      "maxPos": {
        "x": 189.5,
        "y": 137.5,
        "z": 0
      }
    },
    "texture": "e1532e88-b71a-44f4-bf34-8014eb59e069@6c48a",
    "packable": true,
    "pixelsToUnit": 100,
    "pivot": {
      "x": 0.5,
      "y": 0.5
    },
    "meshType": 0
  }
}