{
  "__type__": "cc.SpriteFrame",
  "content": {
    "name": "aladdin_bigwin",
    "atlas": "",
    "rect": {
      "x": 0,
      "y": 0,
      "width": 684,
      "height": 593
    },
    "offset": {
      "x": -0.5,
      "y": 0.5
    },
    "originalSize": {
      "width": 685,
      "height": 594
    },
    "rotated": false,
    "capInsets": [
      0,
      0,
      0,
      0
    ],
    "vertices": {
      "rawPosition": [
        -342,
        -296.5,
        0,
        342,
        -296.5,
        0,
        -342,
        296.5,
        0,
        342,
        296.5,
        0
      ],
      "indexes": [
        0,
        1,
        2,
        2,
        1,
        3
      ],
      "uv": [
        0,
        594,
        684,
        594,
        0,
        1,
        684,
        1
      ],
      "nuv": [
        0,
        0.0016835016835016834,
        0.9985401459854014,
        0.0016835016835016834,
        0,
        1,
        0.9985401459854014,
        1
      ],
      "minPos": {
        "x": -342,
        "y": -296.5,
        "z": 0
      },
      "maxPos": {
        "x": 342,
        "y": 296.5,
        "z": 0
      }
    },
    "texture": "e1b20dad-10d3-4d73-8503-7840f1ce2f4a@6c48a",
    "packable": true,
    "pixelsToUnit": 100,
    "pivot": {
      "x": 0.5,
      "y": 0.5
    },
    "meshType": 0
  }
}