{
  "__type__": "cc.SpriteFrame",
  "content": {
    "name": "10",
    "atlas": "",
    "rect": {
      "x": 197,
      "y": 180,
      "width": 791,
      "height": 359
    },
    "offset": {
      "x": -47.5,
      "y": 0.5
    },
    "originalSize": {
      "width": 1280,
      "height": 720
    },
    "rotated": false,
    "capInsets": [
      0,
      0,
      0,
      0
    ],
    "vertices": {
      "rawPosition": [
        -395.5,
        -179.5,
        0,
        395.5,
        -179.5,
        0,
        -395.5,
        179.5,
        0,
        395.5,
        179.5,
        0
      ],
      "indexes": [
        0,
        1,
        2,
        2,
        1,
        3
      ],
      "uv": [
        197,
        540,
        988,
        540,
        197,
        181,
        988,
        181
      ],
      "nuv": [
        0.15390625,
        0.2513888888888889,
        0.771875,
        0.2513888888888889,
        0.15390625,
        0.75,
        0.771875,
        0.75
      ],
      "minPos": {
        "x": -395.5,
        "y": -179.5,
        "z": 0
      },
      "maxPos": {
        "x": 395.5,
        "y": 179.5,
        "z": 0
      }
    },
    "texture": "e1b94027-a73b-4bd7-b2f7-a745fc81b871@6c48a",
    "packable": true,
    "pixelsToUnit": 100,
    "pivot": {
      "x": 0.5,
      "y": 0.5
    },
    "meshType": 0
  }
}