{
  "__type__": "cc.SpriteFrame",
  "content": {
    "name": "icon slot",
    "atlas": "",
    "rect": {
      "x": 2,
      "y": 2,
      "width": 234,
      "height": 75
    },
    "offset": {
      "x": -9,
      "y": 24.5
    },
    "originalSize": {
      "width": 256,
      "height": 128
    },
    "rotated": false,
    "capInsets": [
      0,
      0,
      0,
      0
    ],
    "vertices": {
      "rawPosition": [
        -117,
        -37.5,
        0,
        117,
        -37.5,
        0,
        -117,
        37.5,
        0,
        117,
        37.5,
        0
      ],
      "indexes": [
        0,
        1,
        2,
        2,
        1,
        3
      ],
      "uv": [
        2,
        126,
        236,
        126,
        2,
        51,
        236,
        51
      ],
      "nuv": [
        0.0078125,
        0.3984375,
        0.921875,
        0.3984375,
        0.0078125,
        0.984375,
        0.921875,
        0.984375
      ],
      "minPos": {
        "x": -117,
        "y": -37.5,
        "z": 0
      },
      "maxPos": {
        "x": 117,
        "y": 37.5,
        "z": 0
      }
    },
    "texture": "d057f368-76e3-4c42-a03d-a65dc7244b12@6c48a",
    "packable": true,
    "pixelsToUnit": 100,
    "pivot": {
      "x": 0.5,
      "y": 0.5
    },
    "meshType": 0
  }
}