{
  "__type__": "cc.SpriteFrame",
  "content": {
    "name": "trangtri",
    "atlas": "",
    "rect": {
      "x": 0,
      "y": 0,
      "width": 1076,
      "height": 104
    },
    "offset": {
      "x": 0,
      "y": 0.5
    },
    "originalSize": {
      "width": 1076,
      "height": 105
    },
    "rotated": false,
    "capInsets": [
      0,
      0,
      0,
      0
    ],
    "vertices": {
      "rawPosition": [
        -538,
        -52,
        0,
        538,
        -52,
        0,
        -538,
        52,
        0,
        538,
        52,
        0
      ],
      "indexes": [
        0,
        1,
        2,
        2,
        1,
        3
      ],
      "uv": [
        0,
        105,
        1076,
        105,
        0,
        1,
        1076,
        1
      ],
      "nuv": [
        0,
        0.009523809523809525,
        1,
        0.009523809523809525,
        0,
        1,
        1,
        1
      ],
      "minPos": {
        "x": -538,
        "y": -52,
        "z": 0
      },
      "maxPos": {
        "x": 538,
        "y": 52,
        "z": 0
      }
    },
    "texture": "d09044dc-4a9c-468f-b3ed-06f5a0c6bf52@6c48a",
    "packable": true,
    "pixelsToUnit": 100,
    "pivot": {
      "x": 0.5,
      "y": 0.5
    },
    "meshType": 0
  }
}