{
  "__type__": "cc.SpriteFrame",
  "content": {
    "name": "TX",
    "atlas": "",
    "rect": {
      "x": 0,
      "y": 0,
      "width": 497,
      "height": 330
    },
    "offset": {
      "x": -2,
      "y": 5.5
    },
    "originalSize": {
      "width": 501,
      "height": 341
    },
    "rotated": false,
    "capInsets": [
      0,
      0,
      0,
      0
    ],
    "vertices": {
      "rawPosition": [
        -248.5,
        -165,
        0,
        248.5,
        -165,
        0,
        -248.5,
        165,
        0,
        248.5,
        165,
        0
      ],
      "indexes": [
        0,
        1,
        2,
        2,
        1,
        3
      ],
      "uv": [
        0,
        341,
        497,
        341,
        0,
        11,
        497,
        11
      ],
      "nuv": [
        0,
        0.03225806451612903,
        0.9920159680638723,
        0.03225806451612903,
        0,
        1,
        0.9920159680638723,
        1
      ],
      "minPos": {
        "x": -248.5,
        "y": -165,
        "z": 0
      },
      "maxPos": {
        "x": 248.5,
        "y": 165,
        "z": 0
      }
    },
    "texture": "d0c4244b-10c9-4379-b3fc-c04ca5c1acc6@6c48a",
    "packable": true,
    "pixelsToUnit": 100,
    "pivot": {
      "x": 0.5,
      "y": 0.5
    },
    "meshType": 0
  }
}