{
  "__type__": "cc.SpriteFrame",
  "content": {
    "name": "fish_icon_shiziyu",
    "atlas": "",
    "rect": {
      "x": 4,
      "y": 3,
      "width": 80,
      "height": 65
    },
    "offset": {
      "x": 0,
      "y": -0.5
    },
    "originalSize": {
      "width": 88,
      "height": 70
    },
    "rotated": false,
    "capInsets": [
      0,
      0,
      0,
      0
    ],
    "vertices": {
      "rawPosition": [
        -40,
        -32.5,
        0,
        40,
        -32.5,
        0,
        -40,
        32.5,
        0,
        40,
        32.5,
        0
      ],
      "indexes": [
        0,
        1,
        2,
        2,
        1,
        3
      ],
      "uv": [
        4,
        67,
        84,
        67,
        4,
        2,
        84,
        2
      ],
      "nuv": [
        0.045454545454545456,
        0.02857142857142857,
        0.9545454545454546,
        0.02857142857142857,
        0.045454545454545456,
        0.9571428571428572,
        0.9545454545454546,
        0.9571428571428572
      ],
      "minPos": {
        "x": -40,
        "y": -32.5,
        "z": 0
      },
      "maxPos": {
        "x": 40,
        "y": 32.5,
        "z": 0
      }
    },
    "texture": "276043ca-cf2b-40b6-bef0-831cc5afca24@6c48a",
    "packable": true,
    "pixelsToUnit": 100,
    "pivot": {
      "x": 0.5,
      "y": 0.5
    },
    "meshType": 0
  }
}