{
  "__type__": "cc.SpriteFrame",
  "content": {
    "name": "btn_1",
    "atlas": "",
    "rect": {
      "x": 1,
      "y": 1,
      "width": 305,
      "height": 118
    },
    "offset": {
      "x": 0,
      "y": 0
    },
    "originalSize": {
      "width": 307,
      "height": 120
    },
    "rotated": false,
    "capInsets": [
      0,
      0,
      0,
      0
    ],
    "vertices": {
      "rawPosition": [
        -152.5,
        -59,
        0,
        152.5,
        -59,
        0,
        -152.5,
        59,
        0,
        152.5,
        59,
        0
      ],
      "indexes": [
        0,
        1,
        2,
        2,
        1,
        3
      ],
      "uv": [
        1,
        119,
        306,
        119,
        1,
        1,
        306,
        1
      ],
      "nuv": [
        0.003257328990228013,
        0.008333333333333333,
        0.996742671009772,
        0.008333333333333333,
        0.003257328990228013,
        0.9916666666666667,
        0.996742671009772,
        0.9916666666666667
      ],
      "minPos": {
        "x": -152.5,
        "y": -59,
        "z": 0
      },
      "maxPos": {
        "x": 152.5,
        "y": 59,
        "z": 0
      }
    },
    "texture": "276e1f59-d410-4eea-b0d9-074ffeea5f04@6c48a",
    "packable": true,
    "pixelsToUnit": 100,
    "pivot": {
      "x": 0.5,
      "y": 0.5
    },
    "meshType": 0
  }
}