{
  "__type__": "cc.SpriteFrame",
  "content": {
    "name": "CAI_SHEN",
    "atlas": "",
    "rect": {
      "x": 2,
      "y": 4,
      "width": 563,
      "height": 1018
    },
    "offset": {
      "x": -228.5,
      "y": -1
    },
    "originalSize": {
      "width": 1024,
      "height": 1024
    },
    "rotated": false,
    "capInsets": [
      0,
      0,
      0,
      0
    ],
    "vertices": {
      "rawPosition": [
        -281.5,
        -509,
        0,
        281.5,
        -509,
        0,
        -281.5,
        509,
        0,
        281.5,
        509,
        0
      ],
      "indexes": [
        0,
        1,
        2,
        2,
        1,
        3
      ],
      "uv": [
        2,
        1020,
        565,
        1020,
        2,
        2,
        565,
        2
      ],
      "nuv": [
        0.001953125,
        0.001953125,
        0.5517578125,
        0.001953125,
        0.001953125,
        0.99609375,
        0.5517578125,
        0.99609375
      ],
      "minPos": {
        "x": -281.5,
        "y": -509,
        "z": 0
      },
      "maxPos": {
        "x": 281.5,
        "y": 509,
        "z": 0
      }
    },
    "texture": "27da077a-e00a-47e5-a944-e634a79a6603@6c48a",
    "packable": true,
    "pixelsToUnit": 100,
    "pivot": {
      "x": 0.5,
      "y": 0.5
    },
    "meshType": 0
  }
}