{
  "__type__": "cc.SpriteFrame",
  "content": {
    "name": "KungfuPanda",
    "atlas": "",
    "rect": {
      "x": 1,
      "y": 1,
      "width": 663,
      "height": 503
    },
    "offset": {
      "x": -179.5,
      "y": 3.5
    },
    "originalSize": {
      "width": 1024,
      "height": 512
    },
    "rotated": false,
    "capInsets": [
      0,
      0,
      0,
      0
    ],
    "vertices": {
      "rawPosition": [
        -331.5,
        -251.5,
        0,
        331.5,
        -251.5,
        0,
        -331.5,
        251.5,
        0,
        331.5,
        251.5,
        0
      ],
      "indexes": [
        0,
        1,
        2,
        2,
        1,
        3
      ],
      "uv": [
        1,
        511,
        664,
        511,
        1,
        8,
        664,
        8
      ],
      "nuv": [
        0.0009765625,
        0.015625,
        0.6484375,
        0.015625,
        0.0009765625,
        0.998046875,
        0.6484375,
        0.998046875
      ],
      "minPos": {
        "x": -331.5,
        "y": -251.5,
        "z": 0
      },
      "maxPos": {
        "x": 331.5,
        "y": 251.5,
        "z": 0
      }
    },
    "texture": "012a9c34-10b3-4b92-b896-1f1b16f22f30@6c48a",
    "packable": true,
    "pixelsToUnit": 100,
    "pivot": {
      "x": 0.5,
      "y": 0.5
    },
    "meshType": 0
  }
}