{
  "__type__": "cc.SpriteFrame",
  "content": {
    "name": "baolongwang_shadow_tex",
    "atlas": "",
    "rect": {
      "x": 1,
      "y": 1,
      "width": 1736,
      "height": 2033
    },
    "offset": {
      "x": -155,
      "y": 6.5
    },
    "originalSize": {
      "width": 2048,
      "height": 2048
    },
    "rotated": false,
    "capInsets": [
      0,
      0,
      0,
      0
    ],
    "vertices": {
      "rawPosition": [
        -868,
        -1016.5,
        0,
        868,
        -1016.5,
        0,
        -868,
        1016.5,
        0,
        868,
        1016.5,
        0
      ],
      "indexes": [
        0,
        1,
        2,
        2,
        1,
        3
      ],
      "uv": [
        1,
        2047,
        1737,
        2047,
        1,
        14,
        1737,
        14
      ],
      "nuv": [
        0.00048828125,
        0.0068359375,
        0.84814453125,
        0.0068359375,
        0.00048828125,
        0.99951171875,
        0.84814453125,
        0.99951171875
      ],
      "minPos": {
        "x": -868,
        "y": -1016.5,
        "z": 0
      },
      "maxPos": {
        "x": 868,
        "y": 1016.5,
        "z": 0
      }
    },
    "texture": "01818dea-40c7-48b4-93fe-5f20bf37a66d@6c48a",
    "packable": true,
    "pixelsToUnit": 100,
    "pivot": {
      "x": 0.5,
      "y": 0.5
    },
    "meshType": 0
  }
}