{
  "__type__": "cc.SpriteFrame",
  "content": {
    "name": "haigui_tex",
    "atlas": "",
    "rect": {
      "x": 1,
      "y": 1,
      "width": 474,
      "height": 691
    },
    "offset": {
      "x": -18,
      "y": 165.5
    },
    "originalSize": {
      "width": 512,
      "height": 1024
    },
    "rotated": false,
    "capInsets": [
      0,
      0,
      0,
      0
    ],
    "vertices": {
      "rawPosition": [
        -237,
        -345.5,
        0,
        237,
        -345.5,
        0,
        -237,
        345.5,
        0,
        237,
        345.5,
        0
      ],
      "indexes": [
        0,
        1,
        2,
        2,
        1,
        3
      ],
      "uv": [
        1,
        1023,
        475,
        1023,
        1,
        332,
        475,
        332
      ],
      "nuv": [
        0.001953125,
        0.32421875,
        0.927734375,
        0.32421875,
        0.001953125,
        0.9990234375,
        0.927734375,
        0.9990234375
      ],
      "minPos": {
        "x": -237,
        "y": -345.5,
        "z": 0
      },
      "maxPos": {
        "x": 237,
        "y": 345.5,
        "z": 0
      }
    },
    "texture": "01e1705c-759e-4fd8-9734-498d2dfcfce2@6c48a",
    "packable": true,
    "pixelsToUnit": 100,
    "pivot": {
      "x": 0.5,
      "y": 0.5
    },
    "meshType": 0
  }
}