{
  "__type__": "cc.SpriteFrame",
  "content": {
    "name": "LineColumn",
    "atlas": "",
    "rect": {
      "x": 0,
      "y": 0,
      "width": 77,
      "height": 579
    },
    "offset": {
      "x": 0,
      "y": 0.5
    },
    "originalSize": {
      "width": 77,
      "height": 580
    },
    "rotated": false,
    "capInsets": [
      0,
      0,
      0,
      0
    ],
    "vertices": {
      "rawPosition": [
        -38.5,
        -289.5,
        0,
        38.5,
        -289.5,
        0,
        -38.5,
        289.5,
        0,
        38.5,
        289.5,
        0
      ],
      "indexes": [
        0,
        1,
        2,
        2,
        1,
        3
      ],
      "uv": [
        0,
        580,
        77,
        580,
        0,
        1,
        77,
        1
      ],
      "nuv": [
        0,
        0.0017241379310344827,
        1,
        0.0017241379310344827,
        0,
        1,
        1,
        1
      ],
      "minPos": {
        "x": -38.5,
        "y": -289.5,
        "z": 0
      },
      "maxPos": {
        "x": 38.5,
        "y": 289.5,
        "z": 0
      }
    },
    "texture": "c3548879-4cc6-45cd-890c-c08285815632@6c48a",
    "packable": true,
    "pixelsToUnit": 100,
    "pivot": {
      "x": 0.5,
      "y": 0.5
    },
    "meshType": 0
  }
}