{
  "__type__": "cc.SpriteFrame",
  "content": {
    "name": "icon slot",
    "atlas": "",
    "rect": {
      "x": 2,
      "y": 2,
      "width": 174,
      "height": 119
    },
    "offset": {
      "x": -39,
      "y": 2.5
    },
    "originalSize": {
      "width": 256,
      "height": 128
    },
    "rotated": false,
    "capInsets": [
      0,
      0,
      0,
      0
    ],
    "vertices": {
      "rawPosition": [
        -87,
        -59.5,
        0,
        87,
        -59.5,
        0,
        -87,
        59.5,
        0,
        87,
        59.5,
        0
      ],
      "indexes": [
        0,
        1,
        2,
        2,
        1,
        3
      ],
      "uv": [
        2,
        126,
        176,
        126,
        2,
        7,
        176,
        7
      ],
      "nuv": [
        0.0078125,
        0.0546875,
        0.6875,
        0.0546875,
        0.0078125,
        0.984375,
        0.6875,
        0.984375
      ],
      "minPos": {
        "x": -87,
        "y": -59.5,
        "z": 0
      },
      "maxPos": {
        "x": 87,
        "y": 59.5,
        "z": 0
      }
    },
    "texture": "c0090bc2-e331-4f02-994b-0b4e51d03c3f@6c48a",
    "packable": true,
    "pixelsToUnit": 100,
    "pivot": {
      "x": 0.5,
      "y": 0.5
    },
    "meshType": 0
  }
}