{
  "__type__": "cc.SpriteFrame",
  "content": {
    "name": "TaiXiu",
    "atlas": "",
    "rect": {
      "x": 1,
      "y": 1,
      "width": 1882,
      "height": 1442
    },
    "offset": {
      "x": -82,
      "y": 302
    },
    "originalSize": {
      "width": 2048,
      "height": 2048
    },
    "rotated": false,
    "capInsets": [
      0,
      0,
      0,
      0
    ],
    "vertices": {
      "rawPosition": [
        -941,
        -721,
        0,
        941,
        -721,
        0,
        -941,
        721,
        0,
        941,
        721,
        0
      ],
      "indexes": [
        0,
        1,
        2,
        2,
        1,
        3
      ],
      "uv": [
        1,
        2047,
        1883,
        2047,
        1,
        605,
        1883,
        605
      ],
      "nuv": [
        0.00048828125,
        0.29541015625,
        0.91943359375,
        0.29541015625,
        0.00048828125,
        0.99951171875,
        0.91943359375,
        0.99951171875
      ],
      "minPos": {
        "x": -941,
        "y": -721,
        "z": 0
      },
      "maxPos": {
        "x": 941,
        "y": 721,
        "z": 0
      }
    },
    "texture": "c0ba8d0f-9e85-4b9f-a021-8fb9274a007a@6c48a",
    "packable": true,
    "pixelsToUnit": 100,
    "pivot": {
      "x": 0.5,
      "y": 0.5
    },
    "meshType": 0
  }
}