{
  "__type__": "cc.SpriteFrame",
  "content": {
    "name": "line10",
    "atlas": "",
    "rect": {
      "x": 188,
      "y": 36,
      "width": 1021,
      "height": 578
    },
    "offset": {
      "x": 58.5,
      "y": 35
    },
    "originalSize": {
      "width": 1280,
      "height": 720
    },
    "rotated": false,
    "capInsets": [
      0,
      0,
      0,
      0
    ],
    "vertices": {
      "rawPosition": [
        -510.5,
        -289,
        0,
        510.5,
        -289,
        0,
        -510.5,
        289,
        0,
        510.5,
        289,
        0
      ],
      "indexes": [
        0,
        1,
        2,
        2,
        1,
        3
      ],
      "uv": [
        188,
        684,
        1209,
        684,
        188,
        106,
        1209,
        106
      ],
      "nuv": [
        0.146875,
        0.14722222222222223,
        0.94453125,
        0.14722222222222223,
        0.146875,
        0.95,
        0.94453125,
        0.95
      ],
      "minPos": {
        "x": -510.5,
        "y": -289,
        "z": 0
      },
      "maxPos": {
        "x": 510.5,
        "y": 289,
        "z": 0
      }
    },
    "texture": "dac6c02f-b7fe-46b3-8a03-c066312e0e17@6c48a",
    "packable": true,
    "pixelsToUnit": 100,
    "pivot": {
      "x": 0.5,
      "y": 0.5
    },
    "meshType": 0
  }
}