{
  "__type__": "cc.SpriteFrame",
  "content": {
    "name": "candy3",
    "atlas": "",
    "rect": {
      "x": 2,
      "y": 2,
      "width": 107,
      "height": 107
    },
    "offset": {
      "x": 0,
      "y": -0.5
    },
    "originalSize": {
      "width": 111,
      "height": 110
    },
    "rotated": false,
    "capInsets": [
      0,
      0,
      0,
      0
    ],
    "vertices": {
      "rawPosition": [
        -53.5,
        -53.5,
        0,
        53.5,
        -53.5,
        0,
        -53.5,
        53.5,
        0,
        53.5,
        53.5,
        0
      ],
      "indexes": [
        0,
        1,
        2,
        2,
        1,
        3
      ],
      "uv": [
        2,
        108,
        109,
        108,
        2,
        1,
        109,
        1
      ],
      "nuv": [
        0.018018018018018018,
        0.00909090909090909,
        0.9819819819819819,
        0.00909090909090909,
        0.018018018018018018,
        0.9818181818181818,
        0.9819819819819819,
        0.9818181818181818
      ],
      "minPos": {
        "x": -53.5,
        "y": -53.5,
        "z": 0
      },
      "maxPos": {
        "x": 53.5,
        "y": 53.5,
        "z": 0
      }
    },
    "texture": "daf2048b-439c-48ac-b7df-2b80e6590230@6c48a",
    "packable": true,
    "pixelsToUnit": 100,
    "pivot": {
      "x": 0.5,
      "y": 0.5
    },
    "meshType": 0
  }
}