{
  "__type__": "cc.SpriteFrame",
  "content": {
    "name": "next",
    "atlas": "",
    "rect": {
      "x": 1,
      "y": 1,
      "width": 45,
      "height": 68
    },
    "offset": {
      "x": 0,
      "y": 0
    },
    "originalSize": {
      "width": 47,
      "height": 70
    },
    "rotated": false,
    "capInsets": [
      0,
      0,
      0,
      0
    ],
    "vertices": {
      "rawPosition": [
        -22.5,
        -34,
        0,
        22.5,
        -34,
        0,
        -22.5,
        34,
        0,
        22.5,
        34,
        0
      ],
      "indexes": [
        0,
        1,
        2,
        2,
        1,
        3
      ],
      "uv": [
        1,
        69,
        46,
        69,
        1,
        1,
        46,
        1
      ],
      "nuv": [
        0.02127659574468085,
        0.014285714285714285,
        0.9787234042553191,
        0.014285714285714285,
        0.02127659574468085,
        0.9857142857142858,
        0.9787234042553191,
        0.9857142857142858
      ],
      "minPos": {
        "x": -22.5,
        "y": -34,
        "z": 0
      },
      "maxPos": {
        "x": 22.5,
        "y": 34,
        "z": 0
      }
    },
    "texture": "0f7da2c1-dbd1-422c-9421-40174bac6f59@6c48a",
    "packable": true,
    "pixelsToUnit": 100,
    "pivot": {
      "x": 0.5,
      "y": 0.5
    },
    "meshType": 0
  }
}