{
  "__type__": "cc.SpriteFrame",
  "content": {
    "name": "i-nick",
    "atlas": "",
    "rect": {
      "x": 1,
      "y": 1,
      "width": 73,
      "height": 73
    },
    "offset": {
      "x": 0,
      "y": 0
    },
    "originalSize": {
      "width": 75,
      "height": 75
    },
    "rotated": false,
    "capInsets": [
      0,
      0,
      0,
      0
    ],
    "vertices": {
      "rawPosition": [
        -36.5,
        -36.5,
        0,
        36.5,
        -36.5,
        0,
        -36.5,
        36.5,
        0,
        36.5,
        36.5,
        0
      ],
      "indexes": [
        0,
        1,
        2,
        2,
        1,
        3
      ],
      "uv": [
        1,
        74,
        74,
        74,
        1,
        1,
        74,
        1
      ],
      "nuv": [
        0.013333333333333334,
        0.013333333333333334,
        0.9866666666666667,
        0.013333333333333334,
        0.013333333333333334,
        0.9866666666666667,
        0.9866666666666667,
        0.9866666666666667
      ],
      "minPos": {
        "x": -36.5,
        "y": -36.5,
        "z": 0
      },
      "maxPos": {
        "x": 36.5,
        "y": 36.5,
        "z": 0
      }
    },
    "texture": "b631c4f6-a4c2-4c62-a384-732612186000@6c48a",
    "packable": true,
    "pixelsToUnit": 100,
    "pivot": {
      "x": 0.5,
      "y": 0.5
    },
    "meshType": 0
  }
}