{
  "__type__": "cc.SpriteFrame",
  "content": {
    "name": "cuop bien bonus game",
    "atlas": "",
    "rect": {
      "x": 2,
      "y": 2,
      "width": 2044,
      "height": 508
    },
    "offset": {
      "x": 0,
      "y": 0
    },
    "originalSize": {
      "width": 2048,
      "height": 512
    },
    "rotated": false,
    "capInsets": [
      0,
      0,
      0,
      0
    ],
    "vertices": {
      "rawPosition": [
        -1022,
        -254,
        0,
        1022,
        -254,
        0,
        -1022,
        254,
        0,
        1022,
        254,
        0
      ],
      "indexes": [
        0,
        1,
        2,
        2,
        1,
        3
      ],
      "uv": [
        2,
        510,
        2046,
        510,
        2,
        2,
        2046,
        2
      ],
      "nuv": [
        0.0009765625,
        0.00390625,
        0.9990234375,
        0.00390625,
        0.0009765625,
        0.99609375,
        0.9990234375,
        0.99609375
      ],
      "minPos": {
        "x": -1022,
        "y": -254,
        "z": 0
      },
      "maxPos": {
        "x": 1022,
        "y": 254,
        "z": 0
      }
    },
    "texture": "b642cff5-a26d-48b5-8eeb-4acaa24fd2f2@6c48a",
    "packable": true,
    "pixelsToUnit": 100,
    "pivot": {
      "x": 0.5,
      "y": 0.5
    },
    "meshType": 0
  }
}