{
  "__type__": "cc.SpriteFrame",
  "content": {
    "name": "button",
    "atlas": "",
    "rect": {
      "x": 0,
      "y": 2,
      "width": 247,
      "height": 843
    },
    "offset": {
      "x": -1,
      "y": -1
    },
    "originalSize": {
      "width": 249,
      "height": 845
    },
    "rotated": false,
    "capInsets": [
      0,
      0,
      0,
      0
    ],
    "vertices": {
      "rawPosition": [
        -123.5,
        -421.5,
        0,
        123.5,
        -421.5,
        0,
        -123.5,
        421.5,
        0,
        123.5,
        421.5,
        0
      ],
      "indexes": [
        0,
        1,
        2,
        2,
        1,
        3
      ],
      "uv": [
        0,
        843,
        247,
        843,
        0,
        0,
        247,
        0
      ],
      "nuv": [
        0,
        0,
        0.9919678714859438,
        0,
        0,
        0.9976331360946745,
        0.9919678714859438,
        0.9976331360946745
      ],
      "minPos": {
        "x": -123.5,
        "y": -421.5,
        "z": 0
      },
      "maxPos": {
        "x": 123.5,
        "y": 421.5,
        "z": 0
      }
    },
    "texture": "b6634f1e-f262-450e-ad8d-a6589a000bd8@6c48a",
    "packable": true,
    "pixelsToUnit": 100,
    "pivot": {
      "x": 0.5,
      "y": 0.5
    },
    "meshType": 0
  }
}