{
  "__type__": "cc.SpriteFrame",
  "content": {
    "name": "rank",
    "atlas": "",
    "rect": {
      "x": 1,
      "y": 1,
      "width": 65,
      "height": 65
    },
    "offset": {
      "x": 0,
      "y": 0
    },
    "originalSize": {
      "width": 67,
      "height": 67
    },
    "rotated": false,
    "capInsets": [
      0,
      0,
      0,
      0
    ],
    "vertices": {
      "rawPosition": [
        -32.5,
        -32.5,
        0,
        32.5,
        -32.5,
        0,
        -32.5,
        32.5,
        0,
        32.5,
        32.5,
        0
      ],
      "indexes": [
        0,
        1,
        2,
        2,
        1,
        3
      ],
      "uv": [
        1,
        66,
        66,
        66,
        1,
        1,
        66,
        1
      ],
      "nuv": [
        0.014925373134328358,
        0.014925373134328358,
        0.9850746268656716,
        0.014925373134328358,
        0.014925373134328358,
        0.9850746268656716,
        0.9850746268656716,
        0.9850746268656716
      ],
      "minPos": {
        "x": -32.5,
        "y": -32.5,
        "z": 0
      },
      "maxPos": {
        "x": 32.5,
        "y": 32.5,
        "z": 0
      }
    },
    "texture": "b68a7362-8079-4ef9-80e9-9bb12b2216f4@6c48a",
    "packable": true,
    "pixelsToUnit": 100,
    "pivot": {
      "x": 0.5,
      "y": 0.5
    },
    "meshType": 0
  }
}