{
  "__type__": "cc.SpriteFrame",
  "content": {
    "name": "3",
    "atlas": "",
    "rect": {
      "x": 0,
      "y": 0,
      "width": 146,
      "height": 134
    },
    "offset": {
      "x": -1,
      "y": 3.5
    },
    "originalSize": {
      "width": 148,
      "height": 141
    },
    "rotated": false,
    "capInsets": [
      0,
      0,
      0,
      0
    ],
    "vertices": {
      "rawPosition": [
        -73,
        -67,
        0,
        73,
        -67,
        0,
        -73,
        67,
        0,
        73,
        67,
        0
      ],
      "indexes": [
        0,
        1,
        2,
        2,
        1,
        3
      ],
      "uv": [
        0,
        141,
        146,
        141,
        0,
        7,
        146,
        7
      ],
      "nuv": [
        0,
        0.04964539007092199,
        0.9864864864864865,
        0.04964539007092199,
        0,
        1,
        0.9864864864864865,
        1
      ],
      "minPos": {
        "x": -73,
        "y": -67,
        "z": 0
      },
      "maxPos": {
        "x": 73,
        "y": 67,
        "z": 0
      }
    },
    "texture": "b6c39d35-8afe-4401-88cd-4ff3d4fa575c@6c48a",
    "packable": true,
    "pixelsToUnit": 100,
    "pivot": {
      "x": 0.5,
      "y": 0.5
    },
    "meshType": 0
  }
}