{
  "__type__": "cc.SpriteFrame",
  "content": {
    "name": "3",
    "atlas": "",
    "rect": {
      "x": 198,
      "y": 504,
      "width": 791,
      "height": 42
    },
    "offset": {
      "x": -46.5,
      "y": -165
    },
    "originalSize": {
      "width": 1280,
      "height": 720
    },
    "rotated": false,
    "capInsets": [
      0,
      0,
      0,
      0
    ],
    "vertices": {
      "rawPosition": [
        -395.5,
        -21,
        0,
        395.5,
        -21,
        0,
        -395.5,
        21,
        0,
        395.5,
        21,
        0
      ],
      "indexes": [
        0,
        1,
        2,
        2,
        1,
        3
      ],
      "uv": [
        198,
        216,
        989,
        216,
        198,
        174,
        989,
        174
      ],
      "nuv": [
        0.1546875,
        0.24166666666666667,
        0.77265625,
        0.24166666666666667,
        0.1546875,
        0.3,
        0.77265625,
        0.3
      ],
      "minPos": {
        "x": -395.5,
        "y": -21,
        "z": 0
      },
      "maxPos": {
        "x": 395.5,
        "y": 21,
        "z": 0
      }
    },
    "texture": "b6d6efb6-fd13-4928-8b7a-433d02524a6e@6c48a",
    "packable": true,
    "pixelsToUnit": 100,
    "pivot": {
      "x": 0.5,
      "y": 0.5
    },
    "meshType": 0
  }
}