{
  "__type__": "cc.SpriteFrame",
  "content": {
    "name": "1",
    "atlas": "",
    "rect": {
      "x": 2,
      "y": 30,
      "width": 330,
      "height": 51
    },
    "offset": {
      "x": 0.5,
      "y": 110.5
    },
    "originalSize": {
      "width": 333,
      "height": 332
    },
    "rotated": false,
    "capInsets": [
      0,
      0,
      0,
      0
    ],
    "vertices": {
      "rawPosition": [
        -165,
        -25.5,
        0,
        165,
        -25.5,
        0,
        -165,
        25.5,
        0,
        165,
        25.5,
        0
      ],
      "indexes": [
        0,
        1,
        2,
        2,
        1,
        3
      ],
      "uv": [
        2,
        302,
        332,
        302,
        2,
        251,
        332,
        251
      ],
      "nuv": [
        0.006006006006006006,
        0.7560240963855421,
        0.996996996996997,
        0.7560240963855421,
        0.006006006006006006,
        0.9096385542168675,
        0.996996996996997,
        0.9096385542168675
      ],
      "minPos": {
        "x": -165,
        "y": -25.5,
        "z": 0
      },
      "maxPos": {
        "x": 165,
        "y": 25.5,
        "z": 0
      }
    },
    "texture": "a71a9e7b-3913-45fa-a8a5-4a39f64462ba@6c48a",
    "packable": true,
    "pixelsToUnit": 100,
    "pivot": {
      "x": 0.5,
      "y": 0.5
    },
    "meshType": 0
  }
}