{
  "__type__": "cc.SpriteFrame",
  "content": {
    "name": "phong1_ani",
    "atlas": "",
    "rect": {
      "x": 1,
      "y": 3,
      "width": 475,
      "height": 472
    },
    "offset": {
      "x": 0,
      "y": -1
    },
    "originalSize": {
      "width": 477,
      "height": 476
    },
    "rotated": false,
    "capInsets": [
      0,
      0,
      0,
      0
    ],
    "vertices": {
      "rawPosition": [
        -237.5,
        -236,
        0,
        237.5,
        -236,
        0,
        -237.5,
        236,
        0,
        237.5,
        236,
        0
      ],
      "indexes": [
        0,
        1,
        2,
        2,
        1,
        3
      ],
      "uv": [
        1,
        473,
        476,
        473,
        1,
        1,
        476,
        1
      ],
      "nuv": [
        0.0020964360587002098,
        0.0021008403361344537,
        0.9979035639412998,
        0.0021008403361344537,
        0.0020964360587002098,
        0.9936974789915967,
        0.9979035639412998,
        0.9936974789915967
      ],
      "minPos": {
        "x": -237.5,
        "y": -236,
        "z": 0
      },
      "maxPos": {
        "x": 237.5,
        "y": 236,
        "z": 0
      }
    },
    "texture": "73b106f0-3d5a-443b-bc81-a6e8afbee044@6c48a",
    "packable": true,
    "pixelsToUnit": 100,
    "pivot": {
      "x": 0.5,
      "y": 0.5
    },
    "meshType": 0
  }
}