{
  "__type__": "cc.SpriteFrame",
  "content": {
    "name": "fish_icon_tuobaoguiwang",
    "atlas": "",
    "rect": {
      "x": 6,
      "y": 2,
      "width": 74,
      "height": 68
    },
    "offset": {
      "x": -1,
      "y": -1
    },
    "originalSize": {
      "width": 88,
      "height": 70
    },
    "rotated": false,
    "capInsets": [
      0,
      0,
      0,
      0
    ],
    "vertices": {
      "rawPosition": [
        -37,
        -34,
        0,
        37,
        -34,
        0,
        -37,
        34,
        0,
        37,
        34,
        0
      ],
      "indexes": [
        0,
        1,
        2,
        2,
        1,
        3
      ],
      "uv": [
        6,
        68,
        80,
        68,
        6,
        0,
        80,
        0
      ],
      "nuv": [
        0.06818181818181818,
        0,
        0.9090909090909091,
        0,
        0.06818181818181818,
        0.9714285714285714,
        0.9090909090909091,
        0.9714285714285714
      ],
      "minPos": {
        "x": -37,
        "y": -34,
        "z": 0
      },
      "maxPos": {
        "x": 37,
        "y": 34,
        "z": 0
      }
    },
    "texture": "96b06ba9-46a3-4943-92e8-0308bdda8859@6c48a",
    "packable": true,
    "pixelsToUnit": 100,
    "pivot": {
      "x": 0.5,
      "y": 0.5
    },
    "meshType": 0
  }
}