{
  "__type__": "cc.SpriteFrame",
  "content": {
    "name": "nv)",
    "atlas": "",
    "rect": {
      "x": 0,
      "y": 6,
      "width": 104,
      "height": 97
    },
    "offset": {
      "x": 0,
      "y": -1
    },
    "originalSize": {
      "width": 104,
      "height": 107
    },
    "rotated": false,
    "capInsets": [
      0,
      0,
      0,
      0
    ],
    "vertices": {
      "rawPosition": [
        -52,
        -48.5,
        0,
        52,
        -48.5,
        0,
        -52,
        48.5,
        0,
        52,
        48.5,
        0
      ],
      "indexes": [
        0,
        1,
        2,
        2,
        1,
        3
      ],
      "uv": [
        0,
        101,
        104,
        101,
        0,
        4,
        104,
        4
      ],
      "nuv": [
        0,
        0.037383177570093455,
        1,
        0.037383177570093455,
        0,
        0.9439252336448598,
        1,
        0.9439252336448598
      ],
      "minPos": {
        "x": -52,
        "y": -48.5,
        "z": 0
      },
      "maxPos": {
        "x": 52,
        "y": 48.5,
        "z": 0
      }
    },
    "texture": "96d016fa-1a20-4706-92f3-0f136c6a7214@6c48a",
    "packable": true,
    "pixelsToUnit": 100,
    "pivot": {
      "x": 0.5,
      "y": 0.5
    },
    "meshType": 0
  }
}