{
  "__type__": "cc.SpriteFrame",
  "content": {
    "name": "14",
    "atlas": "",
    "rect": {
      "x": 21,
      "y": 54,
      "width": 758,
      "height": 187
    },
    "offset": {
      "x": -26.5,
      "y": 79.5
    },
    "originalSize": {
      "width": 853,
      "height": 454
    },
    "rotated": false,
    "capInsets": [
      0,
      0,
      0,
      0
    ],
    "vertices": {
      "rawPosition": [
        -379,
        -93.5,
        0,
        379,
        -93.5,
        0,
        -379,
        93.5,
        0,
        379,
        93.5,
        0
      ],
      "indexes": [
        0,
        1,
        2,
        2,
        1,
        3
      ],
      "uv": [
        21,
        400,
        779,
        400,
        21,
        213,
        779,
        213
      ],
      "nuv": [
        0.0246189917936694,
        0.46916299559471364,
        0.9132473622508792,
        0.46916299559471364,
        0.0246189917936694,
        0.8810572687224669,
        0.9132473622508792,
        0.8810572687224669
      ],
      "minPos": {
        "x": -379,
        "y": -93.5,
        "z": 0
      },
      "maxPos": {
        "x": 379,
        "y": 93.5,
        "z": 0
      }
    },
    "texture": "3c183b6b-e075-4a30-add1-7e64c4e99ec4@6c48a",
    "packable": true,
    "pixelsToUnit": 100,
    "pivot": {
      "x": 0.5,
      "y": 0.5
    },
    "meshType": 0
  }
}