{
  "__type__": "cc.SpriteFrame",
  "content": {
    "name": "Sukien-RongThan",
    "atlas": "",
    "rect": {
      "x": 3,
      "y": 3,
      "width": 987,
      "height": 507
    },
    "offset": {
      "x": -15.5,
      "y": -0.5
    },
    "originalSize": {
      "width": 1024,
      "height": 512
    },
    "rotated": false,
    "capInsets": [
      0,
      0,
      0,
      0
    ],
    "vertices": {
      "rawPosition": [
        -493.5,
        -253.5,
        0,
        493.5,
        -253.5,
        0,
        -493.5,
        253.5,
        0,
        493.5,
        253.5,
        0
      ],
      "indexes": [
        0,
        1,
        2,
        2,
        1,
        3
      ],
      "uv": [
        3,
        509,
        990,
        509,
        3,
        2,
        990,
        2
      ],
      "nuv": [
        0.0029296875,
        0.00390625,
        0.966796875,
        0.00390625,
        0.0029296875,
        0.994140625,
        0.966796875,
        0.994140625
      ],
      "minPos": {
        "x": -493.5,
        "y": -253.5,
        "z": 0
      },
      "maxPos": {
        "x": 493.5,
        "y": 253.5,
        "z": 0
      }
    },
    "texture": "3c8c8c77-3359-421a-9022-90f5d766fc64@6c48a",
    "packable": true,
    "pixelsToUnit": 100,
    "pivot": {
      "x": 0.5,
      "y": 0.5
    },
    "meshType": 0
  }
}