{
  "__type__": "cc.SpriteFrame",
  "content": {
    "name": "name_lichsu",
    "atlas": "",
    "rect": {
      "x": 1,
      "y": 1,
      "width": 328,
      "height": 55
    },
    "offset": {
      "x": 0,
      "y": 0
    },
    "originalSize": {
      "width": 330,
      "height": 57
    },
    "rotated": false,
    "capInsets": [
      0,
      0,
      0,
      0
    ],
    "vertices": {
      "rawPosition": [
        -164,
        -27.5,
        0,
        164,
        -27.5,
        0,
        -164,
        27.5,
        0,
        164,
        27.5,
        0
      ],
      "indexes": [
        0,
        1,
        2,
        2,
        1,
        3
      ],
      "uv": [
        1,
        56,
        329,
        56,
        1,
        1,
        329,
        1
      ],
      "nuv": [
        0.0030303030303030303,
        0.017543859649122806,
        0.996969696969697,
        0.017543859649122806,
        0.0030303030303030303,
        0.9824561403508771,
        0.996969696969697,
        0.9824561403508771
      ],
      "minPos": {
        "x": -164,
        "y": -27.5,
        "z": 0
      },
      "maxPos": {
        "x": 164,
        "y": 27.5,
        "z": 0
      }
    },
    "texture": "3cece5ad-4ac2-42ab-b60c-16eef7d19ac7@6c48a",
    "packable": true,
    "pixelsToUnit": 100,
    "pivot": {
      "x": 0.5,
      "y": 0.5
    },
    "meshType": 0
  }
}