{
  "__type__": "cc.SpriteFrame",
  "content": {
    "name": "monster",
    "atlas": "",
    "rect": {
      "x": 3,
      "y": 3,
      "width": 1016,
      "height": 250
    },
    "offset": {
      "x": -1,
      "y": 0
    },
    "originalSize": {
      "width": 1024,
      "height": 256
    },
    "rotated": false,
    "capInsets": [
      0,
      0,
      0,
      0
    ],
    "vertices": {
      "rawPosition": [
        -508,
        -125,
        0,
        508,
        -125,
        0,
        -508,
        125,
        0,
        508,
        125,
        0
      ],
      "indexes": [
        0,
        1,
        2,
        2,
        1,
        3
      ],
      "uv": [
        3,
        253,
        1019,
        253,
        3,
        3,
        1019,
        3
      ],
      "nuv": [
        0.0029296875,
        0.01171875,
        0.9951171875,
        0.01171875,
        0.0029296875,
        0.98828125,
        0.9951171875,
        0.98828125
      ],
      "minPos": {
        "x": -508,
        "y": -125,
        "z": 0
      },
      "maxPos": {
        "x": 508,
        "y": 125,
        "z": 0
      }
    },
    "texture": "5e8a3733-7d49-4ef2-ba17-4f0078e436aa@6c48a",
    "packable": true,
    "pixelsToUnit": 100,
    "pivot": {
      "x": 0.5,
      "y": 0.5
    },
    "meshType": 0
  }
}