{
  "__type__": "cc.SpriteFrame",
  "content": {
    "name": "line19",
    "atlas": "",
    "rect": {
      "x": 304,
      "y": 38,
      "width": 976,
      "height": 597
    },
    "offset": {
      "x": 152,
      "y": 23.5
    },
    "originalSize": {
      "width": 1280,
      "height": 720
    },
    "rotated": false,
    "capInsets": [
      0,
      0,
      0,
      0
    ],
    "vertices": {
      "rawPosition": [
        -488,
        -298.5,
        0,
        488,
        -298.5,
        0,
        -488,
        298.5,
        0,
        488,
        298.5,
        0
      ],
      "indexes": [
        0,
        1,
        2,
        2,
        1,
        3
      ],
      "uv": [
        304,
        682,
        1280,
        682,
        304,
        85,
        1280,
        85
      ],
      "nuv": [
        0.2375,
        0.11805555555555555,
        1,
        0.11805555555555555,
        0.2375,
        0.9472222222222222,
        1,
        0.9472222222222222
      ],
      "minPos": {
        "x": -488,
        "y": -298.5,
        "z": 0
      },
      "maxPos": {
        "x": 488,
        "y": 298.5,
        "z": 0
      }
    },
    "texture": "5ef1b66f-d879-4874-924c-d5485a5ea03f@6c48a",
    "packable": true,
    "pixelsToUnit": 100,
    "pivot": {
      "x": 0.5,
      "y": 0.5
    },
    "meshType": 0
  }
}