{
  "__type__": "cc.SpriteFrame",
  "content": {
    "name": "fish_game_other_coin",
    "atlas": "",
    "rect": {
      "x": 1,
      "y": 1,
      "width": 126,
      "height": 89
    },
    "offset": {
      "x": 0,
      "y": 18.5
    },
    "originalSize": {
      "width": 128,
      "height": 128
    },
    "rotated": false,
    "capInsets": [
      0,
      0,
      0,
      0
    ],
    "vertices": {
      "rawPosition": [
        -63,
        -44.5,
        0,
        63,
        -44.5,
        0,
        -63,
        44.5,
        0,
        63,
        44.5,
        0
      ],
      "indexes": [
        0,
        1,
        2,
        2,
        1,
        3
      ],
      "uv": [
        1,
        127,
        127,
        127,
        1,
        38,
        127,
        38
      ],
      "nuv": [
        0.0078125,
        0.296875,
        0.9921875,
        0.296875,
        0.0078125,
        0.9921875,
        0.9921875,
        0.9921875
      ],
      "minPos": {
        "x": -63,
        "y": -44.5,
        "z": 0
      },
      "maxPos": {
        "x": 63,
        "y": 44.5,
        "z": 0
      }
    },
    "texture": "83561cd5-c71d-4d64-9f72-f04d6ff5c813@6c48a",
    "packable": true,
    "pixelsToUnit": 100,
    "pivot": {
      "x": 0.5,
      "y": 0.5
    },
    "meshType": 0
  }
}