{
  "__type__": "cc.SpriteFrame",
  "content": {
    "name": "20",
    "atlas": "",
    "rect": {
      "x": 287,
      "y": 176,
      "width": 804,
      "height": 396
    },
    "offset": {
      "x": 49,
      "y": -14
    },
    "originalSize": {
      "width": 1280,
      "height": 720
    },
    "rotated": false,
    "capInsets": [
      0,
      0,
      0,
      0
    ],
    "vertices": {
      "rawPosition": [
        -402,
        -198,
        0,
        402,
        -198,
        0,
        -402,
        198,
        0,
        402,
        198,
        0
      ],
      "indexes": [
        0,
        1,
        2,
        2,
        1,
        3
      ],
      "uv": [
        287,
        544,
        1091,
        544,
        287,
        148,
        1091,
        148
      ],
      "nuv": [
        0.22421875,
        0.20555555555555555,
        0.85234375,
        0.20555555555555555,
        0.22421875,
        0.7555555555555555,
        0.85234375,
        0.7555555555555555
      ],
      "minPos": {
        "x": -402,
        "y": -198,
        "z": 0
      },
      "maxPos": {
        "x": 402,
        "y": 198,
        "z": 0
      }
    },
    "texture": "83c30288-3cf9-4514-8103-7597d9b4a9f1@6c48a",
    "packable": true,
    "pixelsToUnit": 100,
    "pivot": {
      "x": 0.5,
      "y": 0.5
    },
    "meshType": 0
  }
}