{
  "__type__": "cc.SpriteFrame",
  "content": {
    "name": "roboto-regular",
    "atlas": "",
    "rect": {
      "x": 2,
      "y": 2,
      "width": 386,
      "height": 547
    },
    "offset": {
      "x": 0,
      "y": 12.5
    },
    "originalSize": {
      "width": 390,
      "height": 576
    },
    "rotated": false,
    "capInsets": [
      0,
      0,
      0,
      0
    ],
    "vertices": {
      "rawPosition": [
        -193,
        -273.5,
        0,
        193,
        -273.5,
        0,
        -193,
        273.5,
        0,
        193,
        273.5,
        0
      ],
      "indexes": [
        0,
        1,
        2,
        2,
        1,
        3
      ],
      "uv": [
        2,
        574,
        388,
        574,
        2,
        27,
        388,
        27
      ],
      "nuv": [
        0.005128205128205128,
        0.046875,
        0.9948717948717949,
        0.046875,
        0.005128205128205128,
        0.9965277777777778,
        0.9948717948717949,
        0.9965277777777778
      ],
      "minPos": {
        "x": -193,
        "y": -273.5,
        "z": 0
      },
      "maxPos": {
        "x": 193,
        "y": 273.5,
        "z": 0
      }
    },
    "texture": "402547a0-e6f6-4807-885d-821f995ca37c@6c48a",
    "packable": true,
    "pixelsToUnit": 100,
    "pivot": {
      "x": 0.5,
      "y": 0.5
    },
    "meshType": 0
  }
}