{
  "__type__": "cc.SpriteFrame",
  "content": {
    "name": "QUAYITEM",
    "atlas": "",
    "rect": {
      "x": 2,
      "y": 2,
      "width": 2039,
      "height": 1019
    },
    "offset": {
      "x": -2.5,
      "y": 0.5
    },
    "originalSize": {
      "width": 2048,
      "height": 1024
    },
    "rotated": false,
    "capInsets": [
      0,
      0,
      0,
      0
    ],
    "vertices": {
      "rawPosition": [
        -1019.5,
        -509.5,
        0,
        1019.5,
        -509.5,
        0,
        -1019.5,
        509.5,
        0,
        1019.5,
        509.5,
        0
      ],
      "indexes": [
        0,
        1,
        2,
        2,
        1,
        3
      ],
      "uv": [
        2,
        1022,
        2041,
        1022,
        2,
        3,
        2041,
        3
      ],
      "nuv": [
        0.0009765625,
        0.0029296875,
        0.99658203125,
        0.0029296875,
        0.0009765625,
        0.998046875,
        0.99658203125,
        0.998046875
      ],
      "minPos": {
        "x": -1019.5,
        "y": -509.5,
        "z": 0
      },
      "maxPos": {
        "x": 1019.5,
        "y": 509.5,
        "z": 0
      }
    },
    "texture": "cdc22736-edc1-44fc-91a6-2617a8ffa5c3@6c48a",
    "packable": true,
    "pixelsToUnit": 100,
    "pivot": {
      "x": 0.5,
      "y": 0.5
    },
    "meshType": 0
  }
}