{
  "__type__": "cc.SpriteFrame",
  "content": {
    "name": "cowboy_ani_3",
    "atlas": "",
    "rect": {
      "x": 1,
      "y": 1,
      "width": 595,
      "height": 494
    },
    "offset": {
      "x": -213.5,
      "y": 8
    },
    "originalSize": {
      "width": 1024,
      "height": 512
    },
    "rotated": false,
    "capInsets": [
      0,
      0,
      0,
      0
    ],
    "vertices": {
      "rawPosition": [
        -297.5,
        -247,
        0,
        297.5,
        -247,
        0,
        -297.5,
        247,
        0,
        297.5,
        247,
        0
      ],
      "indexes": [
        0,
        1,
        2,
        2,
        1,
        3
      ],
      "uv": [
        1,
        511,
        596,
        511,
        1,
        17,
        596,
        17
      ],
      "nuv": [
        0.0009765625,
        0.033203125,
        0.58203125,
        0.033203125,
        0.0009765625,
        0.998046875,
        0.58203125,
        0.998046875
      ],
      "minPos": {
        "x": -297.5,
        "y": -247,
        "z": 0
      },
      "maxPos": {
        "x": 297.5,
        "y": 247,
        "z": 0
      }
    },
    "texture": "0c0a893d-f24c-48fc-8ad0-52f70fd40853@6c48a",
    "packable": true,
    "pixelsToUnit": 100,
    "pivot": {
      "x": 0.5,
      "y": 0.5
    },
    "meshType": 0
  }
}