{
  "__type__": "cc.SpriteFrame",
  "content": {
    "name": "meirenyu2_tex",
    "atlas": "",
    "rect": {
      "x": 1,
      "y": 1,
      "width": 1016,
      "height": 1164
    },
    "offset": {
      "x": -0.5,
      "y": 0.5
    },
    "originalSize": {
      "width": 1019,
      "height": 1167
    },
    "rotated": false,
    "capInsets": [
      0,
      0,
      0,
      0
    ],
    "vertices": {
      "rawPosition": [
        -508,
        -582,
        0,
        508,
        -582,
        0,
        -508,
        582,
        0,
        508,
        582,
        0
      ],
      "indexes": [
        0,
        1,
        2,
        2,
        1,
        3
      ],
      "uv": [
        1,
        1166,
        1017,
        1166,
        1,
        2,
        1017,
        2
      ],
      "nuv": [
        0.0009813542688910696,
        0.001713796058269066,
        0.9980372914622179,
        0.001713796058269066,
        0.0009813542688910696,
        0.9991431019708654,
        0.9980372914622179,
        0.9991431019708654
      ],
      "minPos": {
        "x": -508,
        "y": -582,
        "z": 0
      },
      "maxPos": {
        "x": 508,
        "y": 582,
        "z": 0
      }
    },
    "texture": "0ce983e0-cc73-44e0-980b-34c80470777b@6c48a",
    "packable": true,
    "pixelsToUnit": 100,
    "pivot": {
      "x": 0.5,
      "y": 0.5
    },
    "meshType": 0
  }
}