{
  "__type__": "cc.SpriteFrame",
  "content": {
    "name": "qiuatgiay",
    "atlas": "",
    "rect": {
      "x": 5,
      "y": 4,
      "width": 108,
      "height": 90
    },
    "offset": {
      "x": -1,
      "y": 1
    },
    "originalSize": {
      "width": 120,
      "height": 100
    },
    "rotated": false,
    "capInsets": [
      0,
      0,
      0,
      0
    ],
    "vertices": {
      "rawPosition": [
        -54,
        -45,
        0,
        54,
        -45,
        0,
        -54,
        45,
        0,
        54,
        45,
        0
      ],
      "indexes": [
        0,
        1,
        2,
        2,
        1,
        3
      ],
      "uv": [
        5,
        96,
        113,
        96,
        5,
        6,
        113,
        6
      ],
      "nuv": [
        0.041666666666666664,
        0.06,
        0.9416666666666667,
        0.06,
        0.041666666666666664,
        0.96,
        0.9416666666666667,
        0.96
      ],
      "minPos": {
        "x": -54,
        "y": -45,
        "z": 0
      },
      "maxPos": {
        "x": 54,
        "y": 45,
        "z": 0
      }
    },
    "texture": "4e1c822e-2732-4c55-b265-ffe1730fb5f1@6c48a",
    "packable": true,
    "pixelsToUnit": 100,
    "pivot": {
      "x": 0.5,
      "y": 0.5
    },
    "meshType": 0
  }
}