{
  "__type__": "cc.SpriteFrame",
  "content": {
    "name": "eventTop2",
    "atlas": "",
    "rect": {
      "x": 2,
      "y": 2,
      "width": 49,
      "height": 55
    },
    "offset": {
      "x": 0.5,
      "y": -1
    },
    "originalSize": {
      "width": 52,
      "height": 57
    },
    "rotated": false,
    "capInsets": [
      0,
      0,
      0,
      0
    ],
    "vertices": {
      "rawPosition": [
        -24.5,
        -27.5,
        0,
        24.5,
        -27.5,
        0,
        -24.5,
        27.5,
        0,
        24.5,
        27.5,
        0
      ],
      "indexes": [
        0,
        1,
        2,
        2,
        1,
        3
      ],
      "uv": [
        2,
        55,
        51,
        55,
        2,
        0,
        51,
        0
      ],
      "nuv": [
        0.038461538461538464,
        0,
        0.9807692307692307,
        0,
        0.038461538461538464,
        0.9649122807017544,
        0.9807692307692307,
        0.9649122807017544
      ],
      "minPos": {
        "x": -24.5,
        "y": -27.5,
        "z": 0
      },
      "maxPos": {
        "x": 24.5,
        "y": 27.5,
        "z": 0
      }
    },
    "texture": "4ea4b6e4-eda9-4d5d-837e-cea1753896eb@6c48a",
    "packable": true,
    "pixelsToUnit": 100,
    "pivot": {
      "x": 0.5,
      "y": 0.5
    },
    "meshType": 0
  }
}