{
  "__type__": "cc.SpriteFrame",
  "content": {
    "name": "star1",
    "atlas": "",
    "rect": {
      "x": 3,
      "y": 0,
      "width": 668,
      "height": 668
    },
    "offset": {
      "x": 1,
      "y": 1
    },
    "originalSize": {
      "width": 672,
      "height": 670
    },
    "rotated": false,
    "capInsets": [
      0,
      0,
      0,
      0
    ],
    "vertices": {
      "rawPosition": [
        -334,
        -334,
        0,
        334,
        -334,
        0,
        -334,
        334,
        0,
        334,
        334,
        0
      ],
      "indexes": [
        0,
        1,
        2,
        2,
        1,
        3
      ],
      "uv": [
        3,
        670,
        671,
        670,
        3,
        2,
        671,
        2
      ],
      "nuv": [
        0.004464285714285714,
        0.0029850746268656717,
        0.9985119047619048,
        0.0029850746268656717,
        0.004464285714285714,
        1,
        0.9985119047619048,
        1
      ],
      "minPos": {
        "x": -334,
        "y": -334,
        "z": 0
      },
      "maxPos": {
        "x": 334,
        "y": 334,
        "z": 0
      }
    },
    "texture": "4ec687ae-6886-4644-8a2c-8d188af9be22@6c48a",
    "packable": true,
    "pixelsToUnit": 100,
    "pivot": {
      "x": 0.5,
      "y": 0.5
    },
    "meshType": 0
  }
}