{
  "__type__": "cc.SpriteFrame",
  "content": {
    "name": "16",
    "atlas": "",
    "rect": {
      "x": 79,
      "y": 53,
      "width": 759,
      "height": 189
    },
    "offset": {
      "x": 32,
      "y": 79.5
    },
    "originalSize": {
      "width": 853,
      "height": 454
    },
    "rotated": false,
    "capInsets": [
      0,
      0,
      0,
      0
    ],
    "vertices": {
      "rawPosition": [
        -379.5,
        -94.5,
        0,
        379.5,
        -94.5,
        0,
        -379.5,
        94.5,
        0,
        379.5,
        94.5,
        0
      ],
      "indexes": [
        0,
        1,
        2,
        2,
        1,
        3
      ],
      "uv": [
        79,
        401,
        838,
        401,
        79,
        212,
        838,
        212
      ],
      "nuv": [
        0.09261430246189918,
        0.4669603524229075,
        0.9824150058616647,
        0.4669603524229075,
        0.09261430246189918,
        0.8832599118942731,
        0.9824150058616647,
        0.8832599118942731
      ],
      "minPos": {
        "x": -379.5,
        "y": -94.5,
        "z": 0
      },
      "maxPos": {
        "x": 379.5,
        "y": 94.5,
        "z": 0
      }
    },
    "texture": "930b1e24-586d-45b9-9453-4e189ee62cd6@6c48a",
    "packable": true,
    "pixelsToUnit": 100,
    "pivot": {
      "x": 0.5,
      "y": 0.5
    },
    "meshType": 0
  }
}