{
  "__type__": "cc.SpriteFrame",
  "content": {
    "name": "fish_icon_meirenyu",
    "atlas": "",
    "rect": {
      "x": 0,
      "y": 2,
      "width": 87,
      "height": 67
    },
    "offset": {
      "x": -0.5,
      "y": -0.5
    },
    "originalSize": {
      "width": 88,
      "height": 70
    },
    "rotated": false,
    "capInsets": [
      0,
      0,
      0,
      0
    ],
    "vertices": {
      "rawPosition": [
        -43.5,
        -33.5,
        0,
        43.5,
        -33.5,
        0,
        -43.5,
        33.5,
        0,
        43.5,
        33.5,
        0
      ],
      "indexes": [
        0,
        1,
        2,
        2,
        1,
        3
      ],
      "uv": [
        0,
        68,
        87,
        68,
        0,
        1,
        87,
        1
      ],
      "nuv": [
        0,
        0.014285714285714285,
        0.9886363636363636,
        0.014285714285714285,
        0,
        0.9714285714285714,
        0.9886363636363636,
        0.9714285714285714
      ],
      "minPos": {
        "x": -43.5,
        "y": -33.5,
        "z": 0
      },
      "maxPos": {
        "x": 43.5,
        "y": 33.5,
        "z": 0
      }
    },
    "texture": "5a21c6fd-5573-4bec-ac29-75d962ba2e38@6c48a",
    "packable": true,
    "pixelsToUnit": 100,
    "pivot": {
      "x": 0.5,
      "y": 0.5
    },
    "meshType": 0
  }
}