{
  "__type__": "cc.SpriteFrame",
  "content": {
    "name": "shenhaifufengwang_tex",
    "atlas": "",
    "rect": {
      "x": 1,
      "y": 1,
      "width": 906,
      "height": 887
    },
    "offset": {
      "x": -58,
      "y": 67.5
    },
    "originalSize": {
      "width": 1024,
      "height": 1024
    },
    "rotated": false,
    "capInsets": [
      0,
      0,
      0,
      0
    ],
    "vertices": {
      "rawPosition": [
        -453,
        -443.5,
        0,
        453,
        -443.5,
        0,
        -453,
        443.5,
        0,
        453,
        443.5,
        0
      ],
      "indexes": [
        0,
        1,
        2,
        2,
        1,
        3
      ],
      "uv": [
        1,
        1023,
        907,
        1023,
        1,
        136,
        907,
        136
      ],
      "nuv": [
        0.0009765625,
        0.1328125,
        0.8857421875,
        0.1328125,
        0.0009765625,
        0.9990234375,
        0.8857421875,
        0.9990234375
      ],
      "minPos": {
        "x": -453,
        "y": -443.5,
        "z": 0
      },
      "maxPos": {
        "x": 453,
        "y": 443.5,
        "z": 0
      }
    },
    "texture": "9401763d-cba2-47d9-9794-91b63f22d01f@6c48a",
    "packable": true,
    "pixelsToUnit": 100,
    "pivot": {
      "x": 0.5,
      "y": 0.5
    },
    "meshType": 0
  }
}