{
  "__type__": "cc.SpriteFrame",
  "content": {
    "name": "font_number_x_fot",
    "atlas": "",
    "rect": {
      "x": 0,
      "y": 0,
      "width": 267,
      "height": 319
    },
    "offset": {
      "x": -1,
      "y": 1
    },
    "originalSize": {
      "width": 269,
      "height": 321
    },
    "rotated": false,
    "capInsets": [
      0,
      0,
      0,
      0
    ],
    "vertices": {
      "rawPosition": [
        -133.5,
        -159.5,
        0,
        133.5,
        -159.5,
        0,
        -133.5,
        159.5,
        0,
        133.5,
        159.5,
        0
      ],
      "indexes": [
        0,
        1,
        2,
        2,
        1,
        3
      ],
      "uv": [
        0,
        321,
        267,
        321,
        0,
        2,
        267,
        2
      ],
      "nuv": [
        0,
        0.006230529595015576,
        0.9925650557620818,
        0.006230529595015576,
        0,
        1,
        0.9925650557620818,
        1
      ],
      "minPos": {
        "x": -133.5,
        "y": -159.5,
        "z": 0
      },
      "maxPos": {
        "x": 133.5,
        "y": 159.5,
        "z": 0
      }
    },
    "texture": "231a7d17-08f1-4e51-9f53-2cb5c4207581@6c48a",
    "packable": true,
    "pixelsToUnit": 100,
    "pivot": {
      "x": 0.5,
      "y": 0.5
    },
    "meshType": 0
  }
}