{
  "__type__": "cc.SpriteFrame",
  "content": {
    "name": "20",
    "atlas": "",
    "rect": {
      "x": 27,
      "y": 11,
      "width": 753,
      "height": 403
    },
    "offset": {
      "x": -23,
      "y": 14.5
    },
    "originalSize": {
      "width": 853,
      "height": 454
    },
    "rotated": false,
    "capInsets": [
      0,
      0,
      0,
      0
    ],
    "vertices": {
      "rawPosition": [
        -376.5,
        -201.5,
        0,
        376.5,
        -201.5,
        0,
        -376.5,
        201.5,
        0,
        376.5,
        201.5,
        0
      ],
      "indexes": [
        0,
        1,
        2,
        2,
        1,
        3
      ],
      "uv": [
        27,
        443,
        780,
        443,
        27,
        40,
        780,
        40
      ],
      "nuv": [
        0.031652989449003514,
        0.0881057268722467,
        0.9144196951934349,
        0.0881057268722467,
        0.031652989449003514,
        0.9757709251101322,
        0.9144196951934349,
        0.9757709251101322
      ],
      "minPos": {
        "x": -376.5,
        "y": -201.5,
        "z": 0
      },
      "maxPos": {
        "x": 376.5,
        "y": 201.5,
        "z": 0
      }
    },
    "texture": "231d8983-1431-4f97-b3af-57473f5bb8aa@6c48a",
    "packable": true,
    "pixelsToUnit": 100,
    "pivot": {
      "x": 0.5,
      "y": 0.5
    },
    "meshType": 0
  }
}