{
  "__type__": "cc.SpriteFrame",
  "content": {
    "name": "19",
    "atlas": "",
    "rect": {
      "x": 81,
      "y": 54,
      "width": 750,
      "height": 360
    },
    "offset": {
      "x": 29.5,
      "y": -7
    },
    "originalSize": {
      "width": 853,
      "height": 454
    },
    "rotated": false,
    "capInsets": [
      0,
      0,
      0,
      0
    ],
    "vertices": {
      "rawPosition": [
        -375,
        -180,
        0,
        375,
        -180,
        0,
        -375,
        180,
        0,
        375,
        180,
        0
      ],
      "indexes": [
        0,
        1,
        2,
        2,
        1,
        3
      ],
      "uv": [
        81,
        400,
        831,
        400,
        81,
        40,
        831,
        40
      ],
      "nuv": [
        0.09495896834701055,
        0.0881057268722467,
        0.9742086752637749,
        0.0881057268722467,
        0.09495896834701055,
        0.8810572687224669,
        0.9742086752637749,
        0.8810572687224669
      ],
      "minPos": {
        "x": -375,
        "y": -180,
        "z": 0
      },
      "maxPos": {
        "x": 375,
        "y": 180,
        "z": 0
      }
    },
    "texture": "c9179de9-fa3b-4e02-ae1c-ffb02eb70348@6c48a",
    "packable": true,
    "pixelsToUnit": 100,
    "pivot": {
      "x": 0.5,
      "y": 0.5
    },
    "meshType": 0
  }
}