{
  "__type__": "cc.SpriteFrame",
  "content": {
    "name": "skeleton",
    "atlas": "",
    "rect": {
      "x": 1,
      "y": 2,
      "width": 1095,
      "height": 496
    },
    "offset": {
      "x": -475.5,
      "y": 6
    },
    "originalSize": {
      "width": 2048,
      "height": 512
    },
    "rotated": false,
    "capInsets": [
      0,
      0,
      0,
      0
    ],
    "vertices": {
      "rawPosition": [
        -547.5,
        -248,
        0,
        547.5,
        -248,
        0,
        -547.5,
        248,
        0,
        547.5,
        248,
        0
      ],
      "indexes": [
        0,
        1,
        2,
        2,
        1,
        3
      ],
      "uv": [
        1,
        510,
        1096,
        510,
        1,
        14,
        1096,
        14
      ],
      "nuv": [
        0.00048828125,
        0.02734375,
        0.53515625,
        0.02734375,
        0.00048828125,
        0.99609375,
        0.53515625,
        0.99609375
      ],
      "minPos": {
        "x": -547.5,
        "y": -248,
        "z": 0
      },
      "maxPos": {
        "x": 547.5,
        "y": 248,
        "z": 0
      }
    },
    "texture": "c91ddb80-2999-4318-93aa-7ec9333d0cd0@6c48a",
    "packable": true,
    "pixelsToUnit": 100,
    "pivot": {
      "x": 0.5,
      "y": 0.5
    },
    "meshType": 0
  }
}