{
  "__type__": "cc.SpriteFrame",
  "content": {
    "name": "huangjinchuitousha_shadow_tex",
    "atlas": "",
    "rect": {
      "x": 1,
      "y": 1,
      "width": 853,
      "height": 979
    },
    "offset": {
      "x": -84.5,
      "y": 21.5
    },
    "originalSize": {
      "width": 1024,
      "height": 1024
    },
    "rotated": false,
    "capInsets": [
      0,
      0,
      0,
      0
    ],
    "vertices": {
      "rawPosition": [
        -426.5,
        -489.5,
        0,
        426.5,
        -489.5,
        0,
        -426.5,
        489.5,
        0,
        426.5,
        489.5,
        0
      ],
      "indexes": [
        0,
        1,
        2,
        2,
        1,
        3
      ],
      "uv": [
        1,
        1023,
        854,
        1023,
        1,
        44,
        854,
        44
      ],
      "nuv": [
        0.0009765625,
        0.04296875,
        0.833984375,
        0.04296875,
        0.0009765625,
        0.9990234375,
        0.833984375,
        0.9990234375
      ],
      "minPos": {
        "x": -426.5,
        "y": -489.5,
        "z": 0
      },
      "maxPos": {
        "x": 426.5,
        "y": 489.5,
        "z": 0
      }
    },
    "texture": "c92eb593-8d50-4842-860b-896ba88752e7@6c48a",
    "packable": true,
    "pixelsToUnit": 100,
    "pivot": {
      "x": 0.5,
      "y": 0.5
    },
    "meshType": 0
  }
}