{
  "__type__": "cc.SpriteFrame",
  "content": {
    "name": "fish_icon_huangjinchuitousha",
    "atlas": "",
    "rect": {
      "x": 1,
      "y": 6,
      "width": 87,
      "height": 63
    },
    "offset": {
      "x": 0.5,
      "y": -2.5
    },
    "originalSize": {
      "width": 88,
      "height": 70
    },
    "rotated": false,
    "capInsets": [
      0,
      0,
      0,
      0
    ],
    "vertices": {
      "rawPosition": [
        -43.5,
        -31.5,
        0,
        43.5,
        -31.5,
        0,
        -43.5,
        31.5,
        0,
        43.5,
        31.5,
        0
      ],
      "indexes": [
        0,
        1,
        2,
        2,
        1,
        3
      ],
      "uv": [
        1,
        64,
        88,
        64,
        1,
        1,
        88,
        1
      ],
      "nuv": [
        0.011363636363636364,
        0.014285714285714285,
        1,
        0.014285714285714285,
        0.011363636363636364,
        0.9142857142857143,
        1,
        0.9142857142857143
      ],
      "minPos": {
        "x": -43.5,
        "y": -31.5,
        "z": 0
      },
      "maxPos": {
        "x": 43.5,
        "y": 31.5,
        "z": 0
      }
    },
    "texture": "c9433e31-fec3-4b80-a1d0-aa8b78742a96@6c48a",
    "packable": true,
    "pixelsToUnit": 100,
    "pivot": {
      "x": 0.5,
      "y": 0.5
    },
    "meshType": 0
  }
}