{
  "__type__": "cc.SpriteFrame",
  "content": {
    "name": "shiziyu_shadow_tex",
    "atlas": "",
    "rect": {
      "x": 1,
      "y": 1,
      "width": 205,
      "height": 453
    },
    "offset": {
      "x": -24.5,
      "y": 28.5
    },
    "originalSize": {
      "width": 256,
      "height": 512
    },
    "rotated": false,
    "capInsets": [
      0,
      0,
      0,
      0
    ],
    "vertices": {
      "rawPosition": [
        -102.5,
        -226.5,
        0,
        102.5,
        -226.5,
        0,
        -102.5,
        226.5,
        0,
        102.5,
        226.5,
        0
      ],
      "indexes": [
        0,
        1,
        2,
        2,
        1,
        3
      ],
      "uv": [
        1,
        511,
        206,
        511,
        1,
        58,
        206,
        58
      ],
      "nuv": [
        0.00390625,
        0.11328125,
        0.8046875,
        0.11328125,
        0.00390625,
        0.998046875,
        0.8046875,
        0.998046875
      ],
      "minPos": {
        "x": -102.5,
        "y": -226.5,
        "z": 0
      },
      "maxPos": {
        "x": 102.5,
        "y": 226.5,
        "z": 0
      }
    },
    "texture": "c99beb19-583a-48e6-8dd6-cef324c4be65@6c48a",
    "packable": true,
    "pixelsToUnit": 100,
    "pivot": {
      "x": 0.5,
      "y": 0.5
    },
    "meshType": 0
  }
}