{
  "__type__": "cc.SpriteFrame",
  "content": {
    "name": "SIEUTOP",
    "atlas": "",
    "rect": {
      "x": 0,
      "y": 0,
      "width": 380,
      "height": 372
    },
    "offset": {
      "x": -1,
      "y": 1
    },
    "originalSize": {
      "width": 382,
      "height": 374
    },
    "rotated": false,
    "capInsets": [
      0,
      0,
      0,
      0
    ],
    "vertices": {
      "rawPosition": [
        -190,
        -186,
        0,
        190,
        -186,
        0,
        -190,
        186,
        0,
        190,
        186,
        0
      ],
      "indexes": [
        0,
        1,
        2,
        2,
        1,
        3
      ],
      "uv": [
        0,
        374,
        380,
        374,
        0,
        2,
        380,
        2
      ],
      "nuv": [
        0,
        0.0053475935828877,
        0.9947643979057592,
        0.0053475935828877,
        0,
        1,
        0.9947643979057592,
        1
      ],
      "minPos": {
        "x": -190,
        "y": -186,
        "z": 0
      },
      "maxPos": {
        "x": 190,
        "y": 186,
        "z": 0
      }
    },
    "texture": "c9a2d038-7a10-41c8-861b-09498e7a2811@6c48a",
    "packable": true,
    "pixelsToUnit": 100,
    "pivot": {
      "x": 0.5,
      "y": 0.5
    },
    "meshType": 0
  }
}