{
  "__type__": "cc.SpriteFrame",
  "content": {
    "name": "bg thong bao",
    "atlas": "",
    "rect": {
      "x": 3,
      "y": 0,
      "width": 944,
      "height": 612
    },
    "offset": {
      "x": 0,
      "y": 0
    },
    "originalSize": {
      "width": 950,
      "height": 612
    },
    "rotated": false,
    "capInsets": [
      0,
      0,
      0,
      0
    ],
    "vertices": {
      "rawPosition": [
        -472,
        -306,
        0,
        472,
        -306,
        0,
        -472,
        306,
        0,
        472,
        306,
        0
      ],
      "indexes": [
        0,
        1,
        2,
        2,
        1,
        3
      ],
      "uv": [
        3,
        612,
        947,
        612,
        3,
        0,
        947,
        0
      ],
      "nuv": [
        0.003157894736842105,
        0,
        0.9968421052631579,
        0,
        0.003157894736842105,
        1,
        0.9968421052631579,
        1
      ],
      "minPos": {
        "x": -472,
        "y": -306,
        "z": 0
      },
      "maxPos": {
        "x": 472,
        "y": 306,
        "z": 0
      }
    },
    "texture": "c9f52eb8-6b63-4005-ad38-8dab779d1945@6c48a",
    "packable": true,
    "pixelsToUnit": 100,
    "pivot": {
      "x": 0.5,
      "y": 0.5
    },
    "meshType": 0
  }
}