{
  "__type__": "cc.SpriteFrame",
  "content": {
    "name": "DongMauAnhHung",
    "atlas": "",
    "rect": {
      "x": 1,
      "y": 1,
      "width": 1001,
      "height": 510
    },
    "offset": {
      "x": -10.5,
      "y": 0
    },
    "originalSize": {
      "width": 1024,
      "height": 512
    },
    "rotated": false,
    "capInsets": [
      0,
      0,
      0,
      0
    ],
    "vertices": {
      "rawPosition": [
        -500.5,
        -255,
        0,
        500.5,
        -255,
        0,
        -500.5,
        255,
        0,
        500.5,
        255,
        0
      ],
      "indexes": [
        0,
        1,
        2,
        2,
        1,
        3
      ],
      "uv": [
        1,
        511,
        1002,
        511,
        1,
        1,
        1002,
        1
      ],
      "nuv": [
        0.0009765625,
        0.001953125,
        0.978515625,
        0.001953125,
        0.0009765625,
        0.998046875,
        0.978515625,
        0.998046875
      ],
      "minPos": {
        "x": -500.5,
        "y": -255,
        "z": 0
      },
      "maxPos": {
        "x": 500.5,
        "y": 255,
        "z": 0
      }
    },
    "texture": "ce586ca7-a6c0-47a5-9d8f-4cc683efe95c@6c48a",
    "packable": true,
    "pixelsToUnit": 100,
    "pivot": {
      "x": 0.5,
      "y": 0.5
    },
    "meshType": 0
  }
}