{
  "__type__": "cc.SpriteFrame",
  "content": {
    "name": "4",
    "atlas": "",
    "rect": {
      "x": 200,
      "y": 187,
      "width": 786,
      "height": 211
    },
    "offset": {
      "x": -47,
      "y": 67.5
    },
    "originalSize": {
      "width": 1280,
      "height": 720
    },
    "rotated": false,
    "capInsets": [
      0,
      0,
      0,
      0
    ],
    "vertices": {
      "rawPosition": [
        -393,
        -105.5,
        0,
        393,
        -105.5,
        0,
        -393,
        105.5,
        0,
        393,
        105.5,
        0
      ],
      "indexes": [
        0,
        1,
        2,
        2,
        1,
        3
      ],
      "uv": [
        200,
        533,
        986,
        533,
        200,
        322,
        986,
        322
      ],
      "nuv": [
        0.15625,
        0.44722222222222224,
        0.7703125,
        0.44722222222222224,
        0.15625,
        0.7402777777777778,
        0.7703125,
        0.7402777777777778
      ],
      "minPos": {
        "x": -393,
        "y": -105.5,
        "z": 0
      },
      "maxPos": {
        "x": 393,
        "y": 105.5,
        "z": 0
      }
    },
    "texture": "ce71b04f-04db-478b-8f64-ddef0f66f013@6c48a",
    "packable": true,
    "pixelsToUnit": 100,
    "pivot": {
      "x": 0.5,
      "y": 0.5
    },
    "meshType": 0
  }
}