{
  "__type__": "cc.SpriteFrame",
  "content": {
    "name": "tatca",
    "atlas": "",
    "rect": {
      "x": 22,
      "y": 2,
      "width": 59,
      "height": 17
    },
    "offset": {
      "x": -2,
      "y": 1.5
    },
    "originalSize": {
      "width": 107,
      "height": 24
    },
    "rotated": false,
    "capInsets": [
      0,
      0,
      0,
      0
    ],
    "vertices": {
      "rawPosition": [
        -29.5,
        -8.5,
        0,
        29.5,
        -8.5,
        0,
        -29.5,
        8.5,
        0,
        29.5,
        8.5,
        0
      ],
      "indexes": [
        0,
        1,
        2,
        2,
        1,
        3
      ],
      "uv": [
        22,
        22,
        81,
        22,
        22,
        5,
        81,
        5
      ],
      "nuv": [
        0.205607476635514,
        0.20833333333333334,
        0.7570093457943925,
        0.20833333333333334,
        0.205607476635514,
        0.9166666666666666,
        0.7570093457943925,
        0.9166666666666666
      ],
      "minPos": {
        "x": -29.5,
        "y": -8.5,
        "z": 0
      },
      "maxPos": {
        "x": 29.5,
        "y": 8.5,
        "z": 0
      }
    },
    "texture": "ceb44f05-c87e-46b9-9306-9faa77d1cfe1@6c48a",
    "packable": true,
    "pixelsToUnit": 100,
    "pivot": {
      "x": 0.5,
      "y": 0.5
    },
    "meshType": 0
  }
}