{
  "__type__": "cc.SpriteFrame",
  "content": {
    "name": "BigItems_wester_Animation",
    "atlas": "",
    "rect": {
      "x": 2,
      "y": 2,
      "width": 630,
      "height": 630
    },
    "offset": {
      "x": 0,
      "y": 0
    },
    "originalSize": {
      "width": 634,
      "height": 634
    },
    "rotated": false,
    "capInsets": [
      0,
      0,
      0,
      0
    ],
    "vertices": {
      "rawPosition": [
        -315,
        -315,
        0,
        315,
        -315,
        0,
        -315,
        315,
        0,
        315,
        315,
        0
      ],
      "indexes": [
        0,
        1,
        2,
        2,
        1,
        3
      ],
      "uv": [
        2,
        632,
        632,
        632,
        2,
        2,
        632,
        2
      ],
      "nuv": [
        0.0031545741324921135,
        0.0031545741324921135,
        0.9968454258675079,
        0.0031545741324921135,
        0.0031545741324921135,
        0.9968454258675079,
        0.9968454258675079,
        0.9968454258675079
      ],
      "minPos": {
        "x": -315,
        "y": -315,
        "z": 0
      },
      "maxPos": {
        "x": 315,
        "y": 315,
        "z": 0
      }
    },
    "texture": "d5274aba-2c13-40d2-82b9-887ccc819223@6c48a",
    "packable": true,
    "pixelsToUnit": 100,
    "pivot": {
      "x": 0.5,
      "y": 0.5
    },
    "meshType": 0
  }
}