{
  "__type__": "cc.SpriteFrame",
  "content": {
    "name": "15",
    "atlas": "",
    "rect": {
      "x": 268,
      "y": 325,
      "width": 839,
      "height": 283
    },
    "offset": {
      "x": 47.5,
      "y": -106.5
    },
    "originalSize": {
      "width": 1280,
      "height": 720
    },
    "rotated": false,
    "capInsets": [
      0,
      0,
      0,
      0
    ],
    "vertices": {
      "rawPosition": [
        -419.5,
        -141.5,
        0,
        419.5,
        -141.5,
        0,
        -419.5,
        141.5,
        0,
        419.5,
        141.5,
        0
      ],
      "indexes": [
        0,
        1,
        2,
        2,
        1,
        3
      ],
      "uv": [
        268,
        395,
        1107,
        395,
        268,
        112,
        1107,
        112
      ],
      "nuv": [
        0.209375,
        0.15555555555555556,
        0.86484375,
        0.15555555555555556,
        0.209375,
        0.5486111111111112,
        0.86484375,
        0.5486111111111112
      ],
      "minPos": {
        "x": -419.5,
        "y": -141.5,
        "z": 0
      },
      "maxPos": {
        "x": 419.5,
        "y": 141.5,
        "z": 0
      }
    },
    "texture": "d5b5e674-e5d7-4c99-90b9-59922e1381f3@6c48a",
    "packable": true,
    "pixelsToUnit": 100,
    "pivot": {
      "x": 0.5,
      "y": 0.5
    },
    "meshType": 0
  }
}