{
  "__type__": "cc.SpriteFrame",
  "content": {
    "name": "15",
    "atlas": "",
    "rect": {
      "x": 0,
      "y": 127,
      "width": 310,
      "height": 168
    },
    "offset": {
      "x": -11.5,
      "y": -45
    },
    "originalSize": {
      "width": 333,
      "height": 332
    },
    "rotated": false,
    "capInsets": [
      0,
      0,
      0,
      0
    ],
    "vertices": {
      "rawPosition": [
        -155,
        -84,
        0,
        155,
        -84,
        0,
        -155,
        84,
        0,
        155,
        84,
        0
      ],
      "indexes": [
        0,
        1,
        2,
        2,
        1,
        3
      ],
      "uv": [
        0,
        205,
        310,
        205,
        0,
        37,
        310,
        37
      ],
      "nuv": [
        0,
        0.11144578313253012,
        0.9309309309309309,
        0.11144578313253012,
        0,
        0.6174698795180723,
        0.9309309309309309,
        0.6174698795180723
      ],
      "minPos": {
        "x": -155,
        "y": -84,
        "z": 0
      },
      "maxPos": {
        "x": 155,
        "y": 84,
        "z": 0
      }
    },
    "texture": "d5cdf65d-00f6-4f6f-99e1-c17860721e7e@6c48a",
    "packable": true,
    "pixelsToUnit": 100,
    "pivot": {
      "x": 0.5,
      "y": 0.5
    },
    "meshType": 0
  }
}