{
  "__type__": "cc.SpriteFrame",
  "content": {
    "name": "16",
    "atlas": "",
    "rect": {
      "x": 22,
      "y": 28,
      "width": 311,
      "height": 168
    },
    "offset": {
      "x": 11,
      "y": 54
    },
    "originalSize": {
      "width": 333,
      "height": 332
    },
    "rotated": false,
    "capInsets": [
      0,
      0,
      0,
      0
    ],
    "vertices": {
      "rawPosition": [
        -155.5,
        -84,
        0,
        155.5,
        -84,
        0,
        -155.5,
        84,
        0,
        155.5,
        84,
        0
      ],
      "indexes": [
        0,
        1,
        2,
        2,
        1,
        3
      ],
      "uv": [
        22,
        304,
        333,
        304,
        22,
        136,
        333,
        136
      ],
      "nuv": [
        0.06606606606606606,
        0.40963855421686746,
        1,
        0.40963855421686746,
        0.06606606606606606,
        0.9156626506024096,
        1,
        0.9156626506024096
      ],
      "minPos": {
        "x": -155.5,
        "y": -84,
        "z": 0
      },
      "maxPos": {
        "x": 155.5,
        "y": 84,
        "z": 0
      }
    },
    "texture": "3d782d82-2dc2-44da-b4d5-2d63ec98e1af@6c48a",
    "packable": true,
    "pixelsToUnit": 100,
    "pivot": {
      "x": 0.5,
      "y": 0.5
    },
    "meshType": 0
  }
}