{
  "__type__": "cc.SpriteFrame",
  "content": {
    "name": "iconRongHo",
    "atlas": "",
    "rect": {
      "x": 1,
      "y": 1,
      "width": 506,
      "height": 383
    },
    "offset": {
      "x": -2,
      "y": 63.5
    },
    "originalSize": {
      "width": 512,
      "height": 512
    },
    "rotated": false,
    "capInsets": [
      0,
      0,
      0,
      0
    ],
    "vertices": {
      "rawPosition": [
        -253,
        -191.5,
        0,
        253,
        -191.5,
        0,
        -253,
        191.5,
        0,
        253,
        191.5,
        0
      ],
      "indexes": [
        0,
        1,
        2,
        2,
        1,
        3
      ],
      "uv": [
        1,
        511,
        507,
        511,
        1,
        128,
        507,
        128
      ],
      "nuv": [
        0.001953125,
        0.25,
        0.990234375,
        0.25,
        0.001953125,
        0.998046875,
        0.990234375,
        0.998046875
      ],
      "minPos": {
        "x": -253,
        "y": -191.5,
        "z": 0
      },
      "maxPos": {
        "x": 253,
        "y": 191.5,
        "z": 0
      }
    },
    "texture": "8567f6ef-a96b-4cba-8c6d-ba6782244ce9@6c48a",
    "packable": true,
    "pixelsToUnit": 100,
    "pivot": {
      "x": 0.5,
      "y": 0.5
    },
    "meshType": 0
  }
}