{
  "__type__": "cc.SpriteFrame",
  "content": {
    "name": "NOHUTHANGLON2",
    "atlas": "",
    "rect": {
      "x": 2,
      "y": 2,
      "width": 4021,
      "height": 4014
    },
    "offset": {
      "x": -35.5,
      "y": 39
    },
    "originalSize": {
      "width": 4096,
      "height": 4096
    },
    "rotated": false,
    "capInsets": [
      0,
      0,
      0,
      0
    ],
    "vertices": {
      "rawPosition": [
        -2010.5,
        -2007,
        0,
        2010.5,
        -2007,
        0,
        -2010.5,
        2007,
        0,
        2010.5,
        2007,
        0
      ],
      "indexes": [
        0,
        1,
        2,
        2,
        1,
        3
      ],
      "uv": [
        2,
        4094,
        4023,
        4094,
        2,
        80,
        4023,
        80
      ],
      "nuv": [
        0.00048828125,
        0.01953125,
        0.982177734375,
        0.01953125,
        0.00048828125,
        0.99951171875,
        0.982177734375,
        0.99951171875
      ],
      "minPos": {
        "x": -2010.5,
        "y": -2007,
        "z": 0
      },
      "maxPos": {
        "x": 2010.5,
        "y": 2007,
        "z": 0
      }
    },
    "texture": "708fc9e3-3f50-4de7-ad31-47b6de316c7d@6c48a",
    "packable": true,
    "pixelsToUnit": 100,
    "pivot": {
      "x": 0.5,
      "y": 0.5
    },
    "meshType": 0
  }
}