{
  "__type__": "cc.SpriteFrame",
  "content": {
    "name": "bieudotrang",
    "atlas": "",
    "rect": {
      "x": 1,
      "y": 1,
      "width": 28,
      "height": 28
    },
    "offset": {
      "x": 0,
      "y": 0
    },
    "originalSize": {
      "width": 30,
      "height": 30
    },
    "rotated": false,
    "capInsets": [
      0,
      0,
      0,
      0
    ],
    "vertices": {
      "rawPosition": [
        -14,
        -14,
        0,
        14,
        -14,
        0,
        -14,
        14,
        0,
        14,
        14,
        0
      ],
      "indexes": [
        0,
        1,
        2,
        2,
        1,
        3
      ],
      "uv": [
        1,
        29,
        29,
        29,
        1,
        1,
        29,
        1
      ],
      "nuv": [
        0.03333333333333333,
        0.03333333333333333,
        0.9666666666666667,
        0.03333333333333333,
        0.03333333333333333,
        0.9666666666666667,
        0.9666666666666667,
        0.9666666666666667
      ],
      "minPos": {
        "x": -14,
        "y": -14,
        "z": 0
      },
      "maxPos": {
        "x": 14,
        "y": 14,
        "z": 0
      }
    },
    "texture": "70cad6d8-c93a-44a8-8025-d1e434901cd3@6c48a",
    "packable": true,
    "pixelsToUnit": 100,
    "pivot": {
      "x": 0.5,
      "y": 0.5
    },
    "meshType": 0
  }
}