{
  "__type__": "cc.SpriteFrame",
  "content": {
    "name": "6",
    "atlas": "",
    "rect": {
      "x": 0,
      "y": 0,
      "width": 333,
      "height": 240
    },
    "offset": {
      "x": 0,
      "y": 46
    },
    "originalSize": {
      "width": 333,
      "height": 332
    },
    "rotated": false,
    "capInsets": [
      0,
      0,
      0,
      0
    ],
    "vertices": {
      "rawPosition": [
        -166.5,
        -120,
        0,
        166.5,
        -120,
        0,
        -166.5,
        120,
        0,
        166.5,
        120,
        0
      ],
      "indexes": [
        0,
        1,
        2,
        2,
        1,
        3
      ],
      "uv": [
        0,
        332,
        333,
        332,
        0,
        92,
        333,
        92
      ],
      "nuv": [
        0,
        0.27710843373493976,
        1,
        0.27710843373493976,
        0,
        1,
        1,
        1
      ],
      "minPos": {
        "x": -166.5,
        "y": -120,
        "z": 0
      },
      "maxPos": {
        "x": 166.5,
        "y": 120,
        "z": 0
      }
    },
    "texture": "43789b1c-6f53-4763-9bf1-fc372480e064@6c48a",
    "packable": true,
    "pixelsToUnit": 100,
    "pivot": {
      "x": 0.5,
      "y": 0.5
    },
    "meshType": 0
  }
}