{
  "__type__": "cc.SpriteFrame",
  "content": {
    "name": "FrozenLobby",
    "atlas": "",
    "rect": {
      "x": 1,
      "y": 1,
      "width": 702,
      "height": 1020
    },
    "offset": {
      "x": -160,
      "y": 1
    },
    "originalSize": {
      "width": 1024,
      "height": 1024
    },
    "rotated": false,
    "capInsets": [
      0,
      0,
      0,
      0
    ],
    "vertices": {
      "rawPosition": [
        -351,
        -510,
        0,
        351,
        -510,
        0,
        -351,
        510,
        0,
        351,
        510,
        0
      ],
      "indexes": [
        0,
        1,
        2,
        2,
        1,
        3
      ],
      "uv": [
        1,
        1023,
        703,
        1023,
        1,
        3,
        703,
        3
      ],
      "nuv": [
        0.0009765625,
        0.0029296875,
        0.6865234375,
        0.0029296875,
        0.0009765625,
        0.9990234375,
        0.6865234375,
        0.9990234375
      ],
      "minPos": {
        "x": -351,
        "y": -510,
        "z": 0
      },
      "maxPos": {
        "x": 351,
        "y": 510,
        "z": 0
      }
    },
    "texture": "4381f81a-5fbc-4141-9e8c-9c9576217ecc@6c48a",
    "packable": true,
    "pixelsToUnit": 100,
    "pivot": {
      "x": 0.5,
      "y": 0.5
    },
    "meshType": 0
  }
}