{
  "__type__": "cc.SpriteFrame",
  "content": {
    "name": "icon slot",
    "atlas": "",
    "rect": {
      "x": 2,
      "y": 2,
      "width": 101,
      "height": 118
    },
    "offset": {
      "x": -11.5,
      "y": 3
    },
    "originalSize": {
      "width": 128,
      "height": 128
    },
    "rotated": false,
    "capInsets": [
      0,
      0,
      0,
      0
    ],
    "vertices": {
      "rawPosition": [
        -50.5,
        -59,
        0,
        50.5,
        -59,
        0,
        -50.5,
        59,
        0,
        50.5,
        59,
        0
      ],
      "indexes": [
        0,
        1,
        2,
        2,
        1,
        3
      ],
      "uv": [
        2,
        126,
        103,
        126,
        2,
        8,
        103,
        8
      ],
      "nuv": [
        0.015625,
        0.0625,
        0.8046875,
        0.0625,
        0.015625,
        0.984375,
        0.8046875,
        0.984375
      ],
      "minPos": {
        "x": -50.5,
        "y": -59,
        "z": 0
      },
      "maxPos": {
        "x": 50.5,
        "y": 59,
        "z": 0
      }
    },
    "texture": "43a4c016-7e5e-4e35-81f5-3c110f6062e4@6c48a",
    "packable": true,
    "pixelsToUnit": 100,
    "pivot": {
      "x": 0.5,
      "y": 0.5
    },
    "meshType": 0
  }
}