{
  "__type__": "cc.SpriteFrame",
  "content": {
    "name": "baoxiang_shadow_tex",
    "atlas": "",
    "rect": {
      "x": 1,
      "y": 8,
      "width": 330,
      "height": 229
    },
    "offset": {
      "x": -4.5,
      "y": -2
    },
    "originalSize": {
      "width": 341,
      "height": 241
    },
    "rotated": false,
    "capInsets": [
      0,
      0,
      0,
      0
    ],
    "vertices": {
      "rawPosition": [
        -165,
        -114.5,
        0,
        165,
        -114.5,
        0,
        -165,
        114.5,
        0,
        165,
        114.5,
        0
      ],
      "indexes": [
        0,
        1,
        2,
        2,
        1,
        3
      ],
      "uv": [
        1,
        233,
        331,
        233,
        1,
        4,
        331,
        4
      ],
      "nuv": [
        0.002932551319648094,
        0.016597510373443983,
        0.9706744868035191,
        0.016597510373443983,
        0.002932551319648094,
        0.966804979253112,
        0.9706744868035191,
        0.966804979253112
      ],
      "minPos": {
        "x": -165,
        "y": -114.5,
        "z": 0
      },
      "maxPos": {
        "x": 165,
        "y": 114.5,
        "z": 0
      }
    },
    "texture": "43cdb762-23da-4de6-aa2a-695c3ba30a92@6c48a",
    "packable": true,
    "pixelsToUnit": 100,
    "pivot": {
      "x": 0.5,
      "y": 0.5
    },
    "meshType": 0
  }
}