{
  "__type__": "cc.SpriteFrame",
  "content": {
    "name": "Tài xỉu",
    "atlas": "",
    "rect": {
      "x": 2,
      "y": 3,
      "width": 1974,
      "height": 475
    },
    "offset": {
      "x": -35,
      "y": 15.5
    },
    "originalSize": {
      "width": 2048,
      "height": 512
    },
    "rotated": false,
    "capInsets": [
      0,
      0,
      0,
      0
    ],
    "vertices": {
      "rawPosition": [
        -987,
        -237.5,
        0,
        987,
        -237.5,
        0,
        -987,
        237.5,
        0,
        987,
        237.5,
        0
      ],
      "indexes": [
        0,
        1,
        2,
        2,
        1,
        3
      ],
      "uv": [
        2,
        509,
        1976,
        509,
        2,
        34,
        1976,
        34
      ],
      "nuv": [
        0.0009765625,
        0.06640625,
        0.96484375,
        0.06640625,
        0.0009765625,
        0.994140625,
        0.96484375,
        0.994140625
      ],
      "minPos": {
        "x": -987,
        "y": -237.5,
        "z": 0
      },
      "maxPos": {
        "x": 987,
        "y": 237.5,
        "z": 0
      }
    },
    "texture": "43dd7296-80f5-4e26-be34-84acdab97593@6c48a",
    "packable": true,
    "pixelsToUnit": 100,
    "pivot": {
      "x": 0.5,
      "y": 0.5
    },
    "meshType": 0
  }
}