{
  "__type__": "cc.SpriteFrame",
  "content": {
    "name": "1000",
    "atlas": "",
    "rect": {
      "x": 3,
      "y": 3,
      "width": 2042,
      "height": 491
    },
    "offset": {
      "x": 0,
      "y": 7.5
    },
    "originalSize": {
      "width": 2048,
      "height": 512
    },
    "rotated": false,
    "capInsets": [
      0,
      0,
      0,
      0
    ],
    "vertices": {
      "rawPosition": [
        -1021,
        -245.5,
        0,
        1021,
        -245.5,
        0,
        -1021,
        245.5,
        0,
        1021,
        245.5,
        0
      ],
      "indexes": [
        0,
        1,
        2,
        2,
        1,
        3
      ],
      "uv": [
        3,
        509,
        2045,
        509,
        3,
        18,
        2045,
        18
      ],
      "nuv": [
        0.00146484375,
        0.03515625,
        0.99853515625,
        0.03515625,
        0.00146484375,
        0.994140625,
        0.99853515625,
        0.994140625
      ],
      "minPos": {
        "x": -1021,
        "y": -245.5,
        "z": 0
      },
      "maxPos": {
        "x": 1021,
        "y": 245.5,
        "z": 0
      }
    },
    "texture": "6f8f3013-71cb-445b-aa38-c503d0f4bebe@6c48a",
    "packable": true,
    "pixelsToUnit": 100,
    "pivot": {
      "x": 0.5,
      "y": 0.5
    },
    "meshType": 0
  }
}