{
  "__type__": "cc.SpriteFrame",
  "content": {
    "name": "19",
    "atlas": "",
    "rect": {
      "x": 275,
      "y": 164,
      "width": 815,
      "height": 440
    },
    "offset": {
      "x": 42.5,
      "y": -24
    },
    "originalSize": {
      "width": 1280,
      "height": 720
    },
    "rotated": false,
    "capInsets": [
      0,
      0,
      0,
      0
    ],
    "vertices": {
      "rawPosition": [
        -407.5,
        -220,
        0,
        407.5,
        -220,
        0,
        -407.5,
        220,
        0,
        407.5,
        220,
        0
      ],
      "indexes": [
        0,
        1,
        2,
        2,
        1,
        3
      ],
      "uv": [
        275,
        556,
        1090,
        556,
        275,
        116,
        1090,
        116
      ],
      "nuv": [
        0.21484375,
        0.16111111111111112,
        0.8515625,
        0.16111111111111112,
        0.21484375,
        0.7722222222222223,
        0.8515625,
        0.7722222222222223
      ],
      "minPos": {
        "x": -407.5,
        "y": -220,
        "z": 0
      },
      "maxPos": {
        "x": 407.5,
        "y": 220,
        "z": 0
      }
    },
    "texture": "c6628986-49ce-485d-8c63-30f66a6bac47@6c48a",
    "packable": true,
    "pixelsToUnit": 100,
    "pivot": {
      "x": 0.5,
      "y": 0.5
    },
    "meshType": 0
  }
}