{
  "__type__": "cc.SpriteFrame",
  "content": {
    "name": "longliyu_shadow_tex",
    "atlas": "",
    "rect": {
      "x": 1,
      "y": 1,
      "width": 856,
      "height": 1004
    },
    "offset": {
      "x": -83,
      "y": 9
    },
    "originalSize": {
      "width": 1024,
      "height": 1024
    },
    "rotated": false,
    "capInsets": [
      0,
      0,
      0,
      0
    ],
    "vertices": {
      "rawPosition": [
        -428,
        -502,
        0,
        428,
        -502,
        0,
        -428,
        502,
        0,
        428,
        502,
        0
      ],
      "indexes": [
        0,
        1,
        2,
        2,
        1,
        3
      ],
      "uv": [
        1,
        1023,
        857,
        1023,
        1,
        19,
        857,
        19
      ],
      "nuv": [
        0.0009765625,
        0.0185546875,
        0.8369140625,
        0.0185546875,
        0.0009765625,
        0.9990234375,
        0.8369140625,
        0.9990234375
      ],
      "minPos": {
        "x": -428,
        "y": -502,
        "z": 0
      },
      "maxPos": {
        "x": 428,
        "y": 502,
        "z": 0
      }
    },
    "texture": "c6728a0e-724e-49e5-a5fc-6b6e062fa80d@6c48a",
    "packable": true,
    "pixelsToUnit": 100,
    "pivot": {
      "x": 0.5,
      "y": 0.5
    },
    "meshType": 0
  }
}