{
  "__type__": "cc.SpriteFrame",
  "content": {
    "name": "Logo",
    "atlas": "",
    "rect": {
      "x": 4,
      "y": 11,
      "width": 290,
      "height": 189
    },
    "offset": {
      "x": -1,
      "y": -5.5
    },
    "originalSize": {
      "width": 300,
      "height": 200
    },
    "rotated": false,
    "capInsets": [
      0,
      0,
      0,
      0
    ],
    "vertices": {
      "rawPosition": [
        -145,
        -94.5,
        0,
        145,
        -94.5,
        0,
        -145,
        94.5,
        0,
        145,
        94.5,
        0
      ],
      "indexes": [
        0,
        1,
        2,
        2,
        1,
        3
      ],
      "uv": [
        4,
        189,
        294,
        189,
        4,
        0,
        294,
        0
      ],
      "nuv": [
        0.013333333333333334,
        0,
        0.98,
        0,
        0.013333333333333334,
        0.945,
        0.98,
        0.945
      ],
      "minPos": {
        "x": -145,
        "y": -94.5,
        "z": 0
      },
      "maxPos": {
        "x": 145,
        "y": 94.5,
        "z": 0
      }
    },
    "texture": "e63012c2-2821-4e76-b167-b5e74163bf45@6c48a",
    "packable": true,
    "pixelsToUnit": 100,
    "pivot": {
      "x": 0.5,
      "y": 0.5
    },
    "meshType": 0
  }
}