{
  "__type__": "cc.SpriteFrame",
  "content": {
    "name": "line21",
    "atlas": "",
    "rect": {
      "x": 195,
      "y": 14,
      "width": 1026,
      "height": 631
    },
    "offset": {
      "x": 68,
      "y": 30.5
    },
    "originalSize": {
      "width": 1280,
      "height": 720
    },
    "rotated": false,
    "capInsets": [
      0,
      0,
      0,
      0
    ],
    "vertices": {
      "rawPosition": [
        -513,
        -315.5,
        0,
        513,
        -315.5,
        0,
        -513,
        315.5,
        0,
        513,
        315.5,
        0
      ],
      "indexes": [
        0,
        1,
        2,
        2,
        1,
        3
      ],
      "uv": [
        195,
        706,
        1221,
        706,
        195,
        75,
        1221,
        75
      ],
      "nuv": [
        0.15234375,
        0.10416666666666667,
        0.95390625,
        0.10416666666666667,
        0.15234375,
        0.9805555555555555,
        0.95390625,
        0.9805555555555555
      ],
      "minPos": {
        "x": -513,
        "y": -315.5,
        "z": 0
      },
      "maxPos": {
        "x": 513,
        "y": 315.5,
        "z": 0
      }
    },
    "texture": "e63d0915-bcc5-4424-8d1b-79d8beb5a80a@6c48a",
    "packable": true,
    "pixelsToUnit": 100,
    "pivot": {
      "x": 0.5,
      "y": 0.5
    },
    "meshType": 0
  }
}