{
  "__type__": "cc.SpriteFrame",
  "content": {
    "name": "14",
    "atlas": "",
    "rect": {
      "x": 290,
      "y": 182,
      "width": 793,
      "height": 357
    },
    "offset": {
      "x": 46.5,
      "y": -0.5
    },
    "originalSize": {
      "width": 1280,
      "height": 720
    },
    "rotated": false,
    "capInsets": [
      0,
      0,
      0,
      0
    ],
    "vertices": {
      "rawPosition": [
        -396.5,
        -178.5,
        0,
        396.5,
        -178.5,
        0,
        -396.5,
        178.5,
        0,
        396.5,
        178.5,
        0
      ],
      "indexes": [
        0,
        1,
        2,
        2,
        1,
        3
      ],
      "uv": [
        290,
        538,
        1083,
        538,
        290,
        181,
        1083,
        181
      ],
      "nuv": [
        0.2265625,
        0.2513888888888889,
        0.84609375,
        0.2513888888888889,
        0.2265625,
        0.7472222222222222,
        0.84609375,
        0.7472222222222222
      ],
      "minPos": {
        "x": -396.5,
        "y": -178.5,
        "z": 0
      },
      "maxPos": {
        "x": 396.5,
        "y": 178.5,
        "z": 0
      }
    },
    "texture": "e6552b85-eab4-4940-924a-889ba0fe084c@6c48a",
    "packable": true,
    "pixelsToUnit": 100,
    "pivot": {
      "x": 0.5,
      "y": 0.5
    },
    "meshType": 0
  }
}