{
  "__type__": "cc.SpriteFrame",
  "content": {
    "name": "phaohoa_jackpot",
    "atlas": "",
    "rect": {
      "x": 0,
      "y": 0,
      "width": 1915,
      "height": 1091
    },
    "offset": {
      "x": -2.5,
      "y": 6.5
    },
    "originalSize": {
      "width": 1920,
      "height": 1104
    },
    "rotated": false,
    "capInsets": [
      0,
      0,
      0,
      0
    ],
    "vertices": {
      "rawPosition": [
        -957.5,
        -545.5,
        0,
        957.5,
        -545.5,
        0,
        -957.5,
        545.5,
        0,
        957.5,
        545.5,
        0
      ],
      "indexes": [
        0,
        1,
        2,
        2,
        1,
        3
      ],
      "uv": [
        0,
        1104,
        1915,
        1104,
        0,
        13,
        1915,
        13
      ],
      "nuv": [
        0,
        0.01177536231884058,
        0.9973958333333334,
        0.01177536231884058,
        0,
        1,
        0.9973958333333334,
        1
      ],
      "minPos": {
        "x": -957.5,
        "y": -545.5,
        "z": 0
      },
      "maxPos": {
        "x": 957.5,
        "y": 545.5,
        "z": 0
      }
    },
    "texture": "6445d4c3-264a-4e25-9c65-9fcf95240736@6c48a",
    "packable": true,
    "pixelsToUnit": 100,
    "pivot": {
      "x": 0.5,
      "y": 0.5
    },
    "meshType": 0
  }
}