{
  "__type__": "cc.SpriteFrame",
  "content": {
    "name": "4",
    "atlas": "",
    "rect": {
      "x": 2,
      "y": 0,
      "width": 323,
      "height": 332
    },
    "offset": {
      "x": -3,
      "y": 0
    },
    "originalSize": {
      "width": 333,
      "height": 332
    },
    "rotated": false,
    "capInsets": [
      0,
      0,
      0,
      0
    ],
    "vertices": {
      "rawPosition": [
        -161.5,
        -166,
        0,
        161.5,
        -166,
        0,
        -161.5,
        166,
        0,
        161.5,
        166,
        0
      ],
      "indexes": [
        0,
        1,
        2,
        2,
        1,
        3
      ],
      "uv": [
        2,
        332,
        325,
        332,
        2,
        0,
        325,
        0
      ],
      "nuv": [
        0.006006006006006006,
        0,
        0.975975975975976,
        0,
        0.006006006006006006,
        1,
        0.975975975975976,
        1
      ],
      "minPos": {
        "x": -161.5,
        "y": -166,
        "z": 0
      },
      "maxPos": {
        "x": 161.5,
        "y": 166,
        "z": 0
      }
    },
    "texture": "64c7afcd-6cb2-48bc-b096-dc299ecc1239@6c48a",
    "packable": true,
    "pixelsToUnit": 100,
    "pivot": {
      "x": 0.5,
      "y": 0.5
    },
    "meshType": 0
  }
}