{
  "__type__": "cc.SpriteFrame",
  "content": {
    "name": "chondong",
    "atlas": "",
    "rect": {
      "x": 0,
      "y": 0,
      "width": 684,
      "height": 669
    },
    "offset": {
      "x": -1,
      "y": 1
    },
    "originalSize": {
      "width": 686,
      "height": 671
    },
    "rotated": false,
    "capInsets": [
      0,
      0,
      0,
      0
    ],
    "vertices": {
      "rawPosition": [
        -342,
        -334.5,
        0,
        342,
        -334.5,
        0,
        -342,
        334.5,
        0,
        342,
        334.5,
        0
      ],
      "indexes": [
        0,
        1,
        2,
        2,
        1,
        3
      ],
      "uv": [
        0,
        671,
        684,
        671,
        0,
        2,
        684,
        2
      ],
      "nuv": [
        0,
        0.0029806259314456036,
        0.9970845481049563,
        0.0029806259314456036,
        0,
        1,
        0.9970845481049563,
        1
      ],
      "minPos": {
        "x": -342,
        "y": -334.5,
        "z": 0
      },
      "maxPos": {
        "x": 342,
        "y": 334.5,
        "z": 0
      }
    },
    "texture": "64ef0787-5173-401a-9738-fdd5b46ac408@6c48a",
    "packable": true,
    "pixelsToUnit": 100,
    "pivot": {
      "x": 0.5,
      "y": 0.5
    },
    "meshType": 0
  }
}