{
  "__type__": "cc.SpriteFrame",
  "content": {
    "name": "13",
    "atlas": "",
    "rect": {
      "x": 78,
      "y": 224,
      "width": 759,
      "height": 189
    },
    "offset": {
      "x": 31,
      "y": -91.5
    },
    "originalSize": {
      "width": 853,
      "height": 454
    },
    "rotated": false,
    "capInsets": [
      0,
      0,
      0,
      0
    ],
    "vertices": {
      "rawPosition": [
        -379.5,
        -94.5,
        0,
        379.5,
        -94.5,
        0,
        -379.5,
        94.5,
        0,
        379.5,
        94.5,
        0
      ],
      "indexes": [
        0,
        1,
        2,
        2,
        1,
        3
      ],
      "uv": [
        78,
        230,
        837,
        230,
        78,
        41,
        837,
        41
      ],
      "nuv": [
        0.0914419695193435,
        0.09030837004405286,
        0.981242672919109,
        0.09030837004405286,
        0.0914419695193435,
        0.5066079295154186,
        0.981242672919109,
        0.5066079295154186
      ],
      "minPos": {
        "x": -379.5,
        "y": -94.5,
        "z": 0
      },
      "maxPos": {
        "x": 379.5,
        "y": 94.5,
        "z": 0
      }
    },
    "texture": "d35bcb31-1beb-4d16-b11a-d18388951f45@6c48a",
    "packable": true,
    "pixelsToUnit": 100,
    "pivot": {
      "x": 0.5,
      "y": 0.5
    },
    "meshType": 0
  }
}