{
  "__type__": "cc.SpriteFrame",
  "content": {
    "name": "Avengers",
    "atlas": "",
    "rect": {
      "x": 1,
      "y": 1,
      "width": 803,
      "height": 505
    },
    "offset": {
      "x": -109.5,
      "y": 2.5
    },
    "originalSize": {
      "width": 1024,
      "height": 512
    },
    "rotated": false,
    "capInsets": [
      0,
      0,
      0,
      0
    ],
    "vertices": {
      "rawPosition": [
        -401.5,
        -252.5,
        0,
        401.5,
        -252.5,
        0,
        -401.5,
        252.5,
        0,
        401.5,
        252.5,
        0
      ],
      "indexes": [
        0,
        1,
        2,
        2,
        1,
        3
      ],
      "uv": [
        1,
        511,
        804,
        511,
        1,
        6,
        804,
        6
      ],
      "nuv": [
        0.0009765625,
        0.01171875,
        0.78515625,
        0.01171875,
        0.0009765625,
        0.998046875,
        0.78515625,
        0.998046875
      ],
      "minPos": {
        "x": -401.5,
        "y": -252.5,
        "z": 0
      },
      "maxPos": {
        "x": 401.5,
        "y": 252.5,
        "z": 0
      }
    },
    "texture": "f775ce5c-aded-42a9-9692-ddd22e141607@6c48a",
    "packable": true,
    "pixelsToUnit": 100,
    "pivot": {
      "x": 0.5,
      "y": 0.5
    },
    "meshType": 0
  }
}