{
  "__type__": "cc.SpriteFrame",
  "content": {
    "name": "1",
    "atlas": "",
    "rect": {
      "x": 19,
      "y": 223,
      "width": 762,
      "height": 19
    },
    "offset": {
      "x": -26.5,
      "y": -5.5
    },
    "originalSize": {
      "width": 853,
      "height": 454
    },
    "rotated": false,
    "capInsets": [
      0,
      0,
      0,
      0
    ],
    "vertices": {
      "rawPosition": [
        -381,
        -9.5,
        0,
        381,
        -9.5,
        0,
        -381,
        9.5,
        0,
        381,
        9.5,
        0
      ],
      "indexes": [
        0,
        1,
        2,
        2,
        1,
        3
      ],
      "uv": [
        19,
        231,
        781,
        231,
        19,
        212,
        781,
        212
      ],
      "nuv": [
        0.022274325908558032,
        0.4669603524229075,
        0.9155920281359906,
        0.4669603524229075,
        0.022274325908558032,
        0.5088105726872246,
        0.9155920281359906,
        0.5088105726872246
      ],
      "minPos": {
        "x": -381,
        "y": -9.5,
        "z": 0
      },
      "maxPos": {
        "x": 381,
        "y": 9.5,
        "z": 0
      }
    },
    "texture": "f77757bd-0158-4879-a09f-f928a5df36cb@6c48a",
    "packable": true,
    "pixelsToUnit": 100,
    "pivot": {
      "x": 0.5,
      "y": 0.5
    },
    "meshType": 0
  }
}