{
  "__type__": "cc.SpriteFrame",
  "content": {
    "name": "skeleton",
    "atlas": "",
    "rect": {
      "x": 2,
      "y": 2,
      "width": 971,
      "height": 733
    },
    "offset": {
      "x": -24.5,
      "y": 143.5
    },
    "originalSize": {
      "width": 1024,
      "height": 1024
    },
    "rotated": false,
    "capInsets": [
      0,
      0,
      0,
      0
    ],
    "vertices": {
      "rawPosition": [
        -485.5,
        -366.5,
        0,
        485.5,
        -366.5,
        0,
        -485.5,
        366.5,
        0,
        485.5,
        366.5,
        0
      ],
      "indexes": [
        0,
        1,
        2,
        2,
        1,
        3
      ],
      "uv": [
        2,
        1022,
        973,
        1022,
        2,
        289,
        973,
        289
      ],
      "nuv": [
        0.001953125,
        0.2822265625,
        0.9501953125,
        0.2822265625,
        0.001953125,
        0.998046875,
        0.9501953125,
        0.998046875
      ],
      "minPos": {
        "x": -485.5,
        "y": -366.5,
        "z": 0
      },
      "maxPos": {
        "x": 485.5,
        "y": 366.5,
        "z": 0
      }
    },
    "texture": "8d07009c-b60c-47fd-a6dd-45313fe35ce1@6c48a",
    "packable": true,
    "pixelsToUnit": 100,
    "pivot": {
      "x": 0.5,
      "y": 0.5
    },
    "meshType": 0
  }
}