{
  "__type__": "cc.SpriteFrame",
  "content": {
    "name": "cuoc",
    "atlas": "",
    "rect": {
      "x": 44,
      "y": 72,
      "width": 134,
      "height": 92
    },
    "offset": {
      "x": 2,
      "y": -9.5
    },
    "originalSize": {
      "width": 218,
      "height": 217
    },
    "rotated": false,
    "capInsets": [
      0,
      0,
      0,
      0
    ],
    "vertices": {
      "rawPosition": [
        -67,
        -46,
        0,
        67,
        -46,
        0,
        -67,
        46,
        0,
        67,
        46,
        0
      ],
      "indexes": [
        0,
        1,
        2,
        2,
        1,
        3
      ],
      "uv": [
        44,
        145,
        178,
        145,
        44,
        53,
        178,
        53
      ],
      "nuv": [
        0.2018348623853211,
        0.24423963133640553,
        0.8165137614678899,
        0.24423963133640553,
        0.2018348623853211,
        0.6682027649769585,
        0.8165137614678899,
        0.6682027649769585
      ],
      "minPos": {
        "x": -67,
        "y": -46,
        "z": 0
      },
      "maxPos": {
        "x": 67,
        "y": 46,
        "z": 0
      }
    },
    "texture": "8d29ea75-e902-4e6f-ace3-7fc2c86cbfb7@6c48a",
    "packable": true,
    "pixelsToUnit": 100,
    "pivot": {
      "x": 0.5,
      "y": 0.5
    },
    "meshType": 0
  }
}