{
  "__type__": "cc.SpriteFrame",
  "content": {
    "name": "FONTMACDINH-export",
    "atlas": "",
    "rect": {
      "x": 0,
      "y": 0,
      "width": 316,
      "height": 255
    },
    "offset": {
      "x": -98,
      "y": 0.5
    },
    "originalSize": {
      "width": 512,
      "height": 256
    },
    "rotated": false,
    "capInsets": [
      0,
      0,
      0,
      0
    ],
    "vertices": {
      "rawPosition": [
        -158,
        -127.5,
        0,
        158,
        -127.5,
        0,
        -158,
        127.5,
        0,
        158,
        127.5,
        0
      ],
      "indexes": [
        0,
        1,
        2,
        2,
        1,
        3
      ],
      "uv": [
        0,
        256,
        316,
        256,
        0,
        1,
        316,
        1
      ],
      "nuv": [
        0,
        0.00390625,
        0.6171875,
        0.00390625,
        0,
        1,
        0.6171875,
        1
      ],
      "minPos": {
        "x": -158,
        "y": -127.5,
        "z": 0
      },
      "maxPos": {
        "x": 158,
        "y": 127.5,
        "z": 0
      }
    },
    "texture": "8d4d4337-40b3-4f95-bbfc-5bf6237da2fa@6c48a",
    "packable": true,
    "pixelsToUnit": 100,
    "pivot": {
      "x": 0.5,
      "y": 0.5
    },
    "meshType": 0
  }
}