{
  "__type__": "cc.SpriteFrame",
  "content": {
    "name": "CaoThapIcon",
    "atlas": "",
    "rect": {
      "x": 2,
      "y": 2,
      "width": 812,
      "height": 226
    },
    "offset": {
      "x": -104,
      "y": 13
    },
    "originalSize": {
      "width": 1024,
      "height": 256
    },
    "rotated": false,
    "capInsets": [
      0,
      0,
      0,
      0
    ],
    "vertices": {
      "rawPosition": [
        -406,
        -113,
        0,
        406,
        -113,
        0,
        -406,
        113,
        0,
        406,
        113,
        0
      ],
      "indexes": [
        0,
        1,
        2,
        2,
        1,
        3
      ],
      "uv": [
        2,
        254,
        814,
        254,
        2,
        28,
        814,
        28
      ],
      "nuv": [
        0.001953125,
        0.109375,
        0.794921875,
        0.109375,
        0.001953125,
        0.9921875,
        0.794921875,
        0.9921875
      ],
      "minPos": {
        "x": -406,
        "y": -113,
        "z": 0
      },
      "maxPos": {
        "x": 406,
        "y": 113,
        "z": 0
      }
    },
    "texture": "8d73a04e-228f-4770-8610-456dd6aaf313@6c48a",
    "packable": true,
    "pixelsToUnit": 100,
    "pivot": {
      "x": 0.5,
      "y": 0.5
    },
    "meshType": 0
  }
}