{
  "__type__": "cc.SpriteFrame",
  "content": {
    "name": "text",
    "atlas": "",
    "rect": {
      "x": 0,
      "y": 0,
      "width": 1184,
      "height": 196
    },
    "offset": {
      "x": -8,
      "y": 0
    },
    "originalSize": {
      "width": 1200,
      "height": 196
    },
    "rotated": false,
    "capInsets": [
      0,
      0,
      0,
      0
    ],
    "vertices": {
      "rawPosition": [
        -592,
        -98,
        0,
        592,
        -98,
        0,
        -592,
        98,
        0,
        592,
        98,
        0
      ],
      "indexes": [
        0,
        1,
        2,
        2,
        1,
        3
      ],
      "uv": [
        0,
        196,
        1184,
        196,
        0,
        0,
        1184,
        0
      ],
      "nuv": [
        0,
        0,
        0.9866666666666667,
        0,
        0,
        1,
        0.9866666666666667,
        1
      ],
      "minPos": {
        "x": -592,
        "y": -98,
        "z": 0
      },
      "maxPos": {
        "x": 592,
        "y": 98,
        "z": 0
      }
    },
    "texture": "8dfbc084-041b-4163-affc-af87524e996b@6c48a",
    "packable": true,
    "pixelsToUnit": 100,
    "pivot": {
      "x": 0.5,
      "y": 0.5
    },
    "meshType": 0
  }
}