{
  "__type__": "cc.SpriteFrame",
  "content": {
    "name": "huong_dan",
    "atlas": "",
    "rect": {
      "x": 0,
      "y": 0,
      "width": 975,
      "height": 619
    },
    "offset": {
      "x": -1,
      "y": 1
    },
    "originalSize": {
      "width": 977,
      "height": 621
    },
    "rotated": false,
    "capInsets": [
      0,
      0,
      0,
      0
    ],
    "vertices": {
      "rawPosition": [
        -487.5,
        -309.5,
        0,
        487.5,
        -309.5,
        0,
        -487.5,
        309.5,
        0,
        487.5,
        309.5,
        0
      ],
      "indexes": [
        0,
        1,
        2,
        2,
        1,
        3
      ],
      "uv": [
        0,
        621,
        975,
        621,
        0,
        2,
        975,
        2
      ],
      "nuv": [
        0,
        0.00322061191626409,
        0.9979529170931423,
        0.00322061191626409,
        0,
        1,
        0.9979529170931423,
        1
      ],
      "minPos": {
        "x": -487.5,
        "y": -309.5,
        "z": 0
      },
      "maxPos": {
        "x": 487.5,
        "y": 309.5,
        "z": 0
      }
    },
    "texture": "047c46b1-a9d8-416e-b91b-395693352f29@6c48a",
    "packable": true,
    "pixelsToUnit": 100,
    "pivot": {
      "x": 0.5,
      "y": 0.5
    },
    "meshType": 0
  }
}