{
  "__type__": "cc.SpriteFrame",
  "content": {
    "name": "Jaose1",
    "atlas": "",
    "rect": {
      "x": 2,
      "y": 3,
      "width": 2038,
      "height": 506
    },
    "offset": {
      "x": -3,
      "y": 0
    },
    "originalSize": {
      "width": 2048,
      "height": 512
    },
    "rotated": false,
    "capInsets": [
      0,
      0,
      0,
      0
    ],
    "vertices": {
      "rawPosition": [
        -1019,
        -253,
        0,
        1019,
        -253,
        0,
        -1019,
        253,
        0,
        1019,
        253,
        0
      ],
      "indexes": [
        0,
        1,
        2,
        2,
        1,
        3
      ],
      "uv": [
        2,
        509,
        2040,
        509,
        2,
        3,
        2040,
        3
      ],
      "nuv": [
        0.0009765625,
        0.005859375,
        0.99609375,
        0.005859375,
        0.0009765625,
        0.994140625,
        0.99609375,
        0.994140625
      ],
      "minPos": {
        "x": -1019,
        "y": -253,
        "z": 0
      },
      "maxPos": {
        "x": 1019,
        "y": 253,
        "z": 0
      }
    },
    "texture": "ed150992-2733-4a0e-af8b-815cd41ff62f@6c48a",
    "packable": true,
    "pixelsToUnit": 100,
    "pivot": {
      "x": 0.5,
      "y": 0.5
    },
    "meshType": 0
  }
}