{
  "__type__": "cc.SpriteFrame",
  "content": {
    "name": "gamebai-tab-active",
    "atlas": "",
    "rect": {
      "x": 12,
      "y": 17,
      "width": 125,
      "height": 26
    },
    "offset": {
      "x": -0.5,
      "y": 0
    },
    "originalSize": {
      "width": 150,
      "height": 60
    },
    "rotated": false,
    "capInsets": [
      0,
      0,
      0,
      0
    ],
    "vertices": {
      "rawPosition": [
        -62.5,
        -13,
        0,
        62.5,
        -13,
        0,
        -62.5,
        13,
        0,
        62.5,
        13,
        0
      ],
      "indexes": [
        0,
        1,
        2,
        2,
        1,
        3
      ],
      "uv": [
        12,
        43,
        137,
        43,
        12,
        17,
        137,
        17
      ],
      "nuv": [
        0.08,
        0.2833333333333333,
        0.9133333333333333,
        0.2833333333333333,
        0.08,
        0.7166666666666667,
        0.9133333333333333,
        0.7166666666666667
      ],
      "minPos": {
        "x": -62.5,
        "y": -13,
        "z": 0
      },
      "maxPos": {
        "x": 62.5,
        "y": 13,
        "z": 0
      }
    },
    "texture": "eda66973-6b68-4a4d-bc34-06aedb28b003@6c48a",
    "packable": true,
    "pixelsToUnit": 100,
    "pivot": {
      "x": 0.5,
      "y": 0.5
    },
    "meshType": 0
  }
}