{
  "__type__": "cc.SpriteFrame",
  "content": {
    "name": "CanDy",
    "atlas": "",
    "rect": {
      "x": 1,
      "y": 1,
      "width": 467,
      "height": 269
    },
    "offset": {
      "x": -21.5,
      "y": 120.5
    },
    "originalSize": {
      "width": 512,
      "height": 512
    },
    "rotated": false,
    "capInsets": [
      0,
      0,
      0,
      0
    ],
    "vertices": {
      "rawPosition": [
        -233.5,
        -134.5,
        0,
        233.5,
        -134.5,
        0,
        -233.5,
        134.5,
        0,
        233.5,
        134.5,
        0
      ],
      "indexes": [
        0,
        1,
        2,
        2,
        1,
        3
      ],
      "uv": [
        1,
        511,
        468,
        511,
        1,
        242,
        468,
        242
      ],
      "nuv": [
        0.001953125,
        0.47265625,
        0.9140625,
        0.47265625,
        0.001953125,
        0.998046875,
        0.9140625,
        0.998046875
      ],
      "minPos": {
        "x": -233.5,
        "y": -134.5,
        "z": 0
      },
      "maxPos": {
        "x": 233.5,
        "y": 134.5,
        "z": 0
      }
    },
    "texture": "edadc13c-98b4-492f-abe1-d2bfafeca5c3@6c48a",
    "packable": true,
    "pixelsToUnit": 100,
    "pivot": {
      "x": 0.5,
      "y": 0.5
    },
    "meshType": 0
  }
}