{
  "__type__": "cc.SpriteFrame",
  "content": {
    "name": "THIENHA",
    "atlas": "",
    "rect": {
      "x": 1,
      "y": 1,
      "width": 172,
      "height": 34
    },
    "offset": {
      "x": 0,
      "y": 0
    },
    "originalSize": {
      "width": 174,
      "height": 36
    },
    "rotated": false,
    "capInsets": [
      0,
      0,
      0,
      0
    ],
    "vertices": {
      "rawPosition": [
        -86,
        -17,
        0,
        86,
        -17,
        0,
        -86,
        17,
        0,
        86,
        17,
        0
      ],
      "indexes": [
        0,
        1,
        2,
        2,
        1,
        3
      ],
      "uv": [
        1,
        35,
        173,
        35,
        1,
        1,
        173,
        1
      ],
      "nuv": [
        0.005747126436781609,
        0.027777777777777776,
        0.9942528735632183,
        0.027777777777777776,
        0.005747126436781609,
        0.9722222222222222,
        0.9942528735632183,
        0.9722222222222222
      ],
      "minPos": {
        "x": -86,
        "y": -17,
        "z": 0
      },
      "maxPos": {
        "x": 86,
        "y": 17,
        "z": 0
      }
    },
    "texture": "edc669b2-c544-4474-ae48-d1105c88cdc0@6c48a",
    "packable": true,
    "pixelsToUnit": 100,
    "pivot": {
      "x": 0.5,
      "y": 0.5
    },
    "meshType": 0
  }
}