{
  "__type__": "cc.SpriteFrame",
  "content": {
    "name": "win789 oke-01",
    "atlas": "",
    "rect": {
      "x": 22,
      "y": 2,
      "width": 569,
      "height": 399
    },
    "offset": {
      "x": -6,
      "y": 2
    },
    "originalSize": {
      "width": 625,
      "height": 407
    },
    "rotated": false,
    "capInsets": [
      0,
      0,
      0,
      0
    ],
    "vertices": {
      "rawPosition": [
        -284.5,
        -199.5,
        0,
        284.5,
        -199.5,
        0,
        -284.5,
        199.5,
        0,
        284.5,
        199.5,
        0
      ],
      "indexes": [
        0,
        1,
        2,
        2,
        1,
        3
      ],
      "uv": [
        22,
        405,
        591,
        405,
        22,
        6,
        591,
        6
      ],
      "nuv": [
        0.0352,
        0.014742014742014743,
        0.9456,
        0.014742014742014743,
        0.0352,
        0.995085995085995,
        0.9456,
        0.995085995085995
      ],
      "minPos": {
        "x": -284.5,
        "y": -199.5,
        "z": 0
      },
      "maxPos": {
        "x": 284.5,
        "y": 199.5,
        "z": 0
      }
    },
    "texture": "edeb88bf-6aca-467f-a84d-a20ff992eecd@6c48a",
    "packable": true,
    "pixelsToUnit": 100,
    "pivot": {
      "x": 0.5,
      "y": 0.5
    },
    "meshType": 0
  }
}