{
  "__type__": "cc.SpriteFrame",
  "content": {
    "name": "6",
    "atlas": "",
    "rect": {
      "x": 194,
      "y": 176,
      "width": 792,
      "height": 195
    },
    "offset": {
      "x": -50,
      "y": 86.5
    },
    "originalSize": {
      "width": 1280,
      "height": 720
    },
    "rotated": false,
    "capInsets": [
      0,
      0,
      0,
      0
    ],
    "vertices": {
      "rawPosition": [
        -396,
        -97.5,
        0,
        396,
        -97.5,
        0,
        -396,
        97.5,
        0,
        396,
        97.5,
        0
      ],
      "indexes": [
        0,
        1,
        2,
        2,
        1,
        3
      ],
      "uv": [
        194,
        544,
        986,
        544,
        194,
        349,
        986,
        349
      ],
      "nuv": [
        0.1515625,
        0.4847222222222222,
        0.7703125,
        0.4847222222222222,
        0.1515625,
        0.7555555555555555,
        0.7703125,
        0.7555555555555555
      ],
      "minPos": {
        "x": -396,
        "y": -97.5,
        "z": 0
      },
      "maxPos": {
        "x": 396,
        "y": 97.5,
        "z": 0
      }
    },
    "texture": "edfa02d8-03dc-4f00-804c-a44a0032cdda@6c48a",
    "packable": true,
    "pixelsToUnit": 100,
    "pivot": {
      "x": 0.5,
      "y": 0.5
    },
    "meshType": 0
  }
}