{
  "__type__": "cc.SpriteFrame",
  "content": {
    "name": "top3",
    "atlas": "",
    "rect": {
      "x": 1,
      "y": 1,
      "width": 87,
      "height": 60
    },
    "offset": {
      "x": 0,
      "y": 0
    },
    "originalSize": {
      "width": 89,
      "height": 62
    },
    "rotated": false,
    "capInsets": [
      0,
      0,
      0,
      0
    ],
    "vertices": {
      "rawPosition": [
        -43.5,
        -30,
        0,
        43.5,
        -30,
        0,
        -43.5,
        30,
        0,
        43.5,
        30,
        0
      ],
      "indexes": [
        0,
        1,
        2,
        2,
        1,
        3
      ],
      "uv": [
        1,
        61,
        88,
        61,
        1,
        1,
        88,
        1
      ],
      "nuv": [
        0.011235955056179775,
        0.016129032258064516,
        0.9887640449438202,
        0.016129032258064516,
        0.011235955056179775,
        0.9838709677419355,
        0.9887640449438202,
        0.9838709677419355
      ],
      "minPos": {
        "x": -43.5,
        "y": -30,
        "z": 0
      },
      "maxPos": {
        "x": 43.5,
        "y": 30,
        "z": 0
      }
    },
    "texture": "ca2c58a5-0bf3-478c-b61c-f65981313619@6c48a",
    "packable": true,
    "pixelsToUnit": 100,
    "pivot": {
      "x": 0.5,
      "y": 0.5
    },
    "meshType": 0
  }
}