{
  "__type__": "cc.SpriteFrame",
  "content": {
    "name": "NOHUTHANGLON2",
    "atlas": "",
    "rect": {
      "x": 2,
      "y": 2,
      "width": 4091,
      "height": 4089
    },
    "offset": {
      "x": -0.5,
      "y": 1.5
    },
    "originalSize": {
      "width": 4096,
      "height": 4096
    },
    "rotated": false,
    "capInsets": [
      0,
      0,
      0,
      0
    ],
    "vertices": {
      "rawPosition": [
        -2045.5,
        -2044.5,
        0,
        2045.5,
        -2044.5,
        0,
        -2045.5,
        2044.5,
        0,
        2045.5,
        2044.5,
        0
      ],
      "indexes": [
        0,
        1,
        2,
        2,
        1,
        3
      ],
      "uv": [
        2,
        4094,
        4093,
        4094,
        2,
        5,
        4093,
        5
      ],
      "nuv": [
        0.00048828125,
        0.001220703125,
        0.999267578125,
        0.001220703125,
        0.00048828125,
        0.99951171875,
        0.999267578125,
        0.99951171875
      ],
      "minPos": {
        "x": -2045.5,
        "y": -2044.5,
        "z": 0
      },
      "maxPos": {
        "x": 2045.5,
        "y": 2044.5,
        "z": 0
      }
    },
    "texture": "ca773f6d-657e-49c5-9aa6-2382d7a16763@6c48a",
    "packable": true,
    "pixelsToUnit": 100,
    "pivot": {
      "x": 0.5,
      "y": 0.5
    },
    "meshType": 0
  }
}