{
  "__type__": "cc.SpriteFrame",
  "content": {
    "name": "fish_game_menu_btn_help",
    "atlas": "",
    "rect": {
      "x": 3,
      "y": 0,
      "width": 31,
      "height": 40
    },
    "offset": {
      "x": 0.5,
      "y": 0
    },
    "originalSize": {
      "width": 36,
      "height": 40
    },
    "rotated": false,
    "capInsets": [
      0,
      0,
      0,
      0
    ],
    "vertices": {
      "rawPosition": [
        -15.5,
        -20,
        0,
        15.5,
        -20,
        0,
        -15.5,
        20,
        0,
        15.5,
        20,
        0
      ],
      "indexes": [
        0,
        1,
        2,
        2,
        1,
        3
      ],
      "uv": [
        3,
        40,
        34,
        40,
        3,
        0,
        34,
        0
      ],
      "nuv": [
        0.08333333333333333,
        0,
        0.9444444444444444,
        0,
        0.08333333333333333,
        1,
        0.9444444444444444,
        1
      ],
      "minPos": {
        "x": -15.5,
        "y": -20,
        "z": 0
      },
      "maxPos": {
        "x": 15.5,
        "y": 20,
        "z": 0
      }
    },
    "texture": "ca8dfb13-e312-4bca-a0b1-1ed8c1e33b91@6c48a",
    "packable": true,
    "pixelsToUnit": 100,
    "pivot": {
      "x": 0.5,
      "y": 0.5
    },
    "meshType": 0
  }
}