{
  "__type__": "cc.SpriteFrame",
  "content": {
    "name": "NOHUTHANGLON",
    "atlas": "",
    "rect": {
      "x": 2,
      "y": 2,
      "width": 4091,
      "height": 4092
    },
    "offset": {
      "x": -0.5,
      "y": 0
    },
    "originalSize": {
      "width": 4096,
      "height": 4096
    },
    "rotated": false,
    "capInsets": [
      0,
      0,
      0,
      0
    ],
    "vertices": {
      "rawPosition": [
        -2045.5,
        -2046,
        0,
        2045.5,
        -2046,
        0,
        -2045.5,
        2046,
        0,
        2045.5,
        2046,
        0
      ],
      "indexes": [
        0,
        1,
        2,
        2,
        1,
        3
      ],
      "uv": [
        2,
        4094,
        4093,
        4094,
        2,
        2,
        4093,
        2
      ],
      "nuv": [
        0.00048828125,
        0.00048828125,
        0.999267578125,
        0.00048828125,
        0.00048828125,
        0.99951171875,
        0.999267578125,
        0.99951171875
      ],
      "minPos": {
        "x": -2045.5,
        "y": -2046,
        "z": 0
      },
      "maxPos": {
        "x": 2045.5,
        "y": 2046,
        "z": 0
      }
    },
    "texture": "cab0744d-a77c-4407-8c0f-1c739f9b094d@6c48a",
    "packable": true,
    "pixelsToUnit": 100,
    "pivot": {
      "x": 0.5,
      "y": 0.5
    },
    "meshType": 0
  }
}