{
  "__type__": "cc.SpriteFrame",
  "content": {
    "name": "top4",
    "atlas": "",
    "rect": {
      "x": 1,
      "y": 1,
      "width": 63,
      "height": 41
    },
    "offset": {
      "x": 0,
      "y": 0
    },
    "originalSize": {
      "width": 65,
      "height": 43
    },
    "rotated": false,
    "capInsets": [
      0,
      0,
      0,
      0
    ],
    "vertices": {
      "rawPosition": [
        -31.5,
        -20.5,
        0,
        31.5,
        -20.5,
        0,
        -31.5,
        20.5,
        0,
        31.5,
        20.5,
        0
      ],
      "indexes": [
        0,
        1,
        2,
        2,
        1,
        3
      ],
      "uv": [
        1,
        42,
        64,
        42,
        1,
        1,
        64,
        1
      ],
      "nuv": [
        0.015384615384615385,
        0.023255813953488372,
        0.9846153846153847,
        0.023255813953488372,
        0.015384615384615385,
        0.9767441860465116,
        0.9846153846153847,
        0.9767441860465116
      ],
      "minPos": {
        "x": -31.5,
        "y": -20.5,
        "z": 0
      },
      "maxPos": {
        "x": 31.5,
        "y": 20.5,
        "z": 0
      }
    },
    "texture": "ac0857d6-3ce1-4aa4-b4a3-d3a05e3574ee@6c48a",
    "packable": true,
    "pixelsToUnit": 100,
    "pivot": {
      "x": 0.5,
      "y": 0.5
    },
    "meshType": 0
  }
}