{
  "__type__": "cc.SpriteFrame",
  "content": {
    "name": "Icon-DudayTaxi",
    "atlas": "",
    "rect": {
      "x": 2,
      "y": 2,
      "width": 473,
      "height": 248
    },
    "offset": {
      "x": -17.5,
      "y": 2
    },
    "originalSize": {
      "width": 512,
      "height": 256
    },
    "rotated": false,
    "capInsets": [
      0,
      0,
      0,
      0
    ],
    "vertices": {
      "rawPosition": [
        -236.5,
        -124,
        0,
        236.5,
        -124,
        0,
        -236.5,
        124,
        0,
        236.5,
        124,
        0
      ],
      "indexes": [
        0,
        1,
        2,
        2,
        1,
        3
      ],
      "uv": [
        2,
        254,
        475,
        254,
        2,
        6,
        475,
        6
      ],
      "nuv": [
        0.00390625,
        0.0234375,
        0.927734375,
        0.0234375,
        0.00390625,
        0.9921875,
        0.927734375,
        0.9921875
      ],
      "minPos": {
        "x": -236.5,
        "y": -124,
        "z": 0
      },
      "maxPos": {
        "x": 236.5,
        "y": 124,
        "z": 0
      }
    },
    "texture": "ac28e55d-434a-4b6d-b07f-b825e3a3e844@6c48a",
    "packable": true,
    "pixelsToUnit": 100,
    "pivot": {
      "x": 0.5,
      "y": 0.5
    },
    "meshType": 0
  }
}