{
  "__type__": "cc.SpriteFrame",
  "content": {
    "name": "line14",
    "atlas": "",
    "rect": {
      "x": 195,
      "y": 36,
      "width": 1009,
      "height": 428
    },
    "offset": {
      "x": 59.5,
      "y": 110
    },
    "originalSize": {
      "width": 1280,
      "height": 720
    },
    "rotated": false,
    "capInsets": [
      0,
      0,
      0,
      0
    ],
    "vertices": {
      "rawPosition": [
        -504.5,
        -214,
        0,
        504.5,
        -214,
        0,
        -504.5,
        214,
        0,
        504.5,
        214,
        0
      ],
      "indexes": [
        0,
        1,
        2,
        2,
        1,
        3
      ],
      "uv": [
        195,
        684,
        1204,
        684,
        195,
        256,
        1204,
        256
      ],
      "nuv": [
        0.15234375,
        0.35555555555555557,
        0.940625,
        0.35555555555555557,
        0.15234375,
        0.95,
        0.940625,
        0.95
      ],
      "minPos": {
        "x": -504.5,
        "y": -214,
        "z": 0
      },
      "maxPos": {
        "x": 504.5,
        "y": 214,
        "z": 0
      }
    },
    "texture": "ac62313f-f236-4a1f-96ac-af4d7df963e1@6c48a",
    "packable": true,
    "pixelsToUnit": 100,
    "pivot": {
      "x": 0.5,
      "y": 0.5
    },
    "meshType": 0
  }
}