{
  "__type__": "cc.SpriteFrame",
  "content": {
    "name": "skeleton",
    "atlas": "",
    "rect": {
      "x": 35,
      "y": 1,
      "width": 1560,
      "height": 400
    },
    "offset": {
      "x": 17,
      "y": 0
    },
    "originalSize": {
      "width": 1596,
      "height": 402
    },
    "rotated": false,
    "capInsets": [
      0,
      0,
      0,
      0
    ],
    "vertices": {
      "rawPosition": [
        -780,
        -200,
        0,
        780,
        -200,
        0,
        -780,
        200,
        0,
        780,
        200,
        0
      ],
      "indexes": [
        0,
        1,
        2,
        2,
        1,
        3
      ],
      "uv": [
        35,
        401,
        1595,
        401,
        35,
        1,
        1595,
        1
      ],
      "nuv": [
        0.021929824561403508,
        0.0024875621890547263,
        0.9993734335839599,
        0.0024875621890547263,
        0.021929824561403508,
        0.9975124378109452,
        0.9993734335839599,
        0.9975124378109452
      ],
      "minPos": {
        "x": -780,
        "y": -200,
        "z": 0
      },
      "maxPos": {
        "x": 780,
        "y": 200,
        "z": 0
      }
    },
    "texture": "acd08b3c-22b7-4394-8b36-23381c3b03dd@6c48a",
    "packable": true,
    "pixelsToUnit": 100,
    "pivot": {
      "x": 0.5,
      "y": 0.5
    },
    "meshType": 0
  }
}