{
  "__type__": "cc.SpriteFrame",
  "content": {
    "name": "6",
    "atlas": "",
    "rect": {
      "x": 78,
      "y": 52,
      "width": 755,
      "height": 188
    },
    "offset": {
      "x": 29,
      "y": 81
    },
    "originalSize": {
      "width": 853,
      "height": 454
    },
    "rotated": false,
    "capInsets": [
      0,
      0,
      0,
      0
    ],
    "vertices": {
      "rawPosition": [
        -377.5,
        -94,
        0,
        377.5,
        -94,
        0,
        -377.5,
        94,
        0,
        377.5,
        94,
        0
      ],
      "indexes": [
        0,
        1,
        2,
        2,
        1,
        3
      ],
      "uv": [
        78,
        402,
        833,
        402,
        78,
        214,
        833,
        214
      ],
      "nuv": [
        0.0914419695193435,
        0.4713656387665198,
        0.9765533411488863,
        0.4713656387665198,
        0.0914419695193435,
        0.8854625550660793,
        0.9765533411488863,
        0.8854625550660793
      ],
      "minPos": {
        "x": -377.5,
        "y": -94,
        "z": 0
      },
      "maxPos": {
        "x": 377.5,
        "y": 94,
        "z": 0
      }
    },
    "texture": "b0008b03-64b0-4135-9bae-361f57ecf85d@6c48a",
    "packable": true,
    "pixelsToUnit": 100,
    "pivot": {
      "x": 0.5,
      "y": 0.5
    },
    "meshType": 0
  }
}