{
  "__type__": "cc.SpriteFrame",
  "content": {
    "name": "bm_tambangphu",
    "atlas": "",
    "rect": {
      "x": 0,
      "y": 0,
      "width": 157,
      "height": 157
    },
    "offset": {
      "x": -0.5,
      "y": 0.5
    },
    "originalSize": {
      "width": 158,
      "height": 158
    },
    "rotated": false,
    "capInsets": [
      0,
      0,
      0,
      0
    ],
    "vertices": {
      "rawPosition": [
        -78.5,
        -78.5,
        0,
        78.5,
        -78.5,
        0,
        -78.5,
        78.5,
        0,
        78.5,
        78.5,
        0
      ],
      "indexes": [
        0,
        1,
        2,
        2,
        1,
        3
      ],
      "uv": [
        0,
        158,
        157,
        158,
        0,
        1,
        157,
        1
      ],
      "nuv": [
        0,
        0.006329113924050633,
        0.9936708860759493,
        0.006329113924050633,
        0,
        1,
        0.9936708860759493,
        1
      ],
      "minPos": {
        "x": -78.5,
        "y": -78.5,
        "z": 0
      },
      "maxPos": {
        "x": 78.5,
        "y": 78.5,
        "z": 0
      }
    },
    "texture": "b016d88e-f910-44e0-b257-5ecc28433031@6c48a",
    "packable": true,
    "pixelsToUnit": 100,
    "pivot": {
      "x": 0.5,
      "y": 0.5
    },
    "meshType": 0
  }
}