{
  "__type__": "cc.SpriteFrame",
  "content": {
    "name": "1",
    "atlas": "",
    "rect": {
      "x": 193,
      "y": 304,
      "width": 807,
      "height": 116
    },
    "offset": {
      "x": -43.5,
      "y": -2
    },
    "originalSize": {
      "width": 1280,
      "height": 720
    },
    "rotated": false,
    "capInsets": [
      0,
      0,
      0,
      0
    ],
    "vertices": {
      "rawPosition": [
        -403.5,
        -58,
        0,
        403.5,
        -58,
        0,
        -403.5,
        58,
        0,
        403.5,
        58,
        0
      ],
      "indexes": [
        0,
        1,
        2,
        2,
        1,
        3
      ],
      "uv": [
        193,
        416,
        1000,
        416,
        193,
        300,
        1000,
        300
      ],
      "nuv": [
        0.15078125,
        0.4166666666666667,
        0.78125,
        0.4166666666666667,
        0.15078125,
        0.5777777777777777,
        0.78125,
        0.5777777777777777
      ],
      "minPos": {
        "x": -403.5,
        "y": -58,
        "z": 0
      },
      "maxPos": {
        "x": 403.5,
        "y": 58,
        "z": 0
      }
    },
    "texture": "b903d18f-79f8-4ba7-9ab5-29bb0d578e02@6c48a",
    "packable": true,
    "pixelsToUnit": 100,
    "pivot": {
      "x": 0.5,
      "y": 0.5
    },
    "meshType": 0
  }
}