{
  "__type__": "cc.SpriteFrame",
  "content": {
    "name": "dongnho",
    "atlas": "",
    "rect": {
      "x": 1,
      "y": 1,
      "width": 105,
      "height": 107
    },
    "offset": {
      "x": 0,
      "y": 0
    },
    "originalSize": {
      "width": 107,
      "height": 109
    },
    "rotated": false,
    "capInsets": [
      0,
      0,
      0,
      0
    ],
    "vertices": {
      "rawPosition": [
        -52.5,
        -53.5,
        0,
        52.5,
        -53.5,
        0,
        -52.5,
        53.5,
        0,
        52.5,
        53.5,
        0
      ],
      "indexes": [
        0,
        1,
        2,
        2,
        1,
        3
      ],
      "uv": [
        1,
        108,
        106,
        108,
        1,
        1,
        106,
        1
      ],
      "nuv": [
        0.009345794392523364,
        0.009174311926605505,
        0.9906542056074766,
        0.009174311926605505,
        0.009345794392523364,
        0.9908256880733946,
        0.9906542056074766,
        0.9908256880733946
      ],
      "minPos": {
        "x": -52.5,
        "y": -53.5,
        "z": 0
      },
      "maxPos": {
        "x": 52.5,
        "y": 53.5,
        "z": 0
      }
    },
    "texture": "b947c534-0bb2-4572-9a4a-3c12358dcf62@6c48a",
    "packable": true,
    "pixelsToUnit": 100,
    "pivot": {
      "x": 0.5,
      "y": 0.5
    },
    "meshType": 0
  }
}