{
  "__type__": "cc.SpriteFrame",
  "content": {
    "name": "chip-off",
    "atlas": "",
    "rect": {
      "x": 2,
      "y": 0,
      "width": 56,
      "height": 60
    },
    "offset": {
      "x": 0,
      "y": 0
    },
    "originalSize": {
      "width": 60,
      "height": 60
    },
    "rotated": false,
    "capInsets": [
      0,
      0,
      0,
      0
    ],
    "vertices": {
      "rawPosition": [
        -28,
        -30,
        0,
        28,
        -30,
        0,
        -28,
        30,
        0,
        28,
        30,
        0
      ],
      "indexes": [
        0,
        1,
        2,
        2,
        1,
        3
      ],
      "uv": [
        2,
        60,
        58,
        60,
        2,
        0,
        58,
        0
      ],
      "nuv": [
        0.03333333333333333,
        0,
        0.9666666666666667,
        0,
        0.03333333333333333,
        1,
        0.9666666666666667,
        1
      ],
      "minPos": {
        "x": -28,
        "y": -30,
        "z": 0
      },
      "maxPos": {
        "x": 28,
        "y": 30,
        "z": 0
      }
    },
    "texture": "b9fe272e-9181-4a89-a0f6-1bebb16d0662@6c48a",
    "packable": true,
    "pixelsToUnit": 100,
    "pivot": {
      "x": 0.5,
      "y": 0.5
    },
    "meshType": 0
  }
}