{
  "__type__": "cc.SpriteFrame",
  "content": {
    "name": "12",
    "atlas": "",
    "rect": {
      "x": 1,
      "y": 28,
      "width": 310,
      "height": 168
    },
    "offset": {
      "x": -10.5,
      "y": 54
    },
    "originalSize": {
      "width": 333,
      "height": 332
    },
    "rotated": false,
    "capInsets": [
      0,
      0,
      0,
      0
    ],
    "vertices": {
      "rawPosition": [
        -155,
        -84,
        0,
        155,
        -84,
        0,
        -155,
        84,
        0,
        155,
        84,
        0
      ],
      "indexes": [
        0,
        1,
        2,
        2,
        1,
        3
      ],
      "uv": [
        1,
        304,
        311,
        304,
        1,
        136,
        311,
        136
      ],
      "nuv": [
        0.003003003003003003,
        0.40963855421686746,
        0.933933933933934,
        0.40963855421686746,
        0.003003003003003003,
        0.9156626506024096,
        0.933933933933934,
        0.9156626506024096
      ],
      "minPos": {
        "x": -155,
        "y": -84,
        "z": 0
      },
      "maxPos": {
        "x": 155,
        "y": 84,
        "z": 0
      }
    },
    "texture": "f5887eed-7612-46e7-9cb0-4ac676160ae0@6c48a",
    "packable": true,
    "pixelsToUnit": 100,
    "pivot": {
      "x": 0.5,
      "y": 0.5
    },
    "meshType": 0
  }
}