{
  "__type__": "cc.SpriteFrame",
  "content": {
    "name": "zhangyu_shadow_tex",
    "atlas": "",
    "rect": {
      "x": 1,
      "y": 1,
      "width": 980,
      "height": 908
    },
    "offset": {
      "x": -21,
      "y": 57
    },
    "originalSize": {
      "width": 1024,
      "height": 1024
    },
    "rotated": false,
    "capInsets": [
      0,
      0,
      0,
      0
    ],
    "vertices": {
      "rawPosition": [
        -490,
        -454,
        0,
        490,
        -454,
        0,
        -490,
        454,
        0,
        490,
        454,
        0
      ],
      "indexes": [
        0,
        1,
        2,
        2,
        1,
        3
      ],
      "uv": [
        1,
        1023,
        981,
        1023,
        1,
        115,
        981,
        115
      ],
      "nuv": [
        0.0009765625,
        0.1123046875,
        0.9580078125,
        0.1123046875,
        0.0009765625,
        0.9990234375,
        0.9580078125,
        0.9990234375
      ],
      "minPos": {
        "x": -490,
        "y": -454,
        "z": 0
      },
      "maxPos": {
        "x": 490,
        "y": 454,
        "z": 0
      }
    },
    "texture": "f5ca8b29-8073-409f-a43f-742fddd9cf86@6c48a",
    "packable": true,
    "pixelsToUnit": 100,
    "pivot": {
      "x": 0.5,
      "y": 0.5
    },
    "meshType": 0
  }
}