{
  "__type__": "cc.SpriteFrame",
  "content": {
    "name": "vong",
    "atlas": "",
    "rect": {
      "x": 3,
      "y": 3,
      "width": 558,
      "height": 572
    },
    "offset": {
      "x": -8,
      "y": 1
    },
    "originalSize": {
      "width": 580,
      "height": 580
    },
    "rotated": false,
    "capInsets": [
      0,
      0,
      0,
      0
    ],
    "vertices": {
      "rawPosition": [
        -279,
        -286,
        0,
        279,
        -286,
        0,
        -279,
        286,
        0,
        279,
        286,
        0
      ],
      "indexes": [
        0,
        1,
        2,
        2,
        1,
        3
      ],
      "uv": [
        3,
        577,
        561,
        577,
        3,
        5,
        561,
        5
      ],
      "nuv": [
        0.005172413793103448,
        0.008620689655172414,
        0.9672413793103448,
        0.008620689655172414,
        0.005172413793103448,
        0.9948275862068966,
        0.9672413793103448,
        0.9948275862068966
      ],
      "minPos": {
        "x": -279,
        "y": -286,
        "z": 0
      },
      "maxPos": {
        "x": 279,
        "y": 286,
        "z": 0
      }
    },
    "texture": "190075cc-497f-4b07-ad30-f6be75277207@6c48a",
    "packable": true,
    "pixelsToUnit": 100,
    "pivot": {
      "x": 0.5,
      "y": 0.5
    },
    "meshType": 0
  }
}