{
  "__type__": "cc.SpriteFrame",
  "content": {
    "name": "bgHistory",
    "atlas": "",
    "rect": {
      "x": 2,
      "y": 0,
      "width": 662,
      "height": 1222
    },
    "offset": {
      "x": 1,
      "y": 1
    },
    "originalSize": {
      "width": 664,
      "height": 1224
    },
    "rotated": false,
    "capInsets": [
      0,
      0,
      0,
      0
    ],
    "vertices": {
      "rawPosition": [
        -331,
        -611,
        0,
        331,
        -611,
        0,
        -331,
        611,
        0,
        331,
        611,
        0
      ],
      "indexes": [
        0,
        1,
        2,
        2,
        1,
        3
      ],
      "uv": [
        2,
        1224,
        664,
        1224,
        2,
        2,
        664,
        2
      ],
      "nuv": [
        0.0030120481927710845,
        0.0016339869281045752,
        1,
        0.0016339869281045752,
        0.0030120481927710845,
        1,
        1,
        1
      ],
      "minPos": {
        "x": -331,
        "y": -611,
        "z": 0
      },
      "maxPos": {
        "x": 331,
        "y": 611,
        "z": 0
      }
    },
    "texture": "190c69fd-45ea-4d96-a0ab-bea48d64ef5a@6c48a",
    "packable": true,
    "pixelsToUnit": 100,
    "pivot": {
      "x": 0.5,
      "y": 0.5
    },
    "meshType": 0
  }
}