{
  "__type__": "cc.SpriteFrame",
  "content": {
    "name": "kyby_jinbi_tex",
    "atlas": "",
    "rect": {
      "x": 1,
      "y": 1,
      "width": 199,
      "height": 68
    },
    "offset": {
      "x": -27.5,
      "y": 29
    },
    "originalSize": {
      "width": 256,
      "height": 128
    },
    "rotated": false,
    "capInsets": [
      0,
      0,
      0,
      0
    ],
    "vertices": {
      "rawPosition": [
        -99.5,
        -34,
        0,
        99.5,
        -34,
        0,
        -99.5,
        34,
        0,
        99.5,
        34,
        0
      ],
      "indexes": [
        0,
        1,
        2,
        2,
        1,
        3
      ],
      "uv": [
        1,
        127,
        200,
        127,
        1,
        59,
        200,
        59
      ],
      "nuv": [
        0.00390625,
        0.4609375,
        0.78125,
        0.4609375,
        0.00390625,
        0.9921875,
        0.78125,
        0.9921875
      ],
      "minPos": {
        "x": -99.5,
        "y": -34,
        "z": 0
      },
      "maxPos": {
        "x": 99.5,
        "y": 34,
        "z": 0
      }
    },
    "texture": "1990bc98-e003-42f8-bf6a-ffa2c71f19be@6c48a",
    "packable": true,
    "pixelsToUnit": 100,
    "pivot": {
      "x": 0.5,
      "y": 0.5
    },
    "meshType": 0
  }
}