{
  "__type__": "cc.SpriteFrame",
  "content": {
    "name": "num-time-export",
    "atlas": "",
    "rect": {
      "x": 0,
      "y": 0,
      "width": 458,
      "height": 213
    },
    "offset": {
      "x": -27,
      "y": 21.5
    },
    "originalSize": {
      "width": 512,
      "height": 256
    },
    "rotated": false,
    "capInsets": [
      0,
      0,
      0,
      0
    ],
    "vertices": {
      "rawPosition": [
        -229,
        -106.5,
        0,
        229,
        -106.5,
        0,
        -229,
        106.5,
        0,
        229,
        106.5,
        0
      ],
      "indexes": [
        0,
        1,
        2,
        2,
        1,
        3
      ],
      "uv": [
        0,
        256,
        458,
        256,
        0,
        43,
        458,
        43
      ],
      "nuv": [
        0,
        0.16796875,
        0.89453125,
        0.16796875,
        0,
        1,
        0.89453125,
        1
      ],
      "minPos": {
        "x": -229,
        "y": -106.5,
        "z": 0
      },
      "maxPos": {
        "x": 229,
        "y": 106.5,
        "z": 0
      }
    },
    "texture": "19dc1a5b-efb7-4238-82b0-bc8f6b9eff51@6c48a",
    "packable": true,
    "pixelsToUnit": 100,
    "pivot": {
      "x": 0.5,
      "y": 0.5
    },
    "meshType": 0
  }
}