{
  "__type__": "cc.SpriteFrame",
  "content": {
    "name": "vip8",
    "atlas": "",
    "rect": {
      "x": 0,
      "y": 0,
      "width": 101,
      "height": 118
    },
    "offset": {
      "x": -1,
      "y": 0
    },
    "originalSize": {
      "width": 103,
      "height": 118
    },
    "rotated": false,
    "capInsets": [
      0,
      0,
      0,
      0
    ],
    "vertices": {
      "rawPosition": [
        -50.5,
        -59,
        0,
        50.5,
        -59,
        0,
        -50.5,
        59,
        0,
        50.5,
        59,
        0
      ],
      "indexes": [
        0,
        1,
        2,
        2,
        1,
        3
      ],
      "uv": [
        0,
        118,
        101,
        118,
        0,
        0,
        101,
        0
      ],
      "nuv": [
        0,
        0,
        0.9805825242718447,
        0,
        0,
        1,
        0.9805825242718447,
        1
      ],
      "minPos": {
        "x": -50.5,
        "y": -59,
        "z": 0
      },
      "maxPos": {
        "x": 50.5,
        "y": 59,
        "z": 0
      }
    },
    "texture": "4b343c6d-64c8-49a9-a450-8db3e745fee5@6c48a",
    "packable": true,
    "pixelsToUnit": 100,
    "pivot": {
      "x": 0.5,
      "y": 0.5
    },
    "meshType": 0
  }
}