{
  "__type__": "cc.SpriteFrame",
  "content": {
    "name": "fish_game_conCost",
    "atlas": "",
    "rect": {
      "x": 0,
      "y": 0,
      "width": 60,
      "height": 56
    },
    "offset": {
      "x": -1,
      "y": 1
    },
    "originalSize": {
      "width": 62,
      "height": 58
    },
    "rotated": false,
    "capInsets": [
      0,
      0,
      0,
      0
    ],
    "vertices": {
      "rawPosition": [
        -30,
        -28,
        0,
        30,
        -28,
        0,
        -30,
        28,
        0,
        30,
        28,
        0
      ],
      "indexes": [
        0,
        1,
        2,
        2,
        1,
        3
      ],
      "uv": [
        0,
        58,
        60,
        58,
        0,
        2,
        60,
        2
      ],
      "nuv": [
        0,
        0.034482758620689655,
        0.967741935483871,
        0.034482758620689655,
        0,
        1,
        0.967741935483871,
        1
      ],
      "minPos": {
        "x": -30,
        "y": -28,
        "z": 0
      },
      "maxPos": {
        "x": 30,
        "y": 28,
        "z": 0
      }
    },
    "texture": "4b623763-9234-458b-beb0-89a13b0dcf0d@6c48a",
    "packable": true,
    "pixelsToUnit": 100,
    "pivot": {
      "x": 0.5,
      "y": 0.5
    },
    "meshType": 0
  }
}