{
  "__type__": "cc.SpriteFrame",
  "content": {
    "name": "fish_hall_hwyj",
    "atlas": "",
    "rect": {
      "x": 0,
      "y": 0,
      "width": 117,
      "height": 142
    },
    "offset": {
      "x": -1,
      "y": 1
    },
    "originalSize": {
      "width": 119,
      "height": 144
    },
    "rotated": false,
    "capInsets": [
      0,
      0,
      0,
      0
    ],
    "vertices": {
      "rawPosition": [
        -58.5,
        -71,
        0,
        58.5,
        -71,
        0,
        -58.5,
        71,
        0,
        58.5,
        71,
        0
      ],
      "indexes": [
        0,
        1,
        2,
        2,
        1,
        3
      ],
      "uv": [
        0,
        144,
        117,
        144,
        0,
        2,
        117,
        2
      ],
      "nuv": [
        0,
        0.013888888888888888,
        0.9831932773109243,
        0.013888888888888888,
        0,
        1,
        0.9831932773109243,
        1
      ],
      "minPos": {
        "x": -58.5,
        "y": -71,
        "z": 0
      },
      "maxPos": {
        "x": 58.5,
        "y": 71,
        "z": 0
      }
    },
    "texture": "4be47212-fa37-4e24-9f3e-85adbadcd265@6c48a",
    "packable": true,
    "pixelsToUnit": 100,
    "pivot": {
      "x": 0.5,
      "y": 0.5
    },
    "meshType": 0
  }
}