{
  "__type__": "cc.SpriteFrame",
  "content": {
    "name": "18",
    "atlas": "",
    "rect": {
      "x": 282,
      "y": 180,
      "width": 804,
      "height": 282
    },
    "offset": {
      "x": 44,
      "y": 39
    },
    "originalSize": {
      "width": 1280,
      "height": 720
    },
    "rotated": false,
    "capInsets": [
      0,
      0,
      0,
      0
    ],
    "vertices": {
      "rawPosition": [
        -402,
        -141,
        0,
        402,
        -141,
        0,
        -402,
        141,
        0,
        402,
        141,
        0
      ],
      "indexes": [
        0,
        1,
        2,
        2,
        1,
        3
      ],
      "uv": [
        282,
        540,
        1086,
        540,
        282,
        258,
        1086,
        258
      ],
      "nuv": [
        0.2203125,
        0.35833333333333334,
        0.8484375,
        0.35833333333333334,
        0.2203125,
        0.75,
        0.8484375,
        0.75
      ],
      "minPos": {
        "x": -402,
        "y": -141,
        "z": 0
      },
      "maxPos": {
        "x": 402,
        "y": 141,
        "z": 0
      }
    },
    "texture": "a50f0cd6-2902-4864-97f3-b24ec0f54239@6c48a",
    "packable": true,
    "pixelsToUnit": 100,
    "pivot": {
      "x": 0.5,
      "y": 0.5
    },
    "meshType": 0
  }
}