{
  "__type__": "cc.SpriteFrame",
  "content": {
    "name": "tienK",
    "atlas": "",
    "rect": {
      "x": 2,
      "y": 2,
      "width": 126,
      "height": 186
    },
    "offset": {
      "x": -63,
      "y": 33
    },
    "originalSize": {
      "width": 256,
      "height": 256
    },
    "rotated": false,
    "capInsets": [
      0,
      0,
      0,
      0
    ],
    "vertices": {
      "rawPosition": [
        -63,
        -93,
        0,
        63,
        -93,
        0,
        -63,
        93,
        0,
        63,
        93,
        0
      ],
      "indexes": [
        0,
        1,
        2,
        2,
        1,
        3
      ],
      "uv": [
        2,
        254,
        128,
        254,
        2,
        68,
        128,
        68
      ],
      "nuv": [
        0.0078125,
        0.265625,
        0.5,
        0.265625,
        0.0078125,
        0.9921875,
        0.5,
        0.9921875
      ],
      "minPos": {
        "x": -63,
        "y": -93,
        "z": 0
      },
      "maxPos": {
        "x": 63,
        "y": 93,
        "z": 0
      }
    },
    "texture": "a5a34ea6-216a-44a1-9354-0ce14beab6d7@6c48a",
    "packable": true,
    "pixelsToUnit": 100,
    "pivot": {
      "x": 0.5,
      "y": 0.5
    },
    "meshType": 0
  }
}