{
  "__type__": "cc.SpriteFrame",
  "content": {
    "name": "logo",
    "atlas": "",
    "rect": {
      "x": 2,
      "y": 3,
      "width": 2042,
      "height": 505
    },
    "offset": {
      "x": -1,
      "y": 0.5
    },
    "originalSize": {
      "width": 2048,
      "height": 512
    },
    "rotated": false,
    "capInsets": [
      0,
      0,
      0,
      0
    ],
    "vertices": {
      "rawPosition": [
        -1021,
        -252.5,
        0,
        1021,
        -252.5,
        0,
        -1021,
        252.5,
        0,
        1021,
        252.5,
        0
      ],
      "indexes": [
        0,
        1,
        2,
        2,
        1,
        3
      ],
      "uv": [
        2,
        509,
        2044,
        509,
        2,
        4,
        2044,
        4
      ],
      "nuv": [
        0.0009765625,
        0.0078125,
        0.998046875,
        0.0078125,
        0.0009765625,
        0.994140625,
        0.998046875,
        0.994140625
      ],
      "minPos": {
        "x": -1021,
        "y": -252.5,
        "z": 0
      },
      "maxPos": {
        "x": 1021,
        "y": 252.5,
        "z": 0
      }
    },
    "texture": "a5e2964f-9949-439c-9b5f-75eeedd2c265@6c48a",
    "packable": true,
    "pixelsToUnit": 100,
    "pivot": {
      "x": 0.5,
      "y": 0.5
    },
    "meshType": 0
  }
}