{
  "__type__": "cc.SpriteFrame",
  "content": {
    "name": "slotgame-tab-active",
    "atlas": "",
    "rect": {
      "x": 1,
      "y": 17,
      "width": 148,
      "height": 26
    },
    "offset": {
      "x": 0,
      "y": 0
    },
    "originalSize": {
      "width": 150,
      "height": 60
    },
    "rotated": false,
    "capInsets": [
      0,
      0,
      0,
      0
    ],
    "vertices": {
      "rawPosition": [
        -74,
        -13,
        0,
        74,
        -13,
        0,
        -74,
        13,
        0,
        74,
        13,
        0
      ],
      "indexes": [
        0,
        1,
        2,
        2,
        1,
        3
      ],
      "uv": [
        1,
        43,
        149,
        43,
        1,
        17,
        149,
        17
      ],
      "nuv": [
        0.006666666666666667,
        0.2833333333333333,
        0.9933333333333333,
        0.2833333333333333,
        0.006666666666666667,
        0.7166666666666667,
        0.9933333333333333,
        0.7166666666666667
      ],
      "minPos": {
        "x": -74,
        "y": -13,
        "z": 0
      },
      "maxPos": {
        "x": 74,
        "y": 13,
        "z": 0
      }
    },
    "texture": "a5f24563-cb61-43fa-83f5-ba9f6780f409@6c48a",
    "packable": true,
    "pixelsToUnit": 100,
    "pivot": {
      "x": 0.5,
      "y": 0.5
    },
    "meshType": 0
  }
}