{
  "__type__": "cc.SpriteFrame",
  "content": {
    "name": "MiniGame-on",
    "atlas": "",
    "rect": {
      "x": 7,
      "y": 4,
      "width": 95,
      "height": 15
    },
    "offset": {
      "x": 1,
      "y": 0.5
    },
    "originalSize": {
      "width": 107,
      "height": 24
    },
    "rotated": false,
    "capInsets": [
      0,
      0,
      0,
      0
    ],
    "vertices": {
      "rawPosition": [
        -47.5,
        -7.5,
        0,
        47.5,
        -7.5,
        0,
        -47.5,
        7.5,
        0,
        47.5,
        7.5,
        0
      ],
      "indexes": [
        0,
        1,
        2,
        2,
        1,
        3
      ],
      "uv": [
        7,
        20,
        102,
        20,
        7,
        5,
        102,
        5
      ],
      "nuv": [
        0.06542056074766354,
        0.20833333333333334,
        0.9532710280373832,
        0.20833333333333334,
        0.06542056074766354,
        0.8333333333333334,
        0.9532710280373832,
        0.8333333333333334
      ],
      "minPos": {
        "x": -47.5,
        "y": -7.5,
        "z": 0
      },
      "maxPos": {
        "x": 47.5,
        "y": 7.5,
        "z": 0
      }
    },
    "texture": "59097033-6983-459d-8657-dfae5fde379a@6c48a",
    "packable": true,
    "pixelsToUnit": 100,
    "pivot": {
      "x": 0.5,
      "y": 0.5
    },
    "meshType": 0
  }
}