{
  "__type__": "cc.SpriteFrame",
  "content": {
    "name": "button_ket_3",
    "atlas": "",
    "rect": {
      "x": 1,
      "y": 0,
      "width": 149,
      "height": 69
    },
    "offset": {
      "x": 0,
      "y": 1
    },
    "originalSize": {
      "width": 151,
      "height": 71
    },
    "rotated": false,
    "capInsets": [
      0,
      0,
      0,
      0
    ],
    "vertices": {
      "rawPosition": [
        -74.5,
        -34.5,
        0,
        74.5,
        -34.5,
        0,
        -74.5,
        34.5,
        0,
        74.5,
        34.5,
        0
      ],
      "indexes": [
        0,
        1,
        2,
        2,
        1,
        3
      ],
      "uv": [
        1,
        71,
        150,
        71,
        1,
        2,
        150,
        2
      ],
      "nuv": [
        0.006622516556291391,
        0.028169014084507043,
        0.9933774834437086,
        0.028169014084507043,
        0.006622516556291391,
        1,
        0.9933774834437086,
        1
      ],
      "minPos": {
        "x": -74.5,
        "y": -34.5,
        "z": 0
      },
      "maxPos": {
        "x": 74.5,
        "y": 34.5,
        "z": 0
      }
    },
    "texture": "59125e92-e0f5-494d-8f01-c6a0927f5578@6c48a",
    "packable": true,
    "pixelsToUnit": 100,
    "pivot": {
      "x": 0.5,
      "y": 0.5
    },
    "meshType": 0
  }
}