{
  "__type__": "cc.SpriteFrame",
  "content": {
    "name": "line06",
    "atlas": "",
    "rect": {
      "x": 287,
      "y": 9,
      "width": 993,
      "height": 462
    },
    "offset": {
      "x": 143.5,
      "y": 120
    },
    "originalSize": {
      "width": 1280,
      "height": 720
    },
    "rotated": false,
    "capInsets": [
      0,
      0,
      0,
      0
    ],
    "vertices": {
      "rawPosition": [
        -496.5,
        -231,
        0,
        496.5,
        -231,
        0,
        -496.5,
        231,
        0,
        496.5,
        231,
        0
      ],
      "indexes": [
        0,
        1,
        2,
        2,
        1,
        3
      ],
      "uv": [
        287,
        711,
        1280,
        711,
        287,
        249,
        1280,
        249
      ],
      "nuv": [
        0.22421875,
        0.3458333333333333,
        1,
        0.3458333333333333,
        0.22421875,
        0.9875,
        1,
        0.9875
      ],
      "minPos": {
        "x": -496.5,
        "y": -231,
        "z": 0
      },
      "maxPos": {
        "x": 496.5,
        "y": 231,
        "z": 0
      }
    },
    "texture": "591add77-2c88-47d1-a98a-3d4e901e825e@6c48a",
    "packable": true,
    "pixelsToUnit": 100,
    "pivot": {
      "x": 0.5,
      "y": 0.5
    },
    "meshType": 0
  }
}