{
  "__type__": "cc.SpriteFrame",
  "content": {
    "name": "sp_sukien",
    "atlas": "",
    "rect": {
      "x": 3,
      "y": 2,
      "width": 341,
      "height": 137
    },
    "offset": {
      "x": 0,
      "y": -0.5
    },
    "originalSize": {
      "width": 347,
      "height": 140
    },
    "rotated": false,
    "capInsets": [
      0,
      0,
      0,
      0
    ],
    "vertices": {
      "rawPosition": [
        -170.5,
        -68.5,
        0,
        170.5,
        -68.5,
        0,
        -170.5,
        68.5,
        0,
        170.5,
        68.5,
        0
      ],
      "indexes": [
        0,
        1,
        2,
        2,
        1,
        3
      ],
      "uv": [
        3,
        138,
        344,
        138,
        3,
        1,
        344,
        1
      ],
      "nuv": [
        0.008645533141210375,
        0.007142857142857143,
        0.9913544668587896,
        0.007142857142857143,
        0.008645533141210375,
        0.9857142857142858,
        0.9913544668587896,
        0.9857142857142858
      ],
      "minPos": {
        "x": -170.5,
        "y": -68.5,
        "z": 0
      },
      "maxPos": {
        "x": 170.5,
        "y": 68.5,
        "z": 0
      }
    },
    "texture": "592be31c-aff6-4292-b7a5-1d3fa39870b3@6c48a",
    "packable": true,
    "pixelsToUnit": 100,
    "pivot": {
      "x": 0.5,
      "y": 0.5
    },
    "meshType": 0
  }
}