{
  "__type__": "cc.SpriteFrame",
  "content": {
    "name": "BauCuaIcon",
    "atlas": "",
    "rect": {
      "x": 2,
      "y": 2,
      "width": 869,
      "height": 231
    },
    "offset": {
      "x": -75.5,
      "y": 10.5
    },
    "originalSize": {
      "width": 1024,
      "height": 256
    },
    "rotated": false,
    "capInsets": [
      0,
      0,
      0,
      0
    ],
    "vertices": {
      "rawPosition": [
        -434.5,
        -115.5,
        0,
        434.5,
        -115.5,
        0,
        -434.5,
        115.5,
        0,
        434.5,
        115.5,
        0
      ],
      "indexes": [
        0,
        1,
        2,
        2,
        1,
        3
      ],
      "uv": [
        2,
        254,
        871,
        254,
        2,
        23,
        871,
        23
      ],
      "nuv": [
        0.001953125,
        0.08984375,
        0.8505859375,
        0.08984375,
        0.001953125,
        0.9921875,
        0.8505859375,
        0.9921875
      ],
      "minPos": {
        "x": -434.5,
        "y": -115.5,
        "z": 0
      },
      "maxPos": {
        "x": 434.5,
        "y": 115.5,
        "z": 0
      }
    },
    "texture": "599608d9-9769-41e3-93e0-a6ec2d02cd7d@6c48a",
    "packable": true,
    "pixelsToUnit": 100,
    "pivot": {
      "x": 0.5,
      "y": 0.5
    },
    "meshType": 0
  }
}