{
  "__type__": "cc.SpriteFrame",
  "content": {
    "name": "sanbai",
    "atlas": "",
    "rect": {
      "x": 3,
      "y": 3,
      "width": 294,
      "height": 114
    },
    "offset": {
      "x": -106,
      "y": 4
    },
    "originalSize": {
      "width": 512,
      "height": 128
    },
    "rotated": false,
    "capInsets": [
      0,
      0,
      0,
      0
    ],
    "vertices": {
      "rawPosition": [
        -147,
        -57,
        0,
        147,
        -57,
        0,
        -147,
        57,
        0,
        147,
        57,
        0
      ],
      "indexes": [
        0,
        1,
        2,
        2,
        1,
        3
      ],
      "uv": [
        3,
        125,
        297,
        125,
        3,
        11,
        297,
        11
      ],
      "nuv": [
        0.005859375,
        0.0859375,
        0.580078125,
        0.0859375,
        0.005859375,
        0.9765625,
        0.580078125,
        0.9765625
      ],
      "minPos": {
        "x": -147,
        "y": -57,
        "z": 0
      },
      "maxPos": {
        "x": 147,
        "y": 57,
        "z": 0
      }
    },
    "texture": "59eedcce-0b7f-492c-8054-9295154b6108@6c48a",
    "packable": true,
    "pixelsToUnit": 100,
    "pivot": {
      "x": 0.5,
      "y": 0.5
    },
    "meshType": 0
  }
}