{
  "__type__": "cc.SpriteFrame",
  "content": {
    "name": "5",
    "atlas": "",
    "rect": {
      "x": 79,
      "y": 53,
      "width": 755,
      "height": 358
    },
    "offset": {
      "x": 30,
      "y": -5
    },
    "originalSize": {
      "width": 853,
      "height": 454
    },
    "rotated": false,
    "capInsets": [
      0,
      0,
      0,
      0
    ],
    "vertices": {
      "rawPosition": [
        -377.5,
        -179,
        0,
        377.5,
        -179,
        0,
        -377.5,
        179,
        0,
        377.5,
        179,
        0
      ],
      "indexes": [
        0,
        1,
        2,
        2,
        1,
        3
      ],
      "uv": [
        79,
        401,
        834,
        401,
        79,
        43,
        834,
        43
      ],
      "nuv": [
        0.09261430246189918,
        0.0947136563876652,
        0.977725674091442,
        0.0947136563876652,
        0.09261430246189918,
        0.8832599118942731,
        0.977725674091442,
        0.8832599118942731
      ],
      "minPos": {
        "x": -377.5,
        "y": -179,
        "z": 0
      },
      "maxPos": {
        "x": 377.5,
        "y": 179,
        "z": 0
      }
    },
    "texture": "d23e928f-cf28-4001-bfc1-fba5e730b7d1@6c48a",
    "packable": true,
    "pixelsToUnit": 100,
    "pivot": {
      "x": 0.5,
      "y": 0.5
    },
    "meshType": 0
  }
}