{
  "__type__": "cc.SpriteFrame",
  "content": {
    "name": "line09",
    "atlas": "",
    "rect": {
      "x": 183,
      "y": 11,
      "width": 1023,
      "height": 630
    },
    "offset": {
      "x": 54.5,
      "y": 34
    },
    "originalSize": {
      "width": 1280,
      "height": 720
    },
    "rotated": false,
    "capInsets": [
      0,
      0,
      0,
      0
    ],
    "vertices": {
      "rawPosition": [
        -511.5,
        -315,
        0,
        511.5,
        -315,
        0,
        -511.5,
        315,
        0,
        511.5,
        315,
        0
      ],
      "indexes": [
        0,
        1,
        2,
        2,
        1,
        3
      ],
      "uv": [
        183,
        709,
        1206,
        709,
        183,
        79,
        1206,
        79
      ],
      "nuv": [
        0.14296875,
        0.10972222222222222,
        0.9421875,
        0.10972222222222222,
        0.14296875,
        0.9847222222222223,
        0.9421875,
        0.9847222222222223
      ],
      "minPos": {
        "x": -511.5,
        "y": -315,
        "z": 0
      },
      "maxPos": {
        "x": 511.5,
        "y": 315,
        "z": 0
      }
    },
    "texture": "c836e2c6-52a7-4dee-a9a3-6533d1129ace@6c48a",
    "packable": true,
    "pixelsToUnit": 100,
    "pivot": {
      "x": 0.5,
      "y": 0.5
    },
    "meshType": 0
  }
}