{
  "__type__": "cc.SpriteFrame",
  "content": {
    "name": "haitun_shadow_tex",
    "atlas": "",
    "rect": {
      "x": 1,
      "y": 1,
      "width": 505,
      "height": 973
    },
    "offset": {
      "x": -2.5,
      "y": 24.5
    },
    "originalSize": {
      "width": 512,
      "height": 1024
    },
    "rotated": false,
    "capInsets": [
      0,
      0,
      0,
      0
    ],
    "vertices": {
      "rawPosition": [
        -252.5,
        -486.5,
        0,
        252.5,
        -486.5,
        0,
        -252.5,
        486.5,
        0,
        252.5,
        486.5,
        0
      ],
      "indexes": [
        0,
        1,
        2,
        2,
        1,
        3
      ],
      "uv": [
        1,
        1023,
        506,
        1023,
        1,
        50,
        506,
        50
      ],
      "nuv": [
        0.001953125,
        0.048828125,
        0.98828125,
        0.048828125,
        0.001953125,
        0.9990234375,
        0.98828125,
        0.9990234375
      ],
      "minPos": {
        "x": -252.5,
        "y": -486.5,
        "z": 0
      },
      "maxPos": {
        "x": 252.5,
        "y": 486.5,
        "z": 0
      }
    },
    "texture": "c87dbcae-6c83-4d0f-b59b-b8ab0dc55fc4@6c48a",
    "packable": true,
    "pixelsToUnit": 100,
    "pivot": {
      "x": 0.5,
      "y": 0.5
    },
    "meshType": 0
  }
}