{
  "__type__": "cc.SpriteFrame",
  "content": {
    "name": "btn_3",
    "atlas": "",
    "rect": {
      "x": 1,
      "y": 1,
      "width": 233,
      "height": 72
    },
    "offset": {
      "x": 0,
      "y": 0
    },
    "originalSize": {
      "width": 235,
      "height": 74
    },
    "rotated": false,
    "capInsets": [
      0,
      0,
      0,
      0
    ],
    "vertices": {
      "rawPosition": [
        -116.5,
        -36,
        0,
        116.5,
        -36,
        0,
        -116.5,
        36,
        0,
        116.5,
        36,
        0
      ],
      "indexes": [
        0,
        1,
        2,
        2,
        1,
        3
      ],
      "uv": [
        1,
        73,
        234,
        73,
        1,
        1,
        234,
        1
      ],
      "nuv": [
        0.00425531914893617,
        0.013513513513513514,
        0.9957446808510638,
        0.013513513513513514,
        0.00425531914893617,
        0.9864864864864865,
        0.9957446808510638,
        0.9864864864864865
      ],
      "minPos": {
        "x": -116.5,
        "y": -36,
        "z": 0
      },
      "maxPos": {
        "x": 116.5,
        "y": 36,
        "z": 0
      }
    },
    "texture": "c8dd9ec8-18e3-4bcd-86d2-32b2c9b5c900@6c48a",
    "packable": true,
    "pixelsToUnit": 100,
    "pivot": {
      "x": 0.5,
      "y": 0.5
    },
    "meshType": 0
  }
}