{
  "__type__": "cc.SpriteFrame",
  "content": {
    "name": "topMore_bg",
    "atlas": "",
    "rect": {
      "x": 1,
      "y": 1,
      "width": 1449,
      "height": 77
    },
    "offset": {
      "x": 0,
      "y": 0
    },
    "originalSize": {
      "width": 1451,
      "height": 79
    },
    "rotated": false,
    "capInsets": [
      0,
      0,
      0,
      0
    ],
    "vertices": {
      "rawPosition": [
        -724.5,
        -38.5,
        0,
        724.5,
        -38.5,
        0,
        -724.5,
        38.5,
        0,
        724.5,
        38.5,
        0
      ],
      "indexes": [
        0,
        1,
        2,
        2,
        1,
        3
      ],
      "uv": [
        1,
        78,
        1450,
        78,
        1,
        1,
        1450,
        1
      ],
      "nuv": [
        0.0006891798759476223,
        0.012658227848101266,
        0.9993108201240524,
        0.012658227848101266,
        0.0006891798759476223,
        0.9873417721518988,
        0.9993108201240524,
        0.9873417721518988
      ],
      "minPos": {
        "x": -724.5,
        "y": -38.5,
        "z": 0
      },
      "maxPos": {
        "x": 724.5,
        "y": 38.5,
        "z": 0
      }
    },
    "texture": "ef134a62-8395-4d19-ae22-7c34f4179f18@6c48a",
    "packable": true,
    "pixelsToUnit": 100,
    "pivot": {
      "x": 0.5,
      "y": 0.5
    },
    "meshType": 0
  }
}