{
  "__type__": "cc.SpriteFrame",
  "content": {
    "name": "icon_free",
    "atlas": "",
    "rect": {
      "x": 2,
      "y": 2,
      "width": 233,
      "height": 106
    },
    "offset": {
      "x": 0,
      "y": 0
    },
    "originalSize": {
      "width": 237,
      "height": 110
    },
    "rotated": false,
    "capInsets": [
      0,
      0,
      0,
      0
    ],
    "vertices": {
      "rawPosition": [
        -116.5,
        -53,
        0,
        116.5,
        -53,
        0,
        -116.5,
        53,
        0,
        116.5,
        53,
        0
      ],
      "indexes": [
        0,
        1,
        2,
        2,
        1,
        3
      ],
      "uv": [
        2,
        108,
        235,
        108,
        2,
        2,
        235,
        2
      ],
      "nuv": [
        0.008438818565400843,
        0.01818181818181818,
        0.9915611814345991,
        0.01818181818181818,
        0.008438818565400843,
        0.9818181818181818,
        0.9915611814345991,
        0.9818181818181818
      ],
      "minPos": {
        "x": -116.5,
        "y": -53,
        "z": 0
      },
      "maxPos": {
        "x": 116.5,
        "y": 53,
        "z": 0
      }
    },
    "texture": "e84fad5b-c537-4f43-8602-120e2db46daf@6c48a",
    "packable": true,
    "pixelsToUnit": 100,
    "pivot": {
      "x": 0.5,
      "y": 0.5
    },
    "meshType": 0
  }
}