{
  "__type__": "cc.SpriteFrame",
  "content": {
    "name": "HUnohu2",
    "atlas": "",
    "rect": {
      "x": 0,
      "y": 1,
      "width": 673,
      "height": 456
    },
    "offset": {
      "x": -0.5,
      "y": 4
    },
    "originalSize": {
      "width": 674,
      "height": 466
    },
    "rotated": false,
    "capInsets": [
      0,
      0,
      0,
      0
    ],
    "vertices": {
      "rawPosition": [
        -336.5,
        -228,
        0,
        336.5,
        -228,
        0,
        -336.5,
        228,
        0,
        336.5,
        228,
        0
      ],
      "indexes": [
        0,
        1,
        2,
        2,
        1,
        3
      ],
      "uv": [
        0,
        465,
        673,
        465,
        0,
        9,
        673,
        9
      ],
      "nuv": [
        0,
        0.019313304721030045,
        0.9985163204747775,
        0.019313304721030045,
        0,
        0.9978540772532188,
        0.9985163204747775,
        0.9978540772532188
      ],
      "minPos": {
        "x": -336.5,
        "y": -228,
        "z": 0
      },
      "maxPos": {
        "x": 336.5,
        "y": 228,
        "z": 0
      }
    },
    "texture": "e88fcc1b-2881-42cb-91b6-df99bbed5989@6c48a",
    "packable": true,
    "pixelsToUnit": 100,
    "pivot": {
      "x": 0.5,
      "y": 0.5
    },
    "meshType": 0
  }
}