{
  "__type__": "cc.SpriteFrame",
  "content": {
    "name": "progress-bg2",
    "atlas": "",
    "rect": {
      "x": 1,
      "y": 0,
      "width": 401,
      "height": 19
    },
    "offset": {
      "x": 0,
      "y": 0
    },
    "originalSize": {
      "width": 403,
      "height": 19
    },
    "rotated": false,
    "capInsets": [
      0,
      0,
      0,
      0
    ],
    "vertices": {
      "rawPosition": [
        -200.5,
        -9.5,
        0,
        200.5,
        -9.5,
        0,
        -200.5,
        9.5,
        0,
        200.5,
        9.5,
        0
      ],
      "indexes": [
        0,
        1,
        2,
        2,
        1,
        3
      ],
      "uv": [
        1,
        19,
        402,
        19,
        1,
        0,
        402,
        0
      ],
      "nuv": [
        0.0024813895781637717,
        0,
        0.9975186104218362,
        0,
        0.0024813895781637717,
        1,
        0.9975186104218362,
        1
      ],
      "minPos": {
        "x": -200.5,
        "y": -9.5,
        "z": 0
      },
      "maxPos": {
        "x": 200.5,
        "y": 9.5,
        "z": 0
      }
    },
    "texture": "e8b35b08-d6ee-404c-aa98-a9f0481551d9@6c48a",
    "packable": true,
    "pixelsToUnit": 100,
    "pivot": {
      "x": 0.5,
      "y": 0.5
    },
    "meshType": 0
  }
}