{
  "__type__": "cc.SpriteFrame",
  "content": {
    "name": "17",
    "atlas": "",
    "rect": {
      "x": 19,
      "y": 152,
      "width": 760,
      "height": 260
    },
    "offset": {
      "x": -27.5,
      "y": -55
    },
    "originalSize": {
      "width": 853,
      "height": 454
    },
    "rotated": false,
    "capInsets": [
      0,
      0,
      0,
      0
    ],
    "vertices": {
      "rawPosition": [
        -380,
        -130,
        0,
        380,
        -130,
        0,
        -380,
        130,
        0,
        380,
        130,
        0
      ],
      "indexes": [
        0,
        1,
        2,
        2,
        1,
        3
      ],
      "uv": [
        19,
        302,
        779,
        302,
        19,
        42,
        779,
        42
      ],
      "nuv": [
        0.022274325908558032,
        0.09251101321585903,
        0.9132473622508792,
        0.09251101321585903,
        0.022274325908558032,
        0.6651982378854625,
        0.9132473622508792,
        0.6651982378854625
      ],
      "minPos": {
        "x": -380,
        "y": -130,
        "z": 0
      },
      "maxPos": {
        "x": 380,
        "y": 130,
        "z": 0
      }
    },
    "texture": "e8f6ffe0-bf4e-4467-bfed-41ae4a33ddf9@6c48a",
    "packable": true,
    "pixelsToUnit": 100,
    "pivot": {
      "x": 0.5,
      "y": 0.5
    },
    "meshType": 0
  }
}