{
  "__type__": "cc.SpriteFrame",
  "content": {
    "name": "symbol_1_2",
    "atlas": "",
    "rect": {
      "x": 0,
      "y": 0,
      "width": 111,
      "height": 113
    },
    "offset": {
      "x": 0,
      "y": 0.5
    },
    "originalSize": {
      "width": 111,
      "height": 114
    },
    "rotated": false,
    "capInsets": [
      0,
      0,
      0,
      0
    ],
    "vertices": {
      "rawPosition": [
        -55.5,
        -56.5,
        0,
        55.5,
        -56.5,
        0,
        -55.5,
        56.5,
        0,
        55.5,
        56.5,
        0
      ],
      "indexes": [
        0,
        1,
        2,
        2,
        1,
        3
      ],
      "uv": [
        0,
        114,
        111,
        114,
        0,
        1,
        111,
        1
      ],
      "nuv": [
        0,
        0.008771929824561403,
        1,
        0.008771929824561403,
        0,
        1,
        1,
        1
      ],
      "minPos": {
        "x": -55.5,
        "y": -56.5,
        "z": 0
      },
      "maxPos": {
        "x": 55.5,
        "y": 56.5,
        "z": 0
      }
    },
    "texture": "a3b71aef-b9c6-4396-95ba-288b586f8415@6c48a",
    "packable": true,
    "pixelsToUnit": 100,
    "pivot": {
      "x": 0.5,
      "y": 0.5
    },
    "meshType": 0
  }
}