{
  "__type__": "cc.SpriteFrame",
  "content": {
    "name": "16",
    "atlas": "",
    "rect": {
      "x": 282,
      "y": 149,
      "width": 810,
      "height": 230
    },
    "offset": {
      "x": 47,
      "y": 96
    },
    "originalSize": {
      "width": 1280,
      "height": 720
    },
    "rotated": false,
    "capInsets": [
      0,
      0,
      0,
      0
    ],
    "vertices": {
      "rawPosition": [
        -405,
        -115,
        0,
        405,
        -115,
        0,
        -405,
        115,
        0,
        405,
        115,
        0
      ],
      "indexes": [
        0,
        1,
        2,
        2,
        1,
        3
      ],
      "uv": [
        282,
        571,
        1092,
        571,
        282,
        341,
        1092,
        341
      ],
      "nuv": [
        0.2203125,
        0.4736111111111111,
        0.853125,
        0.4736111111111111,
        0.2203125,
        0.7930555555555555,
        0.853125,
        0.7930555555555555
      ],
      "minPos": {
        "x": -405,
        "y": -115,
        "z": 0
      },
      "maxPos": {
        "x": 405,
        "y": 115,
        "z": 0
      }
    },
    "texture": "482d40ee-6bdd-481f-a1c7-ef0b0bbe214c@6c48a",
    "packable": true,
    "pixelsToUnit": 100,
    "pivot": {
      "x": 0.5,
      "y": 0.5
    },
    "meshType": 0
  }
}