{
  "__type__": "cc.SpriteFrame",
  "content": {
    "name": "ICONLOBBY",
    "atlas": "",
    "rect": {
      "x": 2,
      "y": 2,
      "width": 400,
      "height": 103
    },
    "offset": {
      "x": -54,
      "y": 10.5
    },
    "originalSize": {
      "width": 512,
      "height": 128
    },
    "rotated": false,
    "capInsets": [
      0,
      0,
      0,
      0
    ],
    "vertices": {
      "rawPosition": [
        -200,
        -51.5,
        0,
        200,
        -51.5,
        0,
        -200,
        51.5,
        0,
        200,
        51.5,
        0
      ],
      "indexes": [
        0,
        1,
        2,
        2,
        1,
        3
      ],
      "uv": [
        2,
        126,
        402,
        126,
        2,
        23,
        402,
        23
      ],
      "nuv": [
        0.00390625,
        0.1796875,
        0.78515625,
        0.1796875,
        0.00390625,
        0.984375,
        0.78515625,
        0.984375
      ],
      "minPos": {
        "x": -200,
        "y": -51.5,
        "z": 0
      },
      "maxPos": {
        "x": 200,
        "y": 51.5,
        "z": 0
      }
    },
    "texture": "487aab67-4d0d-4b12-b4e1-100a5afb58a0@6c48a",
    "packable": true,
    "pixelsToUnit": 100,
    "pivot": {
      "x": 0.5,
      "y": 0.5
    },
    "meshType": 0
  }
}