{
  "__type__": "cc.SpriteFrame",
  "content": {
    "name": "icon_04",
    "atlas": "",
    "rect": {
      "x": 17,
      "y": 1,
      "width": 112,
      "height": 133
    },
    "offset": {
      "x": -1,
      "y": 7.5
    },
    "originalSize": {
      "width": 148,
      "height": 150
    },
    "rotated": false,
    "capInsets": [
      0,
      0,
      0,
      0
    ],
    "vertices": {
      "rawPosition": [
        -56,
        -66.5,
        0,
        56,
        -66.5,
        0,
        -56,
        66.5,
        0,
        56,
        66.5,
        0
      ],
      "indexes": [
        0,
        1,
        2,
        2,
        1,
        3
      ],
      "uv": [
        17,
        149,
        129,
        149,
        17,
        16,
        129,
        16
      ],
      "nuv": [
        0.11486486486486487,
        0.10666666666666667,
        0.8716216216216216,
        0.10666666666666667,
        0.11486486486486487,
        0.9933333333333333,
        0.8716216216216216,
        0.9933333333333333
      ],
      "minPos": {
        "x": -56,
        "y": -66.5,
        "z": 0
      },
      "maxPos": {
        "x": 56,
        "y": 66.5,
        "z": 0
      }
    },
    "texture": "667c0031-b196-49a7-a890-b73916d92f03@6c48a",
    "packable": true,
    "pixelsToUnit": 100,
    "pivot": {
      "x": 0.5,
      "y": 0.5
    },
    "meshType": 0
  }
}