{
  "__type__": "cc.SpriteFrame",
  "content": {
    "name": "font_congtien",
    "atlas": "",
    "rect": {
      "x": 0,
      "y": 0,
      "width": 312,
      "height": 321
    },
    "offset": {
      "x": -0.5,
      "y": 0.5
    },
    "originalSize": {
      "width": 313,
      "height": 322
    },
    "rotated": false,
    "capInsets": [
      0,
      0,
      0,
      0
    ],
    "vertices": {
      "rawPosition": [
        -156,
        -160.5,
        0,
        156,
        -160.5,
        0,
        -156,
        160.5,
        0,
        156,
        160.5,
        0
      ],
      "indexes": [
        0,
        1,
        2,
        2,
        1,
        3
      ],
      "uv": [
        0,
        322,
        312,
        322,
        0,
        1,
        312,
        1
      ],
      "nuv": [
        0,
        0.003105590062111801,
        0.9968051118210862,
        0.003105590062111801,
        0,
        1,
        0.9968051118210862,
        1
      ],
      "minPos": {
        "x": -156,
        "y": -160.5,
        "z": 0
      },
      "maxPos": {
        "x": 156,
        "y": 160.5,
        "z": 0
      }
    },
    "texture": "fb6e9a95-90e0-4103-9892-5ec198bda086@6c48a",
    "packable": true,
    "pixelsToUnit": 100,
    "pivot": {
      "x": 0.5,
      "y": 0.5
    },
    "meshType": 0
  }
}