{
  "__type__": "cc.SpriteFrame",
  "content": {
    "name": "mu",
    "atlas": "",
    "rect": {
      "x": 1,
      "y": 1,
      "width": 134,
      "height": 95
    },
    "offset": {
      "x": 0,
      "y": 0
    },
    "originalSize": {
      "width": 136,
      "height": 97
    },
    "rotated": false,
    "capInsets": [
      0,
      0,
      0,
      0
    ],
    "vertices": {
      "rawPosition": [
        -67,
        -47.5,
        0,
        67,
        -47.5,
        0,
        -67,
        47.5,
        0,
        67,
        47.5,
        0
      ],
      "indexes": [
        0,
        1,
        2,
        2,
        1,
        3
      ],
      "uv": [
        1,
        96,
        135,
        96,
        1,
        1,
        135,
        1
      ],
      "nuv": [
        0.007352941176470588,
        0.010309278350515464,
        0.9926470588235294,
        0.010309278350515464,
        0.007352941176470588,
        0.9896907216494846,
        0.9926470588235294,
        0.9896907216494846
      ],
      "minPos": {
        "x": -67,
        "y": -47.5,
        "z": 0
      },
      "maxPos": {
        "x": 67,
        "y": 47.5,
        "z": 0
      }
    },
    "texture": "fb8b0876-d0c8-42f0-9095-9464b940b92b@6c48a",
    "packable": true,
    "pixelsToUnit": 100,
    "pivot": {
      "x": 0.5,
      "y": 0.5
    },
    "meshType": 0
  }
}