{
  "__type__": "cc.SpriteFrame",
  "content": {
    "name": "chim dien",
    "atlas": "",
    "rect": {
      "x": 14,
      "y": 10,
      "width": 487,
      "height": 321
    },
    "offset": {
      "x": 7,
      "y": 0
    },
    "originalSize": {
      "width": 501,
      "height": 341
    },
    "rotated": false,
    "capInsets": [
      0,
      0,
      0,
      0
    ],
    "vertices": {
      "rawPosition": [
        -243.5,
        -160.5,
        0,
        243.5,
        -160.5,
        0,
        -243.5,
        160.5,
        0,
        243.5,
        160.5,
        0
      ],
      "indexes": [
        0,
        1,
        2,
        2,
        1,
        3
      ],
      "uv": [
        14,
        331,
        501,
        331,
        14,
        10,
        501,
        10
      ],
      "nuv": [
        0.027944111776447105,
        0.02932551319648094,
        1,
        0.02932551319648094,
        0.027944111776447105,
        0.9706744868035191,
        1,
        0.9706744868035191
      ],
      "minPos": {
        "x": -243.5,
        "y": -160.5,
        "z": 0
      },
      "maxPos": {
        "x": 243.5,
        "y": 160.5,
        "z": 0
      }
    },
    "texture": "fbe3c37a-35fe-4fe0-91af-da8eb2805ea2@6c48a",
    "packable": true,
    "pixelsToUnit": 100,
    "pivot": {
      "x": 0.5,
      "y": 0.5
    },
    "meshType": 0
  }
}