{
  "__type__": "cc.SpriteFrame",
  "content": {
    "name": "candy4",
    "atlas": "",
    "rect": {
      "x": 2,
      "y": 1,
      "width": 104,
      "height": 101
    },
    "offset": {
      "x": 0,
      "y": 0
    },
    "originalSize": {
      "width": 108,
      "height": 103
    },
    "rotated": false,
    "capInsets": [
      0,
      0,
      0,
      0
    ],
    "vertices": {
      "rawPosition": [
        -52,
        -50.5,
        0,
        52,
        -50.5,
        0,
        -52,
        50.5,
        0,
        52,
        50.5,
        0
      ],
      "indexes": [
        0,
        1,
        2,
        2,
        1,
        3
      ],
      "uv": [
        2,
        102,
        106,
        102,
        2,
        1,
        106,
        1
      ],
      "nuv": [
        0.018518518518518517,
        0.009708737864077669,
        0.9814814814814815,
        0.009708737864077669,
        0.018518518518518517,
        0.9902912621359223,
        0.9814814814814815,
        0.9902912621359223
      ],
      "minPos": {
        "x": -52,
        "y": -50.5,
        "z": 0
      },
      "maxPos": {
        "x": 52,
        "y": 50.5,
        "z": 0
      }
    },
    "texture": "3f63e8cf-c082-4562-a0b9-f60ce36361d1@6c48a",
    "packable": true,
    "pixelsToUnit": 100,
    "pivot": {
      "x": 0.5,
      "y": 0.5
    },
    "meshType": 0
  }
}