{
  "__type__": "cc.SpriteFrame",
  "content": {
    "name": "tlnhbn",
    "atlas": "",
    "rect": {
      "x": 3,
      "y": 3,
      "width": 1996,
      "height": 911
    },
    "offset": {
      "x": -23,
      "y": 53.5
    },
    "originalSize": {
      "width": 2048,
      "height": 1024
    },
    "rotated": false,
    "capInsets": [
      0,
      0,
      0,
      0
    ],
    "vertices": {
      "rawPosition": [
        -998,
        -455.5,
        0,
        998,
        -455.5,
        0,
        -998,
        455.5,
        0,
        998,
        455.5,
        0
      ],
      "indexes": [
        0,
        1,
        2,
        2,
        1,
        3
      ],
      "uv": [
        3,
        1021,
        1999,
        1021,
        3,
        110,
        1999,
        110
      ],
      "nuv": [
        0.00146484375,
        0.107421875,
        0.97607421875,
        0.107421875,
        0.00146484375,
        0.9970703125,
        0.97607421875,
        0.9970703125
      ],
      "minPos": {
        "x": -998,
        "y": -455.5,
        "z": 0
      },
      "maxPos": {
        "x": 998,
        "y": 455.5,
        "z": 0
      }
    },
    "texture": "6b0c643b-12b1-4a65-8ce8-fcac4e48f4c5@6c48a",
    "packable": true,
    "pixelsToUnit": 100,
    "pivot": {
      "x": 0.5,
      "y": 0.5
    },
    "meshType": 0
  }
}