{
  "__type__": "cc.SpriteFrame",
  "content": {
    "name": "XoSo",
    "atlas": "",
    "rect": {
      "x": 2,
      "y": 0,
      "width": 1982,
      "height": 505
    },
    "offset": {
      "x": 1,
      "y": 1
    },
    "originalSize": {
      "width": 1984,
      "height": 507
    },
    "rotated": false,
    "capInsets": [
      0,
      0,
      0,
      0
    ],
    "vertices": {
      "rawPosition": [
        -991,
        -252.5,
        0,
        991,
        -252.5,
        0,
        -991,
        252.5,
        0,
        991,
        252.5,
        0
      ],
      "indexes": [
        0,
        1,
        2,
        2,
        1,
        3
      ],
      "uv": [
        2,
        507,
        1984,
        507,
        2,
        2,
        1984,
        2
      ],
      "nuv": [
        0.0010080645161290322,
        0.0039447731755424065,
        1,
        0.0039447731755424065,
        0.0010080645161290322,
        1,
        1,
        1
      ],
      "minPos": {
        "x": -991,
        "y": -252.5,
        "z": 0
      },
      "maxPos": {
        "x": 991,
        "y": 252.5,
        "z": 0
      }
    },
    "texture": "3410b67a-3cbd-4e65-8051-05511fcc5af5@6c48a",
    "packable": true,
    "pixelsToUnit": 100,
    "pivot": {
      "x": 0.5,
      "y": 0.5
    },
    "meshType": 0
  }
}