{
  "__type__": "cc.SpriteFrame",
  "content": {
    "name": "line25",
    "atlas": "",
    "rect": {
      "x": 278,
      "y": 33,
      "width": 1002,
      "height": 610
    },
    "offset": {
      "x": 139,
      "y": 22
    },
    "originalSize": {
      "width": 1280,
      "height": 720
    },
    "rotated": false,
    "capInsets": [
      0,
      0,
      0,
      0
    ],
    "vertices": {
      "rawPosition": [
        -501,
        -305,
        0,
        501,
        -305,
        0,
        -501,
        305,
        0,
        501,
        305,
        0
      ],
      "indexes": [
        0,
        1,
        2,
        2,
        1,
        3
      ],
      "uv": [
        278,
        687,
        1280,
        687,
        278,
        77,
        1280,
        77
      ],
      "nuv": [
        0.2171875,
        0.10694444444444444,
        1,
        0.10694444444444444,
        0.2171875,
        0.9541666666666667,
        1,
        0.9541666666666667
      ],
      "minPos": {
        "x": -501,
        "y": -305,
        "z": 0
      },
      "maxPos": {
        "x": 501,
        "y": 305,
        "z": 0
      }
    },
    "texture": "3420c211-4479-493a-8926-b545649c790d@6c48a",
    "packable": true,
    "pixelsToUnit": 100,
    "pivot": {
      "x": 0.5,
      "y": 0.5
    },
    "meshType": 0
  }
}