{
  "__type__": "cc.SpriteFrame",
  "content": {
    "name": "tatca-on",
    "atlas": "",
    "rect": {
      "x": 21,
      "y": 1,
      "width": 61,
      "height": 22
    },
    "offset": {
      "x": -2,
      "y": 0
    },
    "originalSize": {
      "width": 107,
      "height": 24
    },
    "rotated": false,
    "capInsets": [
      0,
      0,
      0,
      0
    ],
    "vertices": {
      "rawPosition": [
        -30.5,
        -11,
        0,
        30.5,
        -11,
        0,
        -30.5,
        11,
        0,
        30.5,
        11,
        0
      ],
      "indexes": [
        0,
        1,
        2,
        2,
        1,
        3
      ],
      "uv": [
        21,
        23,
        82,
        23,
        21,
        1,
        82,
        1
      ],
      "nuv": [
        0.19626168224299065,
        0.041666666666666664,
        0.7663551401869159,
        0.041666666666666664,
        0.19626168224299065,
        0.9583333333333334,
        0.7663551401869159,
        0.9583333333333334
      ],
      "minPos": {
        "x": -30.5,
        "y": -11,
        "z": 0
      },
      "maxPos": {
        "x": 30.5,
        "y": 11,
        "z": 0
      }
    },
    "texture": "344ce429-cee4-4dcb-aed4-1eddeb592a0d@6c48a",
    "packable": true,
    "pixelsToUnit": 100,
    "pivot": {
      "x": 0.5,
      "y": 0.5
    },
    "meshType": 0
  }
}