{
  "__type__": "cc.SpriteFrame",
  "content": {
    "name": "Banner_lol",
    "atlas": "",
    "rect": {
      "x": 1,
      "y": 1,
      "width": 1019,
      "height": 1014
    },
    "offset": {
      "x": -1.5,
      "y": 4
    },
    "originalSize": {
      "width": 1024,
      "height": 1024
    },
    "rotated": false,
    "capInsets": [
      0,
      0,
      0,
      0
    ],
    "vertices": {
      "rawPosition": [
        -509.5,
        -507,
        0,
        509.5,
        -507,
        0,
        -509.5,
        507,
        0,
        509.5,
        507,
        0
      ],
      "indexes": [
        0,
        1,
        2,
        2,
        1,
        3
      ],
      "uv": [
        1,
        1023,
        1020,
        1023,
        1,
        9,
        1020,
        9
      ],
      "nuv": [
        0.0009765625,
        0.0087890625,
        0.99609375,
        0.0087890625,
        0.0009765625,
        0.9990234375,
        0.99609375,
        0.9990234375
      ],
      "minPos": {
        "x": -509.5,
        "y": -507,
        "z": 0
      },
      "maxPos": {
        "x": 509.5,
        "y": 507,
        "z": 0
      }
    },
    "texture": "3492770c-58b3-439a-b0d0-c6463cdcac14@6c48a",
    "packable": true,
    "pixelsToUnit": 100,
    "pivot": {
      "x": 0.5,
      "y": 0.5
    },
    "meshType": 0
  }
}