{
  "__type__": "cc.SpriteFrame",
  "content": {
    "name": "skeleton",
    "atlas": "",
    "rect": {
      "x": 1,
      "y": 1,
      "width": 537,
      "height": 161
    },
    "offset": {
      "x": 0,
      "y": 0
    },
    "originalSize": {
      "width": 539,
      "height": 163
    },
    "rotated": false,
    "capInsets": [
      0,
      0,
      0,
      0
    ],
    "vertices": {
      "rawPosition": [
        -268.5,
        -80.5,
        0,
        268.5,
        -80.5,
        0,
        -268.5,
        80.5,
        0,
        268.5,
        80.5,
        0
      ],
      "indexes": [
        0,
        1,
        2,
        2,
        1,
        3
      ],
      "uv": [
        1,
        162,
        538,
        162,
        1,
        1,
        538,
        1
      ],
      "nuv": [
        0.0018552875695732839,
        0.006134969325153374,
        0.9981447124304267,
        0.006134969325153374,
        0.0018552875695732839,
        0.9938650306748467,
        0.9981447124304267,
        0.9938650306748467
      ],
      "minPos": {
        "x": -268.5,
        "y": -80.5,
        "z": 0
      },
      "maxPos": {
        "x": 268.5,
        "y": 80.5,
        "z": 0
      }
    },
    "texture": "17085dd3-7887-4a7c-a2cc-3d750170646b@6c48a",
    "packable": true,
    "pixelsToUnit": 100,
    "pivot": {
      "x": 0.5,
      "y": 0.5
    },
    "meshType": 0
  }
}