{
  "__type__": "cc.SpriteFrame",
  "content": {
    "name": "kyby_yinbi_tex",
    "atlas": "",
    "rect": {
      "x": 1,
      "y": 1,
      "width": 155,
      "height": 68
    },
    "offset": {
      "x": -49.5,
      "y": 29
    },
    "originalSize": {
      "width": 256,
      "height": 128
    },
    "rotated": false,
    "capInsets": [
      0,
      0,
      0,
      0
    ],
    "vertices": {
      "rawPosition": [
        -77.5,
        -34,
        0,
        77.5,
        -34,
        0,
        -77.5,
        34,
        0,
        77.5,
        34,
        0
      ],
      "indexes": [
        0,
        1,
        2,
        2,
        1,
        3
      ],
      "uv": [
        1,
        127,
        156,
        127,
        1,
        59,
        156,
        59
      ],
      "nuv": [
        0.00390625,
        0.4609375,
        0.609375,
        0.4609375,
        0.00390625,
        0.9921875,
        0.609375,
        0.9921875
      ],
      "minPos": {
        "x": -77.5,
        "y": -34,
        "z": 0
      },
      "maxPos": {
        "x": 77.5,
        "y": 34,
        "z": 0
      }
    },
    "texture": "170ebeeb-597b-4b4c-8115-68b33e5eba38@6c48a",
    "packable": true,
    "pixelsToUnit": 100,
    "pivot": {
      "x": 0.5,
      "y": 0.5
    },
    "meshType": 0
  }
}