{
  "__type__": "cc.SpriteFrame",
  "content": {
    "name": "fish_icon_haidaochuan",
    "atlas": "",
    "rect": {
      "x": 0,
      "y": 12,
      "width": 93,
      "height": 71
    },
    "offset": {
      "x": -0.5,
      "y": -0.5
    },
    "originalSize": {
      "width": 94,
      "height": 94
    },
    "rotated": false,
    "capInsets": [
      0,
      0,
      0,
      0
    ],
    "vertices": {
      "rawPosition": [
        -46.5,
        -35.5,
        0,
        46.5,
        -35.5,
        0,
        -46.5,
        35.5,
        0,
        46.5,
        35.5,
        0
      ],
      "indexes": [
        0,
        1,
        2,
        2,
        1,
        3
      ],
      "uv": [
        0,
        82,
        93,
        82,
        0,
        11,
        93,
        11
      ],
      "nuv": [
        0,
        0.11702127659574468,
        0.9893617021276596,
        0.11702127659574468,
        0,
        0.8723404255319149,
        0.9893617021276596,
        0.8723404255319149
      ],
      "minPos": {
        "x": -46.5,
        "y": -35.5,
        "z": 0
      },
      "maxPos": {
        "x": 46.5,
        "y": 35.5,
        "z": 0
      }
    },
    "texture": "1782becd-ef5c-4624-9c91-1ad2a4016ff3@6c48a",
    "packable": true,
    "pixelsToUnit": 100,
    "pivot": {
      "x": 0.5,
      "y": 0.5
    },
    "meshType": 0
  }
}