{
  "__type__": "cc.SpriteFrame",
  "content": {
    "name": "icon slot",
    "atlas": "",
    "rect": {
      "x": 2,
      "y": 2,
      "width": 147,
      "height": 95
    },
    "offset": {
      "x": -52.5,
      "y": 14.5
    },
    "originalSize": {
      "width": 256,
      "height": 128
    },
    "rotated": false,
    "capInsets": [
      0,
      0,
      0,
      0
    ],
    "vertices": {
      "rawPosition": [
        -73.5,
        -47.5,
        0,
        73.5,
        -47.5,
        0,
        -73.5,
        47.5,
        0,
        73.5,
        47.5,
        0
      ],
      "indexes": [
        0,
        1,
        2,
        2,
        1,
        3
      ],
      "uv": [
        2,
        126,
        149,
        126,
        2,
        31,
        149,
        31
      ],
      "nuv": [
        0.0078125,
        0.2421875,
        0.58203125,
        0.2421875,
        0.0078125,
        0.984375,
        0.58203125,
        0.984375
      ],
      "minPos": {
        "x": -73.5,
        "y": -47.5,
        "z": 0
      },
      "maxPos": {
        "x": 73.5,
        "y": 47.5,
        "z": 0
      }
    },
    "texture": "17921929-3b7b-452c-a7e2-ce7635c31995@6c48a",
    "packable": true,
    "pixelsToUnit": 100,
    "pivot": {
      "x": 0.5,
      "y": 0.5
    },
    "meshType": 0
  }
}