{
  "__type__": "cc.SpriteFrame",
  "content": {
    "name": "2",
    "atlas": "",
    "rect": {
      "x": 20,
      "y": 52,
      "width": 762,
      "height": 47
    },
    "offset": {
      "x": -25.5,
      "y": 151.5
    },
    "originalSize": {
      "width": 853,
      "height": 454
    },
    "rotated": false,
    "capInsets": [
      0,
      0,
      0,
      0
    ],
    "vertices": {
      "rawPosition": [
        -381,
        -23.5,
        0,
        381,
        -23.5,
        0,
        -381,
        23.5,
        0,
        381,
        23.5,
        0
      ],
      "indexes": [
        0,
        1,
        2,
        2,
        1,
        3
      ],
      "uv": [
        20,
        402,
        782,
        402,
        20,
        355,
        782,
        355
      ],
      "nuv": [
        0.023446658851113716,
        0.7819383259911894,
        0.9167643610785463,
        0.7819383259911894,
        0.023446658851113716,
        0.8854625550660793,
        0.9167643610785463,
        0.8854625550660793
      ],
      "minPos": {
        "x": -381,
        "y": -23.5,
        "z": 0
      },
      "maxPos": {
        "x": 381,
        "y": 23.5,
        "z": 0
      }
    },
    "texture": "17b07bec-7930-45d7-9b8a-58cc53b0e070@6c48a",
    "packable": true,
    "pixelsToUnit": 100,
    "pivot": {
      "x": 0.5,
      "y": 0.5
    },
    "meshType": 0
  }
}