{
  "__type__": "cc.SpriteFrame",
  "content": {
    "name": "PokerIcon",
    "atlas": "",
    "rect": {
      "x": 2,
      "y": 2,
      "width": 936,
      "height": 224
    },
    "offset": {
      "x": -42,
      "y": 14
    },
    "originalSize": {
      "width": 1024,
      "height": 256
    },
    "rotated": false,
    "capInsets": [
      0,
      0,
      0,
      0
    ],
    "vertices": {
      "rawPosition": [
        -468,
        -112,
        0,
        468,
        -112,
        0,
        -468,
        112,
        0,
        468,
        112,
        0
      ],
      "indexes": [
        0,
        1,
        2,
        2,
        1,
        3
      ],
      "uv": [
        2,
        254,
        938,
        254,
        2,
        30,
        938,
        30
      ],
      "nuv": [
        0.001953125,
        0.1171875,
        0.916015625,
        0.1171875,
        0.001953125,
        0.9921875,
        0.916015625,
        0.9921875
      ],
      "minPos": {
        "x": -468,
        "y": -112,
        "z": 0
      },
      "maxPos": {
        "x": 468,
        "y": 112,
        "z": 0
      }
    },
    "texture": "17e21f7e-6e1d-4a81-8e9e-2d69867ed44f@6c48a",
    "packable": true,
    "pixelsToUnit": 100,
    "pivot": {
      "x": 0.5,
      "y": 0.5
    },
    "meshType": 0
  }
}