{
  "__type__": "cc.SpriteFrame",
  "content": {
    "name": "zhangyuwang_tex",
    "atlas": "",
    "rect": {
      "x": 1,
      "y": 1,
      "width": 1927,
      "height": 1519
    },
    "offset": {
      "x": -0.5,
      "y": 0.5
    },
    "originalSize": {
      "width": 1930,
      "height": 1522
    },
    "rotated": false,
    "capInsets": [
      0,
      0,
      0,
      0
    ],
    "vertices": {
      "rawPosition": [
        -963.5,
        -759.5,
        0,
        963.5,
        -759.5,
        0,
        -963.5,
        759.5,
        0,
        963.5,
        759.5,
        0
      ],
      "indexes": [
        0,
        1,
        2,
        2,
        1,
        3
      ],
      "uv": [
        1,
        1521,
        1928,
        1521,
        1,
        2,
        1928,
        2
      ],
      "nuv": [
        0.0005181347150259067,
        0.001314060446780552,
        0.9989637305699481,
        0.001314060446780552,
        0.0005181347150259067,
        0.9993429697766097,
        0.9989637305699481,
        0.9993429697766097
      ],
      "minPos": {
        "x": -963.5,
        "y": -759.5,
        "z": 0
      },
      "maxPos": {
        "x": 963.5,
        "y": 759.5,
        "z": 0
      }
    },
    "texture": "17e521f5-688f-43e0-a8ad-914214384c64@6c48a",
    "packable": true,
    "pixelsToUnit": 100,
    "pivot": {
      "x": 0.5,
      "y": 0.5
    },
    "meshType": 0
  }
}