{
  "__type__": "cc.SpriteFrame",
  "content": {
    "name": "kyby_paotai1_tex",
    "atlas": "",
    "rect": {
      "x": 1,
      "y": 1,
      "width": 181,
      "height": 122
    },
    "offset": {
      "x": -36.5,
      "y": 2
    },
    "originalSize": {
      "width": 256,
      "height": 128
    },
    "rotated": false,
    "capInsets": [
      0,
      0,
      0,
      0
    ],
    "vertices": {
      "rawPosition": [
        -90.5,
        -61,
        0,
        90.5,
        -61,
        0,
        -90.5,
        61,
        0,
        90.5,
        61,
        0
      ],
      "indexes": [
        0,
        1,
        2,
        2,
        1,
        3
      ],
      "uv": [
        1,
        127,
        182,
        127,
        1,
        5,
        182,
        5
      ],
      "nuv": [
        0.00390625,
        0.0390625,
        0.7109375,
        0.0390625,
        0.00390625,
        0.9921875,
        0.7109375,
        0.9921875
      ],
      "minPos": {
        "x": -90.5,
        "y": -61,
        "z": 0
      },
      "maxPos": {
        "x": 90.5,
        "y": 61,
        "z": 0
      }
    },
    "texture": "e50626d2-f4c1-44e5-9391-206cca290c3d@6c48a",
    "packable": true,
    "pixelsToUnit": 100,
    "pivot": {
      "x": 0.5,
      "y": 0.5
    },
    "meshType": 0
  }
}