{
  "__type__": "cc.SpriteFrame",
  "content": {
    "name": "pages.png",
    "atlas": "",
    "rect": {
      "x": 2,
      "y": 2,
      "width": 53,
      "height": 283
    },
    "offset": {
      "x": 0,
      "y": 0
    },
    "originalSize": {
      "width": 57,
      "height": 287
    },
    "rotated": false,
    "capInsets": [
      0,
      0,
      0,
      0
    ],
    "vertices": {
      "rawPosition": [
        -26.5,
        -141.5,
        0,
        26.5,
        -141.5,
        0,
        -26.5,
        141.5,
        0,
        26.5,
        141.5,
        0
      ],
      "indexes": [
        0,
        1,
        2,
        2,
        1,
        3
      ],
      "uv": [
        2,
        285,
        55,
        285,
        2,
        2,
        55,
        2
      ],
      "nuv": [
        0.03508771929824561,
        0.006968641114982578,
        0.9649122807017544,
        0.006968641114982578,
        0.03508771929824561,
        0.9930313588850174,
        0.9649122807017544,
        0.9930313588850174
      ],
      "minPos": {
        "x": -26.5,
        "y": -141.5,
        "z": 0
      },
      "maxPos": {
        "x": 26.5,
        "y": 141.5,
        "z": 0
      }
    },
    "texture": "e52f6499-1fdb-43e5-9989-541fbf0a0c03@6c48a",
    "packable": true,
    "pixelsToUnit": 100,
    "pivot": {
      "x": 0.5,
      "y": 0.5
    },
    "meshType": 0
  }
}