{
  "__type__": "cc.SpriteFrame",
  "content": {
    "name": "FONTVANGTO-export",
    "atlas": "",
    "rect": {
      "x": 0,
      "y": 0,
      "width": 320,
      "height": 255
    },
    "offset": {
      "x": -96,
      "y": 0.5
    },
    "originalSize": {
      "width": 512,
      "height": 256
    },
    "rotated": false,
    "capInsets": [
      0,
      0,
      0,
      0
    ],
    "vertices": {
      "rawPosition": [
        -160,
        -127.5,
        0,
        160,
        -127.5,
        0,
        -160,
        127.5,
        0,
        160,
        127.5,
        0
      ],
      "indexes": [
        0,
        1,
        2,
        2,
        1,
        3
      ],
      "uv": [
        0,
        256,
        320,
        256,
        0,
        1,
        320,
        1
      ],
      "nuv": [
        0,
        0.00390625,
        0.625,
        0.00390625,
        0,
        1,
        0.625,
        1
      ],
      "minPos": {
        "x": -160,
        "y": -127.5,
        "z": 0
      },
      "maxPos": {
        "x": 160,
        "y": 127.5,
        "z": 0
      }
    },
    "texture": "e5aa67ee-74e3-49e5-8210-3f92701f357b@6c48a",
    "packable": true,
    "pixelsToUnit": 100,
    "pivot": {
      "x": 0.5,
      "y": 0.5
    },
    "meshType": 0
  }
}