{
  "__type__": "cc.SpriteFrame",
  "content": {
    "name": "btnSpin0",
    "atlas": "",
    "rect": {
      "x": 7,
      "y": 0,
      "width": 107,
      "height": 177
    },
    "offset": {
      "x": 3.5,
      "y": 41.5
    },
    "originalSize": {
      "width": 114,
      "height": 260
    },
    "rotated": false,
    "capInsets": [
      0,
      0,
      0,
      0
    ],
    "vertices": {
      "rawPosition": [
        -53.5,
        -88.5,
        0,
        53.5,
        -88.5,
        0,
        -53.5,
        88.5,
        0,
        53.5,
        88.5,
        0
      ],
      "indexes": [
        0,
        1,
        2,
        2,
        1,
        3
      ],
      "uv": [
        7,
        260,
        114,
        260,
        7,
        83,
        114,
        83
      ],
      "nuv": [
        0.06140350877192982,
        0.3192307692307692,
        1,
        0.3192307692307692,
        0.06140350877192982,
        1,
        1,
        1
      ],
      "minPos": {
        "x": -53.5,
        "y": -88.5,
        "z": 0
      },
      "maxPos": {
        "x": 53.5,
        "y": 88.5,
        "z": 0
      }
    },
    "texture": "e31cea19-3dce-4cab-951d-0ca44f87e6e0@6c48a",
    "packable": true,
    "pixelsToUnit": 100,
    "pivot": {
      "x": 0.5,
      "y": 0.5
    },
    "meshType": 0
  }
}