{
  "__type__": "cc.SpriteFrame",
  "content": {
    "name": "15",
    "atlas": "",
    "rect": {
      "x": 21,
      "y": 225,
      "width": 758,
      "height": 187
    },
    "offset": {
      "x": -26.5,
      "y": -91.5
    },
    "originalSize": {
      "width": 853,
      "height": 454
    },
    "rotated": false,
    "capInsets": [
      0,
      0,
      0,
      0
    ],
    "vertices": {
      "rawPosition": [
        -379,
        -93.5,
        0,
        379,
        -93.5,
        0,
        -379,
        93.5,
        0,
        379,
        93.5,
        0
      ],
      "indexes": [
        0,
        1,
        2,
        2,
        1,
        3
      ],
      "uv": [
        21,
        229,
        779,
        229,
        21,
        42,
        779,
        42
      ],
      "nuv": [
        0.0246189917936694,
        0.09251101321585903,
        0.9132473622508792,
        0.09251101321585903,
        0.0246189917936694,
        0.5044052863436124,
        0.9132473622508792,
        0.5044052863436124
      ],
      "minPos": {
        "x": -379,
        "y": -93.5,
        "z": 0
      },
      "maxPos": {
        "x": 379,
        "y": 93.5,
        "z": 0
      }
    },
    "texture": "e3cd17f1-2acf-421e-9c0c-affcc65b2798@6c48a",
    "packable": true,
    "pixelsToUnit": 100,
    "pivot": {
      "x": 0.5,
      "y": 0.5
    },
    "meshType": 0
  }
}