{
  "__type__": "cc.SpriteFrame",
  "content": {
    "name": "line16",
    "atlas": "",
    "rect": {
      "x": 292,
      "y": 31,
      "width": 988,
      "height": 459
    },
    "offset": {
      "x": 146,
      "y": 99.5
    },
    "originalSize": {
      "width": 1280,
      "height": 720
    },
    "rotated": false,
    "capInsets": [
      0,
      0,
      0,
      0
    ],
    "vertices": {
      "rawPosition": [
        -494,
        -229.5,
        0,
        494,
        -229.5,
        0,
        -494,
        229.5,
        0,
        494,
        229.5,
        0
      ],
      "indexes": [
        0,
        1,
        2,
        2,
        1,
        3
      ],
      "uv": [
        292,
        689,
        1280,
        689,
        292,
        230,
        1280,
        230
      ],
      "nuv": [
        0.228125,
        0.3194444444444444,
        1,
        0.3194444444444444,
        0.228125,
        0.9569444444444445,
        1,
        0.9569444444444445
      ],
      "minPos": {
        "x": -494,
        "y": -229.5,
        "z": 0
      },
      "maxPos": {
        "x": 494,
        "y": 229.5,
        "z": 0
      }
    },
    "texture": "e3e6276f-3af2-427b-90b2-5566c3825524@6c48a",
    "packable": true,
    "pixelsToUnit": 100,
    "pivot": {
      "x": 0.5,
      "y": 0.5
    },
    "meshType": 0
  }
}