{
  "__type__": "cc.SpriteFrame",
  "content": {
    "name": "lblTaiSang",
    "atlas": "",
    "rect": {
      "x": 2,
      "y": 2,
      "width": 177,
      "height": 108
    },
    "offset": {
      "x": 0,
      "y": -0.5
    },
    "originalSize": {
      "width": 181,
      "height": 111
    },
    "rotated": false,
    "capInsets": [
      0,
      0,
      0,
      0
    ],
    "vertices": {
      "rawPosition": [
        -88.5,
        -54,
        0,
        88.5,
        -54,
        0,
        -88.5,
        54,
        0,
        88.5,
        54,
        0
      ],
      "indexes": [
        0,
        1,
        2,
        2,
        1,
        3
      ],
      "uv": [
        2,
        109,
        179,
        109,
        2,
        1,
        179,
        1
      ],
      "nuv": [
        0.011049723756906077,
        0.009009009009009009,
        0.988950276243094,
        0.009009009009009009,
        0.011049723756906077,
        0.9819819819819819,
        0.988950276243094,
        0.9819819819819819
      ],
      "minPos": {
        "x": -88.5,
        "y": -54,
        "z": 0
      },
      "maxPos": {
        "x": 88.5,
        "y": 54,
        "z": 0
      }
    },
    "texture": "e3e7bc46-8683-42e3-aae2-a0bcd1f2d183@6c48a",
    "packable": true,
    "pixelsToUnit": 100,
    "pivot": {
      "x": 0.5,
      "y": 0.5
    },
    "meshType": 0
  }
}