{
  "__type__": "cc.SpriteFrame",
  "content": {
    "name": "skeleton",
    "atlas": "",
    "rect": {
      "x": 2,
      "y": 2,
      "width": 1804,
      "height": 818
    },
    "offset": {
      "x": -120,
      "y": 101
    },
    "originalSize": {
      "width": 2048,
      "height": 1024
    },
    "rotated": false,
    "capInsets": [
      0,
      0,
      0,
      0
    ],
    "vertices": {
      "rawPosition": [
        -902,
        -409,
        0,
        902,
        -409,
        0,
        -902,
        409,
        0,
        902,
        409,
        0
      ],
      "indexes": [
        0,
        1,
        2,
        2,
        1,
        3
      ],
      "uv": [
        2,
        1022,
        1806,
        1022,
        2,
        204,
        1806,
        204
      ],
      "nuv": [
        0.0009765625,
        0.19921875,
        0.8818359375,
        0.19921875,
        0.0009765625,
        0.998046875,
        0.8818359375,
        0.998046875
      ],
      "minPos": {
        "x": -902,
        "y": -409,
        "z": 0
      },
      "maxPos": {
        "x": 902,
        "y": 409,
        "z": 0
      }
    },
    "texture": "a676a93c-e302-4a9e-abe6-6bfde544a699@6c48a",
    "packable": true,
    "pixelsToUnit": 100,
    "pivot": {
      "x": 0.5,
      "y": 0.5
    },
    "meshType": 0
  }
}