{
  "__type__": "cc.SpriteFrame",
  "content": {
    "name": "hoangkim",
    "atlas": "",
    "rect": {
      "x": 3,
      "y": 3,
      "width": 672,
      "height": 474
    },
    "offset": {
      "x": -173,
      "y": 16
    },
    "originalSize": {
      "width": 1024,
      "height": 512
    },
    "rotated": false,
    "capInsets": [
      0,
      0,
      0,
      0
    ],
    "vertices": {
      "rawPosition": [
        -336,
        -237,
        0,
        336,
        -237,
        0,
        -336,
        237,
        0,
        336,
        237,
        0
      ],
      "indexes": [
        0,
        1,
        2,
        2,
        1,
        3
      ],
      "uv": [
        3,
        509,
        675,
        509,
        3,
        35,
        675,
        35
      ],
      "nuv": [
        0.0029296875,
        0.068359375,
        0.6591796875,
        0.068359375,
        0.0029296875,
        0.994140625,
        0.6591796875,
        0.994140625
      ],
      "minPos": {
        "x": -336,
        "y": -237,
        "z": 0
      },
      "maxPos": {
        "x": 336,
        "y": 237,
        "z": 0
      }
    },
    "texture": "52c5f318-3fb6-401e-9550-e3011f4eb1e2@6c48a",
    "packable": true,
    "pixelsToUnit": 100,
    "pivot": {
      "x": 0.5,
      "y": 0.5
    },
    "meshType": 0
  }
}