{
  "__type__": "cc.SpriteFrame",
  "content": {
    "name": "BONUSJACKPOTSCATTER",
    "atlas": "",
    "rect": {
      "x": 2,
      "y": 2,
      "width": 4092,
      "height": 2040
    },
    "offset": {
      "x": 0,
      "y": 2
    },
    "originalSize": {
      "width": 4096,
      "height": 2048
    },
    "rotated": false,
    "capInsets": [
      0,
      0,
      0,
      0
    ],
    "vertices": {
      "rawPosition": [
        -2046,
        -1020,
        0,
        2046,
        -1020,
        0,
        -2046,
        1020,
        0,
        2046,
        1020,
        0
      ],
      "indexes": [
        0,
        1,
        2,
        2,
        1,
        3
      ],
      "uv": [
        2,
        2046,
        4094,
        2046,
        2,
        6,
        4094,
        6
      ],
      "nuv": [
        0.00048828125,
        0.0029296875,
        0.99951171875,
        0.0029296875,
        0.00048828125,
        0.9990234375,
        0.99951171875,
        0.9990234375
      ],
      "minPos": {
        "x": -2046,
        "y": -1020,
        "z": 0
      },
      "maxPos": {
        "x": 2046,
        "y": 1020,
        "z": 0
      }
    },
    "texture": "52ee4053-3284-497a-9e4f-e6c974de34f5@6c48a",
    "packable": true,
    "pixelsToUnit": 100,
    "pivot": {
      "x": 0.5,
      "y": 0.5
    },
    "meshType": 0
  }
}