{
  "__type__": "cc.SpriteFrame",
  "content": {
    "name": "skeleton",
    "atlas": "",
    "rect": {
      "x": 2,
      "y": 5,
      "width": 1111,
      "height": 248
    },
    "offset": {
      "x": -466.5,
      "y": -1
    },
    "originalSize": {
      "width": 2048,
      "height": 256
    },
    "rotated": false,
    "capInsets": [
      0,
      0,
      0,
      0
    ],
    "vertices": {
      "rawPosition": [
        -555.5,
        -124,
        0,
        555.5,
        -124,
        0,
        -555.5,
        124,
        0,
        555.5,
        124,
        0
      ],
      "indexes": [
        0,
        1,
        2,
        2,
        1,
        3
      ],
      "uv": [
        2,
        251,
        1113,
        251,
        2,
        3,
        1113,
        3
      ],
      "nuv": [
        0.0009765625,
        0.01171875,
        0.54345703125,
        0.01171875,
        0.0009765625,
        0.98046875,
        0.54345703125,
        0.98046875
      ],
      "minPos": {
        "x": -555.5,
        "y": -124,
        "z": 0
      },
      "maxPos": {
        "x": 555.5,
        "y": 124,
        "z": 0
      }
    },
    "texture": "3893c4ca-6eb0-4e19-8359-4adad40bf39f@6c48a",
    "packable": true,
    "pixelsToUnit": 100,
    "pivot": {
      "x": 0.5,
      "y": 0.5
    },
    "meshType": 0
  }
}