{
  "__type__": "cc.SpriteFrame",
  "content": {
    "name": "longliyu_tex",
    "atlas": "",
    "rect": {
      "x": 1,
      "y": 1,
      "width": 855,
      "height": 425
    },
    "offset": {
      "x": -83.5,
      "y": 298.5
    },
    "originalSize": {
      "width": 1024,
      "height": 1024
    },
    "rotated": false,
    "capInsets": [
      0,
      0,
      0,
      0
    ],
    "vertices": {
      "rawPosition": [
        -427.5,
        -212.5,
        0,
        427.5,
        -212.5,
        0,
        -427.5,
        212.5,
        0,
        427.5,
        212.5,
        0
      ],
      "indexes": [
        0,
        1,
        2,
        2,
        1,
        3
      ],
      "uv": [
        1,
        1023,
        856,
        1023,
        1,
        598,
        856,
        598
      ],
      "nuv": [
        0.0009765625,
        0.583984375,
        0.8359375,
        0.583984375,
        0.0009765625,
        0.9990234375,
        0.8359375,
        0.9990234375
      ],
      "minPos": {
        "x": -427.5,
        "y": -212.5,
        "z": 0
      },
      "maxPos": {
        "x": 427.5,
        "y": 212.5,
        "z": 0
      }
    },
    "texture": "38ae0989-5317-458e-a2b9-dff2c4e43cf3@6c48a",
    "packable": true,
    "pixelsToUnit": 100,
    "pivot": {
      "x": 0.5,
      "y": 0.5
    },
    "meshType": 0
  }
}