{
  "__type__": "cc.SpriteFrame",
  "content": {
    "name": "6",
    "atlas": "",
    "rect": {
      "x": 173,
      "y": 113,
      "width": 823,
      "height": 292
    },
    "offset": {
      "x": -55.5,
      "y": 101
    },
    "originalSize": {
      "width": 1280,
      "height": 720
    },
    "rotated": false,
    "capInsets": [
      0,
      0,
      0,
      0
    ],
    "vertices": {
      "rawPosition": [
        -411.5,
        -146,
        0,
        411.5,
        -146,
        0,
        -411.5,
        146,
        0,
        411.5,
        146,
        0
      ],
      "indexes": [
        0,
        1,
        2,
        2,
        1,
        3
      ],
      "uv": [
        173,
        607,
        996,
        607,
        173,
        315,
        996,
        315
      ],
      "nuv": [
        0.13515625,
        0.4375,
        0.778125,
        0.4375,
        0.13515625,
        0.8430555555555556,
        0.778125,
        0.8430555555555556
      ],
      "minPos": {
        "x": -411.5,
        "y": -146,
        "z": 0
      },
      "maxPos": {
        "x": 411.5,
        "y": 146,
        "z": 0
      }
    },
    "texture": "38c1cf74-d28c-434d-a12f-0272cb49ed32@6c48a",
    "packable": true,
    "pixelsToUnit": 100,
    "pivot": {
      "x": 0.5,
      "y": 0.5
    },
    "meshType": 0
  }
}