{
  "__type__": "cc.SpriteFrame",
  "content": {
    "name": "BONUSJACKPOT",
    "atlas": "",
    "rect": {
      "x": 2,
      "y": 2,
      "width": 2044,
      "height": 1017
    },
    "offset": {
      "x": 0,
      "y": 1.5
    },
    "originalSize": {
      "width": 2048,
      "height": 1024
    },
    "rotated": false,
    "capInsets": [
      0,
      0,
      0,
      0
    ],
    "vertices": {
      "rawPosition": [
        -1022,
        -508.5,
        0,
        1022,
        -508.5,
        0,
        -1022,
        508.5,
        0,
        1022,
        508.5,
        0
      ],
      "indexes": [
        0,
        1,
        2,
        2,
        1,
        3
      ],
      "uv": [
        2,
        1022,
        2046,
        1022,
        2,
        5,
        2046,
        5
      ],
      "nuv": [
        0.0009765625,
        0.0048828125,
        0.9990234375,
        0.0048828125,
        0.0009765625,
        0.998046875,
        0.9990234375,
        0.998046875
      ],
      "minPos": {
        "x": -1022,
        "y": -508.5,
        "z": 0
      },
      "maxPos": {
        "x": 1022,
        "y": 508.5,
        "z": 0
      }
    },
    "texture": "38d12dd9-b0e1-4969-baec-26431f6c3af9@6c48a",
    "packable": true,
    "pixelsToUnit": 100,
    "pivot": {
      "x": 0.5,
      "y": 0.5
    },
    "meshType": 0
  }
}