{
  "__type__": "cc.SpriteFrame",
  "content": {
    "name": "QUAYITEM",
    "atlas": "",
    "rect": {
      "x": 2,
      "y": 2,
      "width": 2041,
      "height": 508
    },
    "offset": {
      "x": -1.5,
      "y": 0
    },
    "originalSize": {
      "width": 2048,
      "height": 512
    },
    "rotated": false,
    "capInsets": [
      0,
      0,
      0,
      0
    ],
    "vertices": {
      "rawPosition": [
        -1020.5,
        -254,
        0,
        1020.5,
        -254,
        0,
        -1020.5,
        254,
        0,
        1020.5,
        254,
        0
      ],
      "indexes": [
        0,
        1,
        2,
        2,
        1,
        3
      ],
      "uv": [
        2,
        510,
        2043,
        510,
        2,
        2,
        2043,
        2
      ],
      "nuv": [
        0.0009765625,
        0.00390625,
        0.99755859375,
        0.00390625,
        0.0009765625,
        0.99609375,
        0.99755859375,
        0.99609375
      ],
      "minPos": {
        "x": -1020.5,
        "y": -254,
        "z": 0
      },
      "maxPos": {
        "x": 1020.5,
        "y": 254,
        "z": 0
      }
    },
    "texture": "38db8da9-0372-476a-9edf-bfea0d1a7830@6c48a",
    "packable": true,
    "pixelsToUnit": 100,
    "pivot": {
      "x": 0.5,
      "y": 0.5
    },
    "meshType": 0
  }
}