{
  "__type__": "cc.SpriteFrame",
  "content": {
    "name": "skeleton",
    "atlas": "",
    "rect": {
      "x": 1,
      "y": 1,
      "width": 3318,
      "height": 2172
    },
    "offset": {
      "x": 0,
      "y": 0
    },
    "originalSize": {
      "width": 3320,
      "height": 2174
    },
    "rotated": false,
    "capInsets": [
      0,
      0,
      0,
      0
    ],
    "vertices": {
      "rawPosition": [
        -1659,
        -1086,
        0,
        1659,
        -1086,
        0,
        -1659,
        1086,
        0,
        1659,
        1086,
        0
      ],
      "indexes": [
        0,
        1,
        2,
        2,
        1,
        3
      ],
      "uv": [
        1,
        2173,
        3319,
        2173,
        1,
        1,
        3319,
        1
      ],
      "nuv": [
        0.00030120481927710846,
        0.00045998160073597056,
        0.9996987951807229,
        0.00045998160073597056,
        0.00030120481927710846,
        0.999540018399264,
        0.9996987951807229,
        0.999540018399264
      ],
      "minPos": {
        "x": -1659,
        "y": -1086,
        "z": 0
      },
      "maxPos": {
        "x": 1659,
        "y": 1086,
        "z": 0
      }
    },
    "texture": "38f1a2ee-9620-4262-8204-9d6d273232d6@6c48a",
    "packable": true,
    "pixelsToUnit": 100,
    "pivot": {
      "x": 0.5,
      "y": 0.5
    },
    "meshType": 0
  }
}