{
  "__type__": "cc.SpriteFrame",
  "content": {
    "name": "hetun_tex",
    "atlas": "",
    "rect": {
      "x": 1,
      "y": 1,
      "width": 182,
      "height": 348
    },
    "offset": {
      "x": -36,
      "y": 81
    },
    "originalSize": {
      "width": 256,
      "height": 512
    },
    "rotated": false,
    "capInsets": [
      0,
      0,
      0,
      0
    ],
    "vertices": {
      "rawPosition": [
        -91,
        -174,
        0,
        91,
        -174,
        0,
        -91,
        174,
        0,
        91,
        174,
        0
      ],
      "indexes": [
        0,
        1,
        2,
        2,
        1,
        3
      ],
      "uv": [
        1,
        511,
        183,
        511,
        1,
        163,
        183,
        163
      ],
      "nuv": [
        0.00390625,
        0.318359375,
        0.71484375,
        0.318359375,
        0.00390625,
        0.998046875,
        0.71484375,
        0.998046875
      ],
      "minPos": {
        "x": -91,
        "y": -174,
        "z": 0
      },
      "maxPos": {
        "x": 91,
        "y": 174,
        "z": 0
      }
    },
    "texture": "ab34ccab-2785-4e78-a1a4-9da7564cc87f@6c48a",
    "packable": true,
    "pixelsToUnit": 100,
    "pivot": {
      "x": 0.5,
      "y": 0.5
    },
    "meshType": 0
  }
}