{
  "__type__": "cc.SpriteFrame",
  "content": {
    "name": "7",
    "atlas": "",
    "rect": {
      "x": 195,
      "y": 355,
      "width": 791,
      "height": 217
    },
    "offset": {
      "x": -49.5,
      "y": -103.5
    },
    "originalSize": {
      "width": 1280,
      "height": 720
    },
    "rotated": false,
    "capInsets": [
      0,
      0,
      0,
      0
    ],
    "vertices": {
      "rawPosition": [
        -395.5,
        -108.5,
        0,
        395.5,
        -108.5,
        0,
        -395.5,
        108.5,
        0,
        395.5,
        108.5,
        0
      ],
      "indexes": [
        0,
        1,
        2,
        2,
        1,
        3
      ],
      "uv": [
        195,
        365,
        986,
        365,
        195,
        148,
        986,
        148
      ],
      "nuv": [
        0.15234375,
        0.20555555555555555,
        0.7703125,
        0.20555555555555555,
        0.15234375,
        0.5069444444444444,
        0.7703125,
        0.5069444444444444
      ],
      "minPos": {
        "x": -395.5,
        "y": -108.5,
        "z": 0
      },
      "maxPos": {
        "x": 395.5,
        "y": 108.5,
        "z": 0
      }
    },
    "texture": "ab38efc8-b4e4-45ef-875c-71d55ded57b2@6c48a",
    "packable": true,
    "pixelsToUnit": 100,
    "pivot": {
      "x": 0.5,
      "y": 0.5
    },
    "meshType": 0
  }
}