{
  "__type__": "cc.SpriteFrame",
  "content": {
    "name": "8",
    "atlas": "",
    "rect": {
      "x": 189,
      "y": 172,
      "width": 841,
      "height": 379
    },
    "offset": {
      "x": -30.5,
      "y": -1.5
    },
    "originalSize": {
      "width": 1280,
      "height": 720
    },
    "rotated": false,
    "capInsets": [
      0,
      0,
      0,
      0
    ],
    "vertices": {
      "rawPosition": [
        -420.5,
        -189.5,
        0,
        420.5,
        -189.5,
        0,
        -420.5,
        189.5,
        0,
        420.5,
        189.5,
        0
      ],
      "indexes": [
        0,
        1,
        2,
        2,
        1,
        3
      ],
      "uv": [
        189,
        548,
        1030,
        548,
        189,
        169,
        1030,
        169
      ],
      "nuv": [
        0.14765625,
        0.23472222222222222,
        0.8046875,
        0.23472222222222222,
        0.14765625,
        0.7611111111111111,
        0.8046875,
        0.7611111111111111
      ],
      "minPos": {
        "x": -420.5,
        "y": -189.5,
        "z": 0
      },
      "maxPos": {
        "x": 420.5,
        "y": 189.5,
        "z": 0
      }
    },
    "texture": "abc77297-d4ef-42fd-8654-eeffe4de8483@6c48a",
    "packable": true,
    "pixelsToUnit": 100,
    "pivot": {
      "x": 0.5,
      "y": 0.5
    },
    "meshType": 0
  }
}