{
  "__type__": "cc.SpriteFrame",
  "content": {
    "name": "7",
    "atlas": "",
    "rect": {
      "x": 19,
      "y": 9,
      "width": 286,
      "height": 300
    },
    "offset": {
      "x": -4.5,
      "y": 7
    },
    "originalSize": {
      "width": 333,
      "height": 332
    },
    "rotated": false,
    "capInsets": [
      0,
      0,
      0,
      0
    ],
    "vertices": {
      "rawPosition": [
        -143,
        -150,
        0,
        143,
        -150,
        0,
        -143,
        150,
        0,
        143,
        150,
        0
      ],
      "indexes": [
        0,
        1,
        2,
        2,
        1,
        3
      ],
      "uv": [
        19,
        323,
        305,
        323,
        19,
        23,
        305,
        23
      ],
      "nuv": [
        0.057057057057057055,
        0.06927710843373494,
        0.9159159159159159,
        0.06927710843373494,
        0.057057057057057055,
        0.9728915662650602,
        0.9159159159159159,
        0.9728915662650602
      ],
      "minPos": {
        "x": -143,
        "y": -150,
        "z": 0
      },
      "maxPos": {
        "x": 143,
        "y": 150,
        "z": 0
      }
    },
    "texture": "a8a9598c-4d04-4226-9e66-02b3b17e55e9@6c48a",
    "packable": true,
    "pixelsToUnit": 100,
    "pivot": {
      "x": 0.5,
      "y": 0.5
    },
    "meshType": 0
  }
}