{
  "__type__": "cc.SpriteFrame",
  "content": {
    "name": "FONT-1-export",
    "atlas": "",
    "rect": {
      "x": 0,
      "y": 0,
      "width": 324,
      "height": 443
    },
    "offset": {
      "x": -94,
      "y": 34.5
    },
    "originalSize": {
      "width": 512,
      "height": 512
    },
    "rotated": false,
    "capInsets": [
      0,
      0,
      0,
      0
    ],
    "vertices": {
      "rawPosition": [
        -162,
        -221.5,
        0,
        162,
        -221.5,
        0,
        -162,
        221.5,
        0,
        162,
        221.5,
        0
      ],
      "indexes": [
        0,
        1,
        2,
        2,
        1,
        3
      ],
      "uv": [
        0,
        512,
        324,
        512,
        0,
        69,
        324,
        69
      ],
      "nuv": [
        0,
        0.134765625,
        0.6328125,
        0.134765625,
        0,
        1,
        0.6328125,
        1
      ],
      "minPos": {
        "x": -162,
        "y": -221.5,
        "z": 0
      },
      "maxPos": {
        "x": 162,
        "y": 221.5,
        "z": 0
      }
    },
    "texture": "a8cd4233-9e74-4c7b-a39a-203752308cd6@6c48a",
    "packable": true,
    "pixelsToUnit": 100,
    "pivot": {
      "x": 0.5,
      "y": 0.5
    },
    "meshType": 0
  }
}