{
  "__type__": "cc.SpriteFrame",
  "content": {
    "name": "banner 3-01",
    "atlas": "",
    "rect": {
      "x": 3,
      "y": 0,
      "width": 397,
      "height": 625
    },
    "offset": {
      "x": 1.5,
      "y": 0.5
    },
    "originalSize": {
      "width": 400,
      "height": 626
    },
    "rotated": false,
    "capInsets": [
      0,
      0,
      0,
      0
    ],
    "vertices": {
      "rawPosition": [
        -198.5,
        -312.5,
        0,
        198.5,
        -312.5,
        0,
        -198.5,
        312.5,
        0,
        198.5,
        312.5,
        0
      ],
      "indexes": [
        0,
        1,
        2,
        2,
        1,
        3
      ],
      "uv": [
        3,
        626,
        400,
        626,
        3,
        1,
        400,
        1
      ],
      "nuv": [
        0.0075,
        0.001597444089456869,
        1,
        0.001597444089456869,
        0.0075,
        1,
        1,
        1
      ],
      "minPos": {
        "x": -198.5,
        "y": -312.5,
        "z": 0
      },
      "maxPos": {
        "x": 198.5,
        "y": 312.5,
        "z": 0
      }
    },
    "texture": "a8f2c16a-b633-4b15-b7b1-5e2696331ea3@6c48a",
    "packable": true,
    "pixelsToUnit": 100,
    "pivot": {
      "x": 0.5,
      "y": 0.5
    },
    "meshType": 0
  }
}