{
  "__type__": "cc.SpriteFrame",
  "content": {
    "name": "font",
    "atlas": "",
    "rect": {
      "x": 10,
      "y": 10,
      "width": 407,
      "height": 32
    },
    "offset": {
      "x": 0,
      "y": 0
    },
    "originalSize": {
      "width": 427,
      "height": 52
    },
    "rotated": false,
    "capInsets": [
      0,
      0,
      0,
      0
    ],
    "vertices": {
      "rawPosition": [
        -203.5,
        -16,
        0,
        203.5,
        -16,
        0,
        -203.5,
        16,
        0,
        203.5,
        16,
        0
      ],
      "indexes": [
        0,
        1,
        2,
        2,
        1,
        3
      ],
      "uv": [
        10,
        42,
        417,
        42,
        10,
        10,
        417,
        10
      ],
      "nuv": [
        0.0234192037470726,
        0.19230769230769232,
        0.9765807962529274,
        0.19230769230769232,
        0.0234192037470726,
        0.8076923076923077,
        0.9765807962529274,
        0.8076923076923077
      ],
      "minPos": {
        "x": -203.5,
        "y": -16,
        "z": 0
      },
      "maxPos": {
        "x": 203.5,
        "y": 16,
        "z": 0
      }
    },
    "texture": "bf15cc2c-1070-44b3-b88d-ab1cadc303f0@6c48a",
    "packable": true,
    "pixelsToUnit": 100,
    "pivot": {
      "x": 0.5,
      "y": 0.5
    },
    "meshType": 0
  }
}