{
  "__type__": "cc.SpriteFrame",
  "content": {
    "name": "kyby_paotai6_tex",
    "atlas": "",
    "rect": {
      "x": 1,
      "y": 1,
      "width": 240,
      "height": 249
    },
    "offset": {
      "x": -7,
      "y": 2.5
    },
    "originalSize": {
      "width": 256,
      "height": 256
    },
    "rotated": false,
    "capInsets": [
      0,
      0,
      0,
      0
    ],
    "vertices": {
      "rawPosition": [
        -120,
        -124.5,
        0,
        120,
        -124.5,
        0,
        -120,
        124.5,
        0,
        120,
        124.5,
        0
      ],
      "indexes": [
        0,
        1,
        2,
        2,
        1,
        3
      ],
      "uv": [
        1,
        255,
        241,
        255,
        1,
        6,
        241,
        6
      ],
      "nuv": [
        0.00390625,
        0.0234375,
        0.94140625,
        0.0234375,
        0.00390625,
        0.99609375,
        0.94140625,
        0.99609375
      ],
      "minPos": {
        "x": -120,
        "y": -124.5,
        "z": 0
      },
      "maxPos": {
        "x": 120,
        "y": 124.5,
        "z": 0
      }
    },
    "texture": "bfacb5ad-eac2-430f-b4f0-1bf82ab99105@6c48a",
    "packable": true,
    "pixelsToUnit": 100,
    "pivot": {
      "x": 0.5,
      "y": 0.5
    },
    "meshType": 0
  }
}