{
  "__type__": "cc.SpriteFrame",
  "content": {
    "name": "AuTo",
    "atlas": "",
    "rect": {
      "x": 16,
      "y": 0,
      "width": 249,
      "height": 162
    },
    "offset": {
      "x": 8,
      "y": 0
    },
    "originalSize": {
      "width": 265,
      "height": 162
    },
    "rotated": false,
    "capInsets": [
      0,
      0,
      0,
      0
    ],
    "vertices": {
      "rawPosition": [
        -124.5,
        -81,
        0,
        124.5,
        -81,
        0,
        -124.5,
        81,
        0,
        124.5,
        81,
        0
      ],
      "indexes": [
        0,
        1,
        2,
        2,
        1,
        3
      ],
      "uv": [
        16,
        162,
        265,
        162,
        16,
        0,
        265,
        0
      ],
      "nuv": [
        0.06037735849056604,
        0,
        1,
        0,
        0.06037735849056604,
        1,
        1,
        1
      ],
      "minPos": {
        "x": -124.5,
        "y": -81,
        "z": 0
      },
      "maxPos": {
        "x": 124.5,
        "y": 81,
        "z": 0
      }
    },
    "texture": "bfb31725-8f37-4cbd-b76b-6aca7dca4c4b@6c48a",
    "packable": true,
    "pixelsToUnit": 100,
    "pivot": {
      "x": 0.5,
      "y": 0.5
    },
    "meshType": 0
  }
}