{
  "__type__": "cc.SpriteFrame",
  "content": {
    "name": "kyby_zidan6-hit_tex",
    "atlas": "",
    "rect": {
      "x": 2,
      "y": 7,
      "width": 1091,
      "height": 979
    },
    "offset": {
      "x": -476.5,
      "y": 15.5
    },
    "originalSize": {
      "width": 2048,
      "height": 1024
    },
    "rotated": false,
    "capInsets": [
      0,
      0,
      0,
      0
    ],
    "vertices": {
      "rawPosition": [
        -545.5,
        -489.5,
        0,
        545.5,
        -489.5,
        0,
        -545.5,
        489.5,
        0,
        545.5,
        489.5,
        0
      ],
      "indexes": [
        0,
        1,
        2,
        2,
        1,
        3
      ],
      "uv": [
        2,
        1017,
        1093,
        1017,
        2,
        38,
        1093,
        38
      ],
      "nuv": [
        0.0009765625,
        0.037109375,
        0.53369140625,
        0.037109375,
        0.0009765625,
        0.9931640625,
        0.53369140625,
        0.9931640625
      ],
      "minPos": {
        "x": -545.5,
        "y": -489.5,
        "z": 0
      },
      "maxPos": {
        "x": 545.5,
        "y": 489.5,
        "z": 0
      }
    },
    "texture": "bfcae40b-ee83-4e65-a507-806b45b23c5f@6c48a",
    "packable": true,
    "pixelsToUnit": 100,
    "pivot": {
      "x": 0.5,
      "y": 0.5
    },
    "meshType": 0
  }
}