{
  "__type__": "cc.SpriteFrame",
  "content": {
    "name": "sub_off",
    "atlas": "",
    "rect": {
      "x": 1,
      "y": 1,
      "width": 363,
      "height": 87
    },
    "offset": {
      "x": 0,
      "y": 0
    },
    "originalSize": {
      "width": 365,
      "height": 89
    },
    "rotated": false,
    "capInsets": [
      0,
      0,
      0,
      0
    ],
    "vertices": {
      "rawPosition": [
        -181.5,
        -43.5,
        0,
        181.5,
        -43.5,
        0,
        -181.5,
        43.5,
        0,
        181.5,
        43.5,
        0
      ],
      "indexes": [
        0,
        1,
        2,
        2,
        1,
        3
      ],
      "uv": [
        1,
        88,
        364,
        88,
        1,
        1,
        364,
        1
      ],
      "nuv": [
        0.0027397260273972603,
        0.011235955056179775,
        0.9972602739726028,
        0.011235955056179775,
        0.0027397260273972603,
        0.9887640449438202,
        0.9972602739726028,
        0.9887640449438202
      ],
      "minPos": {
        "x": -181.5,
        "y": -43.5,
        "z": 0
      },
      "maxPos": {
        "x": 181.5,
        "y": 43.5,
        "z": 0
      }
    },
    "texture": "bfe901c0-f383-43ce-8212-be34209b49fd@6c48a",
    "packable": true,
    "pixelsToUnit": 100,
    "pivot": {
      "x": 0.5,
      "y": 0.5
    },
    "meshType": 0
  }
}