{
  "__type__": "cc.SpriteFrame",
  "content": {
    "name": "5000",
    "atlas": "",
    "rect": {
      "x": 3,
      "y": 3,
      "width": 2030,
      "height": 506
    },
    "offset": {
      "x": -6,
      "y": 0
    },
    "originalSize": {
      "width": 2048,
      "height": 512
    },
    "rotated": false,
    "capInsets": [
      0,
      0,
      0,
      0
    ],
    "vertices": {
      "rawPosition": [
        -1015,
        -253,
        0,
        1015,
        -253,
        0,
        -1015,
        253,
        0,
        1015,
        253,
        0
      ],
      "indexes": [
        0,
        1,
        2,
        2,
        1,
        3
      ],
      "uv": [
        3,
        509,
        2033,
        509,
        3,
        3,
        2033,
        3
      ],
      "nuv": [
        0.00146484375,
        0.005859375,
        0.99267578125,
        0.005859375,
        0.00146484375,
        0.994140625,
        0.99267578125,
        0.994140625
      ],
      "minPos": {
        "x": -1015,
        "y": -253,
        "z": 0
      },
      "maxPos": {
        "x": 1015,
        "y": 253,
        "z": 0
      }
    },
    "texture": "45471379-8e26-4eea-9744-d83730fe6d3b@6c48a",
    "packable": true,
    "pixelsToUnit": 100,
    "pivot": {
      "x": 0.5,
      "y": 0.5
    },
    "meshType": 0
  }
}