{
  "__type__": "cc.SpriteFrame",
  "content": {
    "name": "me_win",
    "atlas": "",
    "rect": {
      "x": 0,
      "y": 1,
      "width": 509,
      "height": 191
    },
    "offset": {
      "x": 0,
      "y": -0.5
    },
    "originalSize": {
      "width": 509,
      "height": 192
    },
    "rotated": false,
    "capInsets": [
      0,
      0,
      0,
      0
    ],
    "vertices": {
      "rawPosition": [
        -254.5,
        -95.5,
        0,
        254.5,
        -95.5,
        0,
        -254.5,
        95.5,
        0,
        254.5,
        95.5,
        0
      ],
      "indexes": [
        0,
        1,
        2,
        2,
        1,
        3
      ],
      "uv": [
        0,
        191,
        509,
        191,
        0,
        0,
        509,
        0
      ],
      "nuv": [
        0,
        0,
        1,
        0,
        0,
        0.9947916666666666,
        1,
        0.9947916666666666
      ],
      "minPos": {
        "x": -254.5,
        "y": -95.5,
        "z": 0
      },
      "maxPos": {
        "x": 254.5,
        "y": 95.5,
        "z": 0
      }
    },
    "texture": "4d07ce48-475d-469b-87d9-3355b60d587c@6c48a",
    "packable": true,
    "pixelsToUnit": 100,
    "pivot": {
      "x": 0.5,
      "y": 0.5
    },
    "meshType": 0
  }
}