{
  "__type__": "cc.SpriteFrame",
  "content": {
    "name": "tuobaoguiwang_shadow_tex",
    "atlas": "",
    "rect": {
      "x": 1,
      "y": 1,
      "width": 1013,
      "height": 1022
    },
    "offset": {
      "x": -4.5,
      "y": 0
    },
    "originalSize": {
      "width": 1024,
      "height": 1024
    },
    "rotated": false,
    "capInsets": [
      0,
      0,
      0,
      0
    ],
    "vertices": {
      "rawPosition": [
        -506.5,
        -511,
        0,
        506.5,
        -511,
        0,
        -506.5,
        511,
        0,
        506.5,
        511,
        0
      ],
      "indexes": [
        0,
        1,
        2,
        2,
        1,
        3
      ],
      "uv": [
        1,
        1023,
        1014,
        1023,
        1,
        1,
        1014,
        1
      ],
      "nuv": [
        0.0009765625,
        0.0009765625,
        0.990234375,
        0.0009765625,
        0.0009765625,
        0.9990234375,
        0.990234375,
        0.9990234375
      ],
      "minPos": {
        "x": -506.5,
        "y": -511,
        "z": 0
      },
      "maxPos": {
        "x": 506.5,
        "y": 511,
        "z": 0
      }
    },
    "texture": "4d2dc473-524c-4715-ae0e-3d7c87dfab6a@6c48a",
    "packable": true,
    "pixelsToUnit": 100,
    "pivot": {
      "x": 0.5,
      "y": 0.5
    },
    "meshType": 0
  }
}