{
  "__type__": "cc.SpriteFrame",
  "content": {
    "name": "kyby_paotai3_tex",
    "atlas": "",
    "rect": {
      "x": 1,
      "y": 1,
      "width": 948,
      "height": 505
    },
    "offset": {
      "x": -37,
      "y": 2.5
    },
    "originalSize": {
      "width": 1024,
      "height": 512
    },
    "rotated": false,
    "capInsets": [
      0,
      0,
      0,
      0
    ],
    "vertices": {
      "rawPosition": [
        -474,
        -252.5,
        0,
        474,
        -252.5,
        0,
        -474,
        252.5,
        0,
        474,
        252.5,
        0
      ],
      "indexes": [
        0,
        1,
        2,
        2,
        1,
        3
      ],
      "uv": [
        1,
        511,
        949,
        511,
        1,
        6,
        949,
        6
      ],
      "nuv": [
        0.0009765625,
        0.01171875,
        0.9267578125,
        0.01171875,
        0.0009765625,
        0.998046875,
        0.9267578125,
        0.998046875
      ],
      "minPos": {
        "x": -474,
        "y": -252.5,
        "z": 0
      },
      "maxPos": {
        "x": 474,
        "y": 252.5,
        "z": 0
      }
    },
    "texture": "4decc203-8a04-460c-8d10-36bedecc2116@6c48a",
    "packable": true,
    "pixelsToUnit": 100,
    "pivot": {
      "x": 0.5,
      "y": 0.5
    },
    "meshType": 0
  }
}