{
  "__type__": "cc.SpriteFrame",
  "content": {
    "name": "mini",
    "atlas": "",
    "rect": {
      "x": 1,
      "y": 1,
      "width": 144,
      "height": 102
    },
    "offset": {
      "x": 0,
      "y": 0
    },
    "originalSize": {
      "width": 146,
      "height": 104
    },
    "rotated": false,
    "capInsets": [
      0,
      0,
      0,
      0
    ],
    "vertices": {
      "rawPosition": [
        -72,
        -51,
        0,
        72,
        -51,
        0,
        -72,
        51,
        0,
        72,
        51,
        0
      ],
      "indexes": [
        0,
        1,
        2,
        2,
        1,
        3
      ],
      "uv": [
        1,
        103,
        145,
        103,
        1,
        1,
        145,
        1
      ],
      "nuv": [
        0.00684931506849315,
        0.009615384615384616,
        0.9931506849315068,
        0.009615384615384616,
        0.00684931506849315,
        0.9903846153846154,
        0.9931506849315068,
        0.9903846153846154
      ],
      "minPos": {
        "x": -72,
        "y": -51,
        "z": 0
      },
      "maxPos": {
        "x": 72,
        "y": 51,
        "z": 0
      }
    },
    "texture": "7ddf1140-cf3d-449d-a271-e71273f85a67@6c48a",
    "packable": true,
    "pixelsToUnit": 100,
    "pivot": {
      "x": 0.5,
      "y": 0.5
    },
    "meshType": 0
  }
}