{
  "__type__": "cc.SpriteFrame",
  "content": {
    "name": "SVN-Zero",
    "atlas": "",
    "rect": {
      "x": 2,
      "y": 2,
      "width": 504,
      "height": 329
    },
    "offset": {
      "x": -2,
      "y": 89.5
    },
    "originalSize": {
      "width": 512,
      "height": 512
    },
    "rotated": false,
    "capInsets": [
      0,
      0,
      0,
      0
    ],
    "vertices": {
      "rawPosition": [
        -252,
        -164.5,
        0,
        252,
        -164.5,
        0,
        -252,
        164.5,
        0,
        252,
        164.5,
        0
      ],
      "indexes": [
        0,
        1,
        2,
        2,
        1,
        3
      ],
      "uv": [
        2,
        510,
        506,
        510,
        2,
        181,
        506,
        181
      ],
      "nuv": [
        0.00390625,
        0.353515625,
        0.98828125,
        0.353515625,
        0.00390625,
        0.99609375,
        0.98828125,
        0.99609375
      ],
      "minPos": {
        "x": -252,
        "y": -164.5,
        "z": 0
      },
      "maxPos": {
        "x": 252,
        "y": 164.5,
        "z": 0
      }
    },
    "texture": "7ded4075-264a-4323-814a-5bfadc145441@6c48a",
    "packable": true,
    "pixelsToUnit": 100,
    "pivot": {
      "x": 0.5,
      "y": 0.5
    },
    "meshType": 0
  }
}