{
  "__type__": "cc.SpriteFrame",
  "content": {
    "name": "itbonus",
    "atlas": "",
    "rect": {
      "x": 2,
      "y": 2,
      "width": 259,
      "height": 326
    },
    "offset": {
      "x": -0.5,
      "y": 0
    },
    "originalSize": {
      "width": 264,
      "height": 330
    },
    "rotated": false,
    "capInsets": [
      0,
      0,
      0,
      0
    ],
    "vertices": {
      "rawPosition": [
        -129.5,
        -163,
        0,
        129.5,
        -163,
        0,
        -129.5,
        163,
        0,
        129.5,
        163,
        0
      ],
      "indexes": [
        0,
        1,
        2,
        2,
        1,
        3
      ],
      "uv": [
        2,
        328,
        261,
        328,
        2,
        2,
        261,
        2
      ],
      "nuv": [
        0.007575757575757576,
        0.006060606060606061,
        0.9886363636363636,
        0.006060606060606061,
        0.007575757575757576,
        0.9939393939393939,
        0.9886363636363636,
        0.9939393939393939
      ],
      "minPos": {
        "x": -129.5,
        "y": -163,
        "z": 0
      },
      "maxPos": {
        "x": 129.5,
        "y": 163,
        "z": 0
      }
    },
    "texture": "5b11fe2d-5bc5-4772-8c85-b9da821fa7e7@6c48a",
    "packable": true,
    "pixelsToUnit": 100,
    "pivot": {
      "x": 0.5,
      "y": 0.5
    },
    "meshType": 0
  }
}