{
  "__type__": "cc.SpriteFrame",
  "content": {
    "name": "skeleton",
    "atlas": "",
    "rect": {
      "x": 1,
      "y": 1,
      "width": 517,
      "height": 162
    },
    "offset": {
      "x": 0,
      "y": 0
    },
    "originalSize": {
      "width": 519,
      "height": 164
    },
    "rotated": false,
    "capInsets": [
      0,
      0,
      0,
      0
    ],
    "vertices": {
      "rawPosition": [
        -258.5,
        -81,
        0,
        258.5,
        -81,
        0,
        -258.5,
        81,
        0,
        258.5,
        81,
        0
      ],
      "indexes": [
        0,
        1,
        2,
        2,
        1,
        3
      ],
      "uv": [
        1,
        163,
        518,
        163,
        1,
        1,
        518,
        1
      ],
      "nuv": [
        0.0019267822736030828,
        0.006097560975609756,
        0.9980732177263969,
        0.006097560975609756,
        0.0019267822736030828,
        0.9939024390243902,
        0.9980732177263969,
        0.9939024390243902
      ],
      "minPos": {
        "x": -258.5,
        "y": -81,
        "z": 0
      },
      "maxPos": {
        "x": 258.5,
        "y": 81,
        "z": 0
      }
    },
    "texture": "5b2881f6-3cf3-4441-b2a0-e35d9883af76@6c48a",
    "packable": true,
    "pixelsToUnit": 100,
    "pivot": {
      "x": 0.5,
      "y": 0.5
    },
    "meshType": 0
  }
}