{
  "__type__": "cc.SpriteFrame",
  "content": {
    "name": "icon_0001",
    "atlas": "",
    "rect": {
      "x": 13,
      "y": 14,
      "width": 122,
      "height": 121
    },
    "offset": {
      "x": 0,
      "y": 0.5
    },
    "originalSize": {
      "width": 148,
      "height": 150
    },
    "rotated": false,
    "capInsets": [
      0,
      0,
      0,
      0
    ],
    "vertices": {
      "rawPosition": [
        -61,
        -60.5,
        0,
        61,
        -60.5,
        0,
        -61,
        60.5,
        0,
        61,
        60.5,
        0
      ],
      "indexes": [
        0,
        1,
        2,
        2,
        1,
        3
      ],
      "uv": [
        13,
        136,
        135,
        136,
        13,
        15,
        135,
        15
      ],
      "nuv": [
        0.08783783783783784,
        0.1,
        0.9121621621621622,
        0.1,
        0.08783783783783784,
        0.9066666666666666,
        0.9121621621621622,
        0.9066666666666666
      ],
      "minPos": {
        "x": -61,
        "y": -60.5,
        "z": 0
      },
      "maxPos": {
        "x": 61,
        "y": 60.5,
        "z": 0
      }
    },
    "texture": "f2635f4e-12dd-4a00-87fb-57fbb41672aa@6c48a",
    "packable": true,
    "pixelsToUnit": 100,
    "pivot": {
      "x": 0.5,
      "y": 0.5
    },
    "meshType": 0
  }
}