{
  "__type__": "cc.SpriteFrame",
  "content": {
    "name": "NOHU2",
    "atlas": "",
    "rect": {
      "x": 2,
      "y": 2,
      "width": 4000,
      "height": 4085
    },
    "offset": {
      "x": -46,
      "y": 3.5
    },
    "originalSize": {
      "width": 4096,
      "height": 4096
    },
    "rotated": false,
    "capInsets": [
      0,
      0,
      0,
      0
    ],
    "vertices": {
      "rawPosition": [
        -2000,
        -2042.5,
        0,
        2000,
        -2042.5,
        0,
        -2000,
        2042.5,
        0,
        2000,
        2042.5,
        0
      ],
      "indexes": [
        0,
        1,
        2,
        2,
        1,
        3
      ],
      "uv": [
        2,
        4094,
        4002,
        4094,
        2,
        9,
        4002,
        9
      ],
      "nuv": [
        0.00048828125,
        0.002197265625,
        0.97705078125,
        0.002197265625,
        0.00048828125,
        0.99951171875,
        0.97705078125,
        0.99951171875
      ],
      "minPos": {
        "x": -2000,
        "y": -2042.5,
        "z": 0
      },
      "maxPos": {
        "x": 2000,
        "y": 2042.5,
        "z": 0
      }
    },
    "texture": "f26f0e04-c580-4dbb-9cd7-8443689ce4b1@6c48a",
    "packable": true,
    "pixelsToUnit": 100,
    "pivot": {
      "x": 0.5,
      "y": 0.5
    },
    "meshType": 0
  }
}