{
  "__type__": "cc.SpriteFrame",
  "content": {
    "name": "popup-small",
    "atlas": "",
    "rect": {
      "x": 2,
      "y": 0,
      "width": 848,
      "height": 550
    },
    "offset": {
      "x": 1,
      "y": 0
    },
    "originalSize": {
      "width": 850,
      "height": 550
    },
    "rotated": false,
    "capInsets": [
      0,
      0,
      0,
      0
    ],
    "vertices": {
      "rawPosition": [
        -424,
        -275,
        0,
        424,
        -275,
        0,
        -424,
        275,
        0,
        424,
        275,
        0
      ],
      "indexes": [
        0,
        1,
        2,
        2,
        1,
        3
      ],
      "uv": [
        2,
        550,
        850,
        550,
        2,
        0,
        850,
        0
      ],
      "nuv": [
        0.002352941176470588,
        0,
        1,
        0,
        0.002352941176470588,
        1,
        1,
        1
      ],
      "minPos": {
        "x": -424,
        "y": -275,
        "z": 0
      },
      "maxPos": {
        "x": 424,
        "y": 275,
        "z": 0
      }
    },
    "texture": "f2a21022-3288-4c07-9289-c4a11b5d3b27@6c48a",
    "packable": true,
    "pixelsToUnit": 100,
    "pivot": {
      "x": 0.5,
      "y": 0.5
    },
    "meshType": 0
  }
}