{
  "__type__": "cc.SpriteFrame",
  "content": {
    "name": "main",
    "atlas": "",
    "rect": {
      "x": 0,
      "y": 0,
      "width": 758,
      "height": 841
    },
    "offset": {
      "x": -1,
      "y": 1
    },
    "originalSize": {
      "width": 760,
      "height": 843
    },
    "rotated": false,
    "capInsets": [
      0,
      0,
      0,
      0
    ],
    "vertices": {
      "rawPosition": [
        -379,
        -420.5,
        0,
        379,
        -420.5,
        0,
        -379,
        420.5,
        0,
        379,
        420.5,
        0
      ],
      "indexes": [
        0,
        1,
        2,
        2,
        1,
        3
      ],
      "uv": [
        0,
        843,
        758,
        843,
        0,
        2,
        758,
        2
      ],
      "nuv": [
        0,
        0.002372479240806643,
        0.9973684210526316,
        0.002372479240806643,
        0,
        1,
        0.9973684210526316,
        1
      ],
      "minPos": {
        "x": -379,
        "y": -420.5,
        "z": 0
      },
      "maxPos": {
        "x": 379,
        "y": 420.5,
        "z": 0
      }
    },
    "texture": "26aaf710-f82a-48fd-ad22-e48bd9839f81@6c48a",
    "packable": true,
    "pixelsToUnit": 100,
    "pivot": {
      "x": 0.5,
      "y": 0.5
    },
    "meshType": 0
  }
}