{
  "__type__": "cc.SpriteFrame",
  "content": {
    "name": "mini-game-button",
    "atlas": "",
    "rect": {
      "x": 5,
      "y": 0,
      "width": 195,
      "height": 247
    },
    "offset": {
      "x": 2.5,
      "y": 3.5
    },
    "originalSize": {
      "width": 200,
      "height": 254
    },
    "rotated": false,
    "capInsets": [
      0,
      0,
      0,
      0
    ],
    "vertices": {
      "rawPosition": [
        -97.5,
        -123.5,
        0,
        97.5,
        -123.5,
        0,
        -97.5,
        123.5,
        0,
        97.5,
        123.5,
        0
      ],
      "indexes": [
        0,
        1,
        2,
        2,
        1,
        3
      ],
      "uv": [
        5,
        254,
        200,
        254,
        5,
        7,
        200,
        7
      ],
      "nuv": [
        0.025,
        0.027559055118110236,
        1,
        0.027559055118110236,
        0.025,
        1,
        1,
        1
      ],
      "minPos": {
        "x": -97.5,
        "y": -123.5,
        "z": 0
      },
      "maxPos": {
        "x": 97.5,
        "y": 123.5,
        "z": 0
      }
    },
    "texture": "473e4061-c3d7-4665-8c9d-2702b7fc59bd@6c48a",
    "packable": true,
    "pixelsToUnit": 100,
    "pivot": {
      "x": 0.5,
      "y": 0.5
    },
    "meshType": 0
  }
}