{
  "__type__": "cc.SpriteFrame",
  "content": {
    "name": "2",
    "atlas": "",
    "rect": {
      "x": 201,
      "y": 156,
      "width": 788,
      "height": 54
    },
    "offset": {
      "x": -45,
      "y": 177
    },
    "originalSize": {
      "width": 1280,
      "height": 720
    },
    "rotated": false,
    "capInsets": [
      0,
      0,
      0,
      0
    ],
    "vertices": {
      "rawPosition": [
        -394,
        -27,
        0,
        394,
        -27,
        0,
        -394,
        27,
        0,
        394,
        27,
        0
      ],
      "indexes": [
        0,
        1,
        2,
        2,
        1,
        3
      ],
      "uv": [
        201,
        564,
        989,
        564,
        201,
        510,
        989,
        510
      ],
      "nuv": [
        0.15703125,
        0.7083333333333334,
        0.77265625,
        0.7083333333333334,
        0.15703125,
        0.7833333333333333,
        0.77265625,
        0.7833333333333333
      ],
      "minPos": {
        "x": -394,
        "y": -27,
        "z": 0
      },
      "maxPos": {
        "x": 394,
        "y": 27,
        "z": 0
      }
    },
    "texture": "47965c3f-7db7-47e7-8c75-1c3560b66e22@6c48a",
    "packable": true,
    "pixelsToUnit": 100,
    "pivot": {
      "x": 0.5,
      "y": 0.5
    },
    "meshType": 0
  }
}