{
  "__type__": "cc.SpriteFrame",
  "content": {
    "name": "18",
    "atlas": "",
    "rect": {
      "x": 81,
      "y": 25,
      "width": 746,
      "height": 387
    },
    "offset": {
      "x": 27.5,
      "y": 8.5
    },
    "originalSize": {
      "width": 853,
      "height": 454
    },
    "rotated": false,
    "capInsets": [
      0,
      0,
      0,
      0
    ],
    "vertices": {
      "rawPosition": [
        -373,
        -193.5,
        0,
        373,
        -193.5,
        0,
        -373,
        193.5,
        0,
        373,
        193.5,
        0
      ],
      "indexes": [
        0,
        1,
        2,
        2,
        1,
        3
      ],
      "uv": [
        81,
        429,
        827,
        429,
        81,
        42,
        827,
        42
      ],
      "nuv": [
        0.09495896834701055,
        0.09251101321585903,
        0.9695193434935522,
        0.09251101321585903,
        0.09495896834701055,
        0.9449339207048458,
        0.9695193434935522,
        0.9449339207048458
      ],
      "minPos": {
        "x": -373,
        "y": -193.5,
        "z": 0
      },
      "maxPos": {
        "x": 373,
        "y": 193.5,
        "z": 0
      }
    },
    "texture": "47986630-a9b6-4852-88b5-6c5dcdc870c4@6c48a",
    "packable": true,
    "pixelsToUnit": 100,
    "pivot": {
      "x": 0.5,
      "y": 0.5
    },
    "meshType": 0
  }
}