{
  "__type__": "cc.SpriteFrame",
  "content": {
    "name": "thanhdong",
    "atlas": "",
    "rect": {
      "x": 2,
      "y": 3,
      "width": 393,
      "height": 497
    },
    "offset": {
      "x": -57.5,
      "y": 4.5
    },
    "originalSize": {
      "width": 512,
      "height": 512
    },
    "rotated": false,
    "capInsets": [
      0,
      0,
      0,
      0
    ],
    "vertices": {
      "rawPosition": [
        -196.5,
        -248.5,
        0,
        196.5,
        -248.5,
        0,
        -196.5,
        248.5,
        0,
        196.5,
        248.5,
        0
      ],
      "indexes": [
        0,
        1,
        2,
        2,
        1,
        3
      ],
      "uv": [
        2,
        509,
        395,
        509,
        2,
        12,
        395,
        12
      ],
      "nuv": [
        0.00390625,
        0.0234375,
        0.771484375,
        0.0234375,
        0.00390625,
        0.994140625,
        0.771484375,
        0.994140625
      ],
      "minPos": {
        "x": -196.5,
        "y": -248.5,
        "z": 0
      },
      "maxPos": {
        "x": 196.5,
        "y": 248.5,
        "z": 0
      }
    },
    "texture": "479b01bd-0659-4268-8463-f946a6a534a2@6c48a",
    "packable": true,
    "pixelsToUnit": 100,
    "pivot": {
      "x": 0.5,
      "y": 0.5
    },
    "meshType": 0
  }
}