{
  "__type__": "cc.SpriteFrame",
  "content": {
    "name": "my nhan ngu bonus game",
    "atlas": "",
    "rect": {
      "x": 2,
      "y": 2,
      "width": 2022,
      "height": 1020
    },
    "offset": {
      "x": -11,
      "y": 0
    },
    "originalSize": {
      "width": 2048,
      "height": 1024
    },
    "rotated": false,
    "capInsets": [
      0,
      0,
      0,
      0
    ],
    "vertices": {
      "rawPosition": [
        -1011,
        -510,
        0,
        1011,
        -510,
        0,
        -1011,
        510,
        0,
        1011,
        510,
        0
      ],
      "indexes": [
        0,
        1,
        2,
        2,
        1,
        3
      ],
      "uv": [
        2,
        1022,
        2024,
        1022,
        2,
        2,
        2024,
        2
      ],
      "nuv": [
        0.0009765625,
        0.001953125,
        0.98828125,
        0.001953125,
        0.0009765625,
        0.998046875,
        0.98828125,
        0.998046875
      ],
      "minPos": {
        "x": -1011,
        "y": -510,
        "z": 0
      },
      "maxPos": {
        "x": 1011,
        "y": 510,
        "z": 0
      }
    },
    "texture": "47bf264c-96ea-4457-bc2e-3b7823ab789e@6c48a",
    "packable": true,
    "pixelsToUnit": 100,
    "pivot": {
      "x": 0.5,
      "y": 0.5
    },
    "meshType": 0
  }
}