{
  "__type__": "cc.SpriteFrame",
  "content": {
    "name": "hủy",
    "atlas": "",
    "rect": {
      "x": 0,
      "y": 0,
      "width": 247,
      "height": 63
    },
    "offset": {
      "x": -1,
      "y": 0
    },
    "originalSize": {
      "width": 249,
      "height": 63
    },
    "rotated": false,
    "capInsets": [
      0,
      0,
      0,
      0
    ],
    "vertices": {
      "rawPosition": [
        -123.5,
        -31.5,
        0,
        123.5,
        -31.5,
        0,
        -123.5,
        31.5,
        0,
        123.5,
        31.5,
        0
      ],
      "indexes": [
        0,
        1,
        2,
        2,
        1,
        3
      ],
      "uv": [
        0,
        63,
        247,
        63,
        0,
        0,
        247,
        0
      ],
      "nuv": [
        0,
        0,
        0.9919678714859438,
        0,
        0,
        1,
        0.9919678714859438,
        1
      ],
      "minPos": {
        "x": -123.5,
        "y": -31.5,
        "z": 0
      },
      "maxPos": {
        "x": 123.5,
        "y": 31.5,
        "z": 0
      }
    },
    "texture": "761b9b30-d2e3-4166-8a3d-68a084f980be@6c48a",
    "packable": true,
    "pixelsToUnit": 100,
    "pivot": {
      "x": 0.5,
      "y": 0.5
    },
    "meshType": 0
  }
}