{
  "__type__": "cc.SpriteFrame",
  "content": {
    "name": "skeleton",
    "atlas": "",
    "rect": {
      "x": 2,
      "y": 3,
      "width": 352,
      "height": 300
    },
    "offset": {
      "x": -0.5,
      "y": -1
    },
    "originalSize": {
      "width": 357,
      "height": 304
    },
    "rotated": false,
    "capInsets": [
      0,
      0,
      0,
      0
    ],
    "vertices": {
      "rawPosition": [
        -176,
        -150,
        0,
        176,
        -150,
        0,
        -176,
        150,
        0,
        176,
        150,
        0
      ],
      "indexes": [
        0,
        1,
        2,
        2,
        1,
        3
      ],
      "uv": [
        2,
        301,
        354,
        301,
        2,
        1,
        354,
        1
      ],
      "nuv": [
        0.0056022408963585435,
        0.003289473684210526,
        0.9915966386554622,
        0.003289473684210526,
        0.0056022408963585435,
        0.9901315789473685,
        0.9915966386554622,
        0.9901315789473685
      ],
      "minPos": {
        "x": -176,
        "y": -150,
        "z": 0
      },
      "maxPos": {
        "x": 176,
        "y": 150,
        "z": 0
      }
    },
    "texture": "7662e552-7100-4ab9-a1c8-8cd2e1cd56ac@6c48a",
    "packable": true,
    "pixelsToUnit": 100,
    "pivot": {
      "x": 0.5,
      "y": 0.5
    },
    "meshType": 0
  }
}