{
  "__type__": "cc.SpriteFrame",
  "content": {
    "name": "skeleton",
    "atlas": "",
    "rect": {
      "x": 2,
      "y": 8,
      "width": 961,
      "height": 521
    },
    "offset": {
      "x": 0,
      "y": -3
    },
    "originalSize": {
      "width": 965,
      "height": 531
    },
    "rotated": false,
    "capInsets": [
      0,
      0,
      0,
      0
    ],
    "vertices": {
      "rawPosition": [
        -480.5,
        -260.5,
        0,
        480.5,
        -260.5,
        0,
        -480.5,
        260.5,
        0,
        480.5,
        260.5,
        0
      ],
      "indexes": [
        0,
        1,
        2,
        2,
        1,
        3
      ],
      "uv": [
        2,
        523,
        963,
        523,
        2,
        2,
        963,
        2
      ],
      "nuv": [
        0.002072538860103627,
        0.003766478342749529,
        0.9979274611398964,
        0.003766478342749529,
        0.002072538860103627,
        0.9849340866290018,
        0.9979274611398964,
        0.9849340866290018
      ],
      "minPos": {
        "x": -480.5,
        "y": -260.5,
        "z": 0
      },
      "maxPos": {
        "x": 480.5,
        "y": 260.5,
        "z": 0
      }
    },
    "texture": "76ffec23-7287-41d3-be0d-a4a26fd74e16@6c48a",
    "packable": true,
    "pixelsToUnit": 100,
    "pivot": {
      "x": 0.5,
      "y": 0.5
    },
    "meshType": 0
  }
}