{
  "__type__": "cc.SpriteFrame",
  "content": {
    "name": "cao thap",
    "atlas": "",
    "rect": {
      "x": 0,
      "y": 5,
      "width": 490,
      "height": 321
    },
    "offset": {
      "x": -5.5,
      "y": 5
    },
    "originalSize": {
      "width": 501,
      "height": 341
    },
    "rotated": false,
    "capInsets": [
      0,
      0,
      0,
      0
    ],
    "vertices": {
      "rawPosition": [
        -245,
        -160.5,
        0,
        245,
        -160.5,
        0,
        -245,
        160.5,
        0,
        245,
        160.5,
        0
      ],
      "indexes": [
        0,
        1,
        2,
        2,
        1,
        3
      ],
      "uv": [
        0,
        336,
        490,
        336,
        0,
        15,
        490,
        15
      ],
      "nuv": [
        0,
        0.04398826979472141,
        0.9780439121756487,
        0.04398826979472141,
        0,
        0.9853372434017595,
        0.9780439121756487,
        0.9853372434017595
      ],
      "minPos": {
        "x": -245,
        "y": -160.5,
        "z": 0
      },
      "maxPos": {
        "x": 245,
        "y": 160.5,
        "z": 0
      }
    },
    "texture": "ec13b6bc-3106-46b5-8194-76bd8b616ed2@6c48a",
    "packable": true,
    "pixelsToUnit": 100,
    "pivot": {
      "x": 0.5,
      "y": 0.5
    },
    "meshType": 0
  }
}