{
  "__type__": "cc.SpriteFrame",
  "content": {
    "name": "10",
    "atlas": "",
    "rect": {
      "x": 0,
      "y": 0,
      "width": 333,
      "height": 243
    },
    "offset": {
      "x": 0,
      "y": 44.5
    },
    "originalSize": {
      "width": 333,
      "height": 332
    },
    "rotated": false,
    "capInsets": [
      0,
      0,
      0,
      0
    ],
    "vertices": {
      "rawPosition": [
        -166.5,
        -121.5,
        0,
        166.5,
        -121.5,
        0,
        -166.5,
        121.5,
        0,
        166.5,
        121.5,
        0
      ],
      "indexes": [
        0,
        1,
        2,
        2,
        1,
        3
      ],
      "uv": [
        0,
        332,
        333,
        332,
        0,
        89,
        333,
        89
      ],
      "nuv": [
        0,
        0.2680722891566265,
        1,
        0.2680722891566265,
        0,
        1,
        1,
        1
      ],
      "minPos": {
        "x": -166.5,
        "y": -121.5,
        "z": 0
      },
      "maxPos": {
        "x": 166.5,
        "y": 121.5,
        "z": 0
      }
    },
    "texture": "ec8e74d5-d81a-4dde-8ad4-ea4438657567@6c48a",
    "packable": true,
    "pixelsToUnit": 100,
    "pivot": {
      "x": 0.5,
      "y": 0.5
    },
    "meshType": 0
  }
}