{
  "__type__": "cc.SpriteFrame",
  "content": {
    "name": "icon_hu",
    "atlas": "",
    "rect": {
      "x": 0,
      "y": 2,
      "width": 404,
      "height": 126
    },
    "offset": {
      "x": -0.5,
      "y": -1
    },
    "originalSize": {
      "width": 405,
      "height": 128
    },
    "rotated": false,
    "capInsets": [
      0,
      0,
      0,
      0
    ],
    "vertices": {
      "rawPosition": [
        -202,
        -63,
        0,
        202,
        -63,
        0,
        -202,
        63,
        0,
        202,
        63,
        0
      ],
      "indexes": [
        0,
        1,
        2,
        2,
        1,
        3
      ],
      "uv": [
        0,
        126,
        404,
        126,
        0,
        0,
        404,
        0
      ],
      "nuv": [
        0,
        0,
        0.9975308641975309,
        0,
        0,
        0.984375,
        0.9975308641975309,
        0.984375
      ],
      "minPos": {
        "x": -202,
        "y": -63,
        "z": 0
      },
      "maxPos": {
        "x": 202,
        "y": 63,
        "z": 0
      }
    },
    "texture": "eccd068d-9b50-4cb7-9312-fd3a4ee6d06f@6c48a",
    "packable": true,
    "pixelsToUnit": 100,
    "pivot": {
      "x": 0.5,
      "y": 0.5
    },
    "meshType": 0
  }
}