{
  "__type__": "cc.SpriteFrame",
  "content": {
    "name": "ThinhKinh",
    "atlas": "",
    "rect": {
      "x": 0,
      "y": 0,
      "width": 2038,
      "height": 1126
    },
    "offset": {
      "x": 0,
      "y": 1
    },
    "originalSize": {
      "width": 2038,
      "height": 1128
    },
    "rotated": false,
    "capInsets": [
      0,
      0,
      0,
      0
    ],
    "vertices": {
      "rawPosition": [
        -1019,
        -563,
        0,
        1019,
        -563,
        0,
        -1019,
        563,
        0,
        1019,
        563,
        0
      ],
      "indexes": [
        0,
        1,
        2,
        2,
        1,
        3
      ],
      "uv": [
        0,
        1128,
        2038,
        1128,
        0,
        2,
        2038,
        2
      ],
      "nuv": [
        0,
        0.0017730496453900709,
        1,
        0.0017730496453900709,
        0,
        1,
        1,
        1
      ],
      "minPos": {
        "x": -1019,
        "y": -563,
        "z": 0
      },
      "maxPos": {
        "x": 1019,
        "y": 563,
        "z": 0
      }
    },
    "texture": "fcd2a8ae-a030-4313-a459-4be595ba490d@6c48a",
    "packable": true,
    "pixelsToUnit": 100,
    "pivot": {
      "x": 0.5,
      "y": 0.5
    },
    "meshType": 0
  }
}