{
  "__type__": "cc.SpriteFrame",
  "content": {
    "name": "AnimLoadingScreen",
    "atlas": "",
    "rect": {
      "x": 32,
      "y": 2,
      "width": 1314,
      "height": 268
    },
    "offset": {
      "x": -16,
      "y": 0
    },
    "originalSize": {
      "width": 1410,
      "height": 272
    },
    "rotated": false,
    "capInsets": [
      0,
      0,
      0,
      0
    ],
    "vertices": {
      "rawPosition": [
        -657,
        -134,
        0,
        657,
        -134,
        0,
        -657,
        134,
        0,
        657,
        134,
        0
      ],
      "indexes": [
        0,
        1,
        2,
        2,
        1,
        3
      ],
      "uv": [
        32,
        270,
        1346,
        270,
        32,
        2,
        1346,
        2
      ],
      "nuv": [
        0.02269503546099291,
        0.007352941176470588,
        0.9546099290780142,
        0.007352941176470588,
        0.02269503546099291,
        0.9926470588235294,
        0.9546099290780142,
        0.9926470588235294
      ],
      "minPos": {
        "x": -657,
        "y": -134,
        "z": 0
      },
      "maxPos": {
        "x": 657,
        "y": 134,
        "z": 0
      }
    },
    "texture": "8003e915-b05b-486b-8b5f-4faa9cf9fa0b@6c48a",
    "packable": true,
    "pixelsToUnit": 100,
    "pivot": {
      "x": 0.5,
      "y": 0.5
    },
    "meshType": 0
  }
}