{
  "__type__": "cc.SpriteFrame",
  "content": {
    "name": "bau",
    "atlas": "",
    "rect": {
      "x": 3,
      "y": 3,
      "width": 238,
      "height": 244
    },
    "offset": {
      "x": -6,
      "y": 3
    },
    "originalSize": {
      "width": 256,
      "height": 256
    },
    "rotated": false,
    "capInsets": [
      0,
      0,
      0,
      0
    ],
    "vertices": {
      "rawPosition": [
        -119,
        -122,
        0,
        119,
        -122,
        0,
        -119,
        122,
        0,
        119,
        122,
        0
      ],
      "indexes": [
        0,
        1,
        2,
        2,
        1,
        3
      ],
      "uv": [
        3,
        253,
        241,
        253,
        3,
        9,
        241,
        9
      ],
      "nuv": [
        0.01171875,
        0.03515625,
        0.94140625,
        0.03515625,
        0.01171875,
        0.98828125,
        0.94140625,
        0.98828125
      ],
      "minPos": {
        "x": -119,
        "y": -122,
        "z": 0
      },
      "maxPos": {
        "x": 119,
        "y": 122,
        "z": 0
      }
    },
    "texture": "80169a16-3e00-4111-b2d7-e3af9b7aceb3@6c48a",
    "packable": true,
    "pixelsToUnit": 100,
    "pivot": {
      "x": 0.5,
      "y": 0.5
    },
    "meshType": 0
  }
}