{
  "__type__": "cc.SpriteFrame",
  "content": {
    "name": "3",
    "atlas": "",
    "rect": {
      "x": 15,
      "y": 394,
      "width": 766,
      "height": 20
    },
    "offset": {
      "x": -28.5,
      "y": -177
    },
    "originalSize": {
      "width": 853,
      "height": 454
    },
    "rotated": false,
    "capInsets": [
      0,
      0,
      0,
      0
    ],
    "vertices": {
      "rawPosition": [
        -383,
        -10,
        0,
        383,
        -10,
        0,
        -383,
        10,
        0,
        383,
        10,
        0
      ],
      "indexes": [
        0,
        1,
        2,
        2,
        1,
        3
      ],
      "uv": [
        15,
        60,
        781,
        60,
        15,
        40,
        781,
        40
      ],
      "nuv": [
        0.017584994138335287,
        0.0881057268722467,
        0.9155920281359906,
        0.0881057268722467,
        0.017584994138335287,
        0.13215859030837004,
        0.9155920281359906,
        0.13215859030837004
      ],
      "minPos": {
        "x": -383,
        "y": -10,
        "z": 0
      },
      "maxPos": {
        "x": 383,
        "y": 10,
        "z": 0
      }
    },
    "texture": "805c6ba6-243a-4d3b-97f6-ecb744061721@6c48a",
    "packable": true,
    "pixelsToUnit": 100,
    "pivot": {
      "x": 0.5,
      "y": 0.5
    },
    "meshType": 0
  }
}