{
  "__type__": "cc.SpriteFrame",
  "content": {
    "name": "bonus",
    "atlas": "",
    "rect": {
      "x": 1,
      "y": 1,
      "width": 82,
      "height": 27
    },
    "offset": {
      "x": 0,
      "y": 0.5
    },
    "originalSize": {
      "width": 84,
      "height": 30
    },
    "rotated": false,
    "capInsets": [
      0,
      0,
      0,
      0
    ],
    "vertices": {
      "rawPosition": [
        -41,
        -13.5,
        0,
        41,
        -13.5,
        0,
        -41,
        13.5,
        0,
        41,
        13.5,
        0
      ],
      "indexes": [
        0,
        1,
        2,
        2,
        1,
        3
      ],
      "uv": [
        1,
        29,
        83,
        29,
        1,
        2,
        83,
        2
      ],
      "nuv": [
        0.011904761904761904,
        0.06666666666666667,
        0.9880952380952381,
        0.06666666666666667,
        0.011904761904761904,
        0.9666666666666667,
        0.9880952380952381,
        0.9666666666666667
      ],
      "minPos": {
        "x": -41,
        "y": -13.5,
        "z": 0
      },
      "maxPos": {
        "x": 41,
        "y": 13.5,
        "z": 0
      }
    },
    "texture": "80975b11-f219-4ea8-9499-36a070f6bea9@6c48a",
    "packable": true,
    "pixelsToUnit": 100,
    "pivot": {
      "x": 0.5,
      "y": 0.5
    },
    "meshType": 0
  }
}