{
  "__type__": "cc.SpriteFrame",
  "content": {
    "name": "BigBabol",
    "atlas": "",
    "rect": {
      "x": 1,
      "y": 1,
      "width": 1254,
      "height": 1149
    },
    "offset": {
      "x": 0,
      "y": -0.5
    },
    "originalSize": {
      "width": 1256,
      "height": 1150
    },
    "rotated": false,
    "capInsets": [
      0,
      0,
      0,
      0
    ],
    "vertices": {
      "rawPosition": [
        -627,
        -574.5,
        0,
        627,
        -574.5,
        0,
        -627,
        574.5,
        0,
        627,
        574.5,
        0
      ],
      "indexes": [
        0,
        1,
        2,
        2,
        1,
        3
      ],
      "uv": [
        1,
        1149,
        1255,
        1149,
        1,
        0,
        1255,
        0
      ],
      "nuv": [
        0.0007961783439490446,
        0,
        0.9992038216560509,
        0,
        0.0007961783439490446,
        0.9991304347826087,
        0.9992038216560509,
        0.9991304347826087
      ],
      "minPos": {
        "x": -627,
        "y": -574.5,
        "z": 0
      },
      "maxPos": {
        "x": 627,
        "y": 574.5,
        "z": 0
      }
    },
    "texture": "80aafff1-02b2-4329-85ff-d253f6c1ce49@6c48a",
    "packable": true,
    "pixelsToUnit": 100,
    "pivot": {
      "x": 0.5,
      "y": 0.5
    },
    "meshType": 0
  }
}