{
  "__type__": "cc.SpriteFrame",
  "content": {
    "name": "bg-time",
    "atlas": "",
    "rect": {
      "x": 2,
      "y": 5,
      "width": 86,
      "height": 99
    },
    "offset": {
      "x": 0,
      "y": 1
    },
    "originalSize": {
      "width": 90,
      "height": 111
    },
    "rotated": false,
    "capInsets": [
      0,
      0,
      0,
      0
    ],
    "vertices": {
      "rawPosition": [
        -43,
        -49.5,
        0,
        43,
        -49.5,
        0,
        -43,
        49.5,
        0,
        43,
        49.5,
        0
      ],
      "indexes": [
        0,
        1,
        2,
        2,
        1,
        3
      ],
      "uv": [
        2,
        106,
        88,
        106,
        2,
        7,
        88,
        7
      ],
      "nuv": [
        0.022222222222222223,
        0.06306306306306306,
        0.9777777777777777,
        0.06306306306306306,
        0.022222222222222223,
        0.954954954954955,
        0.9777777777777777,
        0.954954954954955
      ],
      "minPos": {
        "x": -43,
        "y": -49.5,
        "z": 0
      },
      "maxPos": {
        "x": 43,
        "y": 49.5,
        "z": 0
      }
    },
    "texture": "80d3b3e3-afc5-4ee7-82d6-7529be2a2df7@6c48a",
    "packable": true,
    "pixelsToUnit": 100,
    "pivot": {
      "x": 0.5,
      "y": 0.5
    },
    "meshType": 0
  }
}