{
  "__type__": "cc.SpriteFrame",
  "content": {
    "name": "mini-poker",
    "atlas": "",
    "rect": {
      "x": 0,
      "y": 0,
      "width": 1133,
      "height": 997
    },
    "offset": {
      "x": 0,
      "y": 1
    },
    "originalSize": {
      "width": 1133,
      "height": 999
    },
    "rotated": false,
    "capInsets": [
      0,
      0,
      0,
      0
    ],
    "vertices": {
      "rawPosition": [
        -566.5,
        -498.5,
        0,
        566.5,
        -498.5,
        0,
        -566.5,
        498.5,
        0,
        566.5,
        498.5,
        0
      ],
      "indexes": [
        0,
        1,
        2,
        2,
        1,
        3
      ],
      "uv": [
        0,
        999,
        1133,
        999,
        0,
        2,
        1133,
        2
      ],
      "nuv": [
        0,
        0.002002002002002002,
        1,
        0.002002002002002002,
        0,
        1,
        1,
        1
      ],
      "minPos": {
        "x": -566.5,
        "y": -498.5,
        "z": 0
      },
      "maxPos": {
        "x": 566.5,
        "y": 498.5,
        "z": 0
      }
    },
    "texture": "d79e9fc1-775f-40fe-aeca-85c01994194a@6c48a",
    "packable": true,
    "pixelsToUnit": 100,
    "pivot": {
      "x": 0.5,
      "y": 0.5
    },
    "meshType": 0
  }
}