{
  "__type__": "cc.SpriteFrame",
  "content": {
    "name": "yellow",
    "atlas": "",
    "rect": {
      "x": 0,
      "y": 0,
      "width": 423,
      "height": 424
    },
    "offset": {
      "x": -0.5,
      "y": 0.5
    },
    "originalSize": {
      "width": 424,
      "height": 425
    },
    "rotated": false,
    "capInsets": [
      0,
      0,
      0,
      0
    ],
    "vertices": {
      "rawPosition": [
        -211.5,
        -212,
        0,
        211.5,
        -212,
        0,
        -211.5,
        212,
        0,
        211.5,
        212,
        0
      ],
      "indexes": [
        0,
        1,
        2,
        2,
        1,
        3
      ],
      "uv": [
        0,
        425,
        423,
        425,
        0,
        1,
        423,
        1
      ],
      "nuv": [
        0,
        0.002352941176470588,
        0.9976415094339622,
        0.002352941176470588,
        0,
        1,
        0.9976415094339622,
        1
      ],
      "minPos": {
        "x": -211.5,
        "y": -212,
        "z": 0
      },
      "maxPos": {
        "x": 211.5,
        "y": 212,
        "z": 0
      }
    },
    "texture": "d7c692a1-75ff-4921-93ad-a1815ce71ab3@6c48a",
    "packable": true,
    "pixelsToUnit": 100,
    "pivot": {
      "x": 0.5,
      "y": 0.5
    },
    "meshType": 0
  }
}