{
  "__type__": "cc.SpriteFrame",
  "content": {
    "name": "fish_icon_jinlongyu",
    "atlas": "",
    "rect": {
      "x": 6,
      "y": 13,
      "width": 82,
      "height": 45
    },
    "offset": {
      "x": 3,
      "y": -0.5
    },
    "originalSize": {
      "width": 88,
      "height": 70
    },
    "rotated": false,
    "capInsets": [
      0,
      0,
      0,
      0
    ],
    "vertices": {
      "rawPosition": [
        -41,
        -22.5,
        0,
        41,
        -22.5,
        0,
        -41,
        22.5,
        0,
        41,
        22.5,
        0
      ],
      "indexes": [
        0,
        1,
        2,
        2,
        1,
        3
      ],
      "uv": [
        6,
        57,
        88,
        57,
        6,
        12,
        88,
        12
      ],
      "nuv": [
        0.06818181818181818,
        0.17142857142857143,
        1,
        0.17142857142857143,
        0.06818181818181818,
        0.8142857142857143,
        1,
        0.8142857142857143
      ],
      "minPos": {
        "x": -41,
        "y": -22.5,
        "z": 0
      },
      "maxPos": {
        "x": 41,
        "y": 22.5,
        "z": 0
      }
    },
    "texture": "a92d28bf-530a-45c9-a198-40d43de826ce@6c48a",
    "packable": true,
    "pixelsToUnit": 100,
    "pivot": {
      "x": 0.5,
      "y": 0.5
    },
    "meshType": 0
  }
}