{
  "__type__": "cc.SpriteFrame",
  "content": {
    "name": "otp",
    "atlas": "",
    "rect": {
      "x": 1,
      "y": 0,
      "width": 88,
      "height": 91
    },
    "offset": {
      "x": -0.5,
      "y": 0.5
    },
    "originalSize": {
      "width": 91,
      "height": 92
    },
    "rotated": false,
    "capInsets": [
      0,
      0,
      0,
      0
    ],
    "vertices": {
      "rawPosition": [
        -44,
        -45.5,
        0,
        44,
        -45.5,
        0,
        -44,
        45.5,
        0,
        44,
        45.5,
        0
      ],
      "indexes": [
        0,
        1,
        2,
        2,
        1,
        3
      ],
      "uv": [
        1,
        92,
        89,
        92,
        1,
        1,
        89,
        1
      ],
      "nuv": [
        0.01098901098901099,
        0.010869565217391304,
        0.978021978021978,
        0.010869565217391304,
        0.01098901098901099,
        1,
        0.978021978021978,
        1
      ],
      "minPos": {
        "x": -44,
        "y": -45.5,
        "z": 0
      },
      "maxPos": {
        "x": 44,
        "y": 45.5,
        "z": 0
      }
    },
    "texture": "a9ea0849-8229-4475-b7bc-1ad405d39bad@6c48a",
    "packable": true,
    "pixelsToUnit": 100,
    "pivot": {
      "x": 0.5,
      "y": 0.5
    },
    "meshType": 0
  }
}