{
  "__type__": "cc.SpriteFrame",
  "content": {
    "name": "fish_icon_haigui",
    "atlas": "",
    "rect": {
      "x": 5,
      "y": 5,
      "width": 74,
      "height": 65
    },
    "offset": {
      "x": -2,
      "y": -2.5
    },
    "originalSize": {
      "width": 88,
      "height": 70
    },
    "rotated": false,
    "capInsets": [
      0,
      0,
      0,
      0
    ],
    "vertices": {
      "rawPosition": [
        -37,
        -32.5,
        0,
        37,
        -32.5,
        0,
        -37,
        32.5,
        0,
        37,
        32.5,
        0
      ],
      "indexes": [
        0,
        1,
        2,
        2,
        1,
        3
      ],
      "uv": [
        5,
        65,
        79,
        65,
        5,
        0,
        79,
        0
      ],
      "nuv": [
        0.056818181818181816,
        0,
        0.8977272727272727,
        0,
        0.056818181818181816,
        0.9285714285714286,
        0.8977272727272727,
        0.9285714285714286
      ],
      "minPos": {
        "x": -37,
        "y": -32.5,
        "z": 0
      },
      "maxPos": {
        "x": 37,
        "y": 32.5,
        "z": 0
      }
    },
    "texture": "b54443cf-0956-4341-b0ad-65e32c5d783b@6c48a",
    "packable": true,
    "pixelsToUnit": 100,
    "pivot": {
      "x": 0.5,
      "y": 0.5
    },
    "meshType": 0
  }
}