{
  "__type__": "cc.SpriteFrame",
  "content": {
    "name": "fish_icon_longliyu",
    "atlas": "",
    "rect": {
      "x": 3,
      "y": 17,
      "width": 85,
      "height": 43
    },
    "offset": {
      "x": 1.5,
      "y": -3.5
    },
    "originalSize": {
      "width": 88,
      "height": 70
    },
    "rotated": false,
    "capInsets": [
      0,
      0,
      0,
      0
    ],
    "vertices": {
      "rawPosition": [
        -42.5,
        -21.5,
        0,
        42.5,
        -21.5,
        0,
        -42.5,
        21.5,
        0,
        42.5,
        21.5,
        0
      ],
      "indexes": [
        0,
        1,
        2,
        2,
        1,
        3
      ],
      "uv": [
        3,
        53,
        88,
        53,
        3,
        10,
        88,
        10
      ],
      "nuv": [
        0.03409090909090909,
        0.14285714285714285,
        1,
        0.14285714285714285,
        0.03409090909090909,
        0.7571428571428571,
        1,
        0.7571428571428571
      ],
      "minPos": {
        "x": -42.5,
        "y": -21.5,
        "z": 0
      },
      "maxPos": {
        "x": 42.5,
        "y": 21.5,
        "z": 0
      }
    },
    "texture": "b5b5ecbc-00a3-417f-bbf0-f430e457a72d@6c48a",
    "packable": true,
    "pixelsToUnit": 100,
    "pivot": {
      "x": 0.5,
      "y": 0.5
    },
    "meshType": 0
  }
}