{
  "__type__": "cc.SpriteFrame",
  "content": {
    "name": "1",
    "atlas": "",
    "rect": {
      "x": 201,
      "y": 328,
      "width": 788,
      "height": 54
    },
    "offset": {
      "x": -45,
      "y": 5
    },
    "originalSize": {
      "width": 1280,
      "height": 720
    },
    "rotated": false,
    "capInsets": [
      0,
      0,
      0,
      0
    ],
    "vertices": {
      "rawPosition": [
        -394,
        -27,
        0,
        394,
        -27,
        0,
        -394,
        27,
        0,
        394,
        27,
        0
      ],
      "indexes": [
        0,
        1,
        2,
        2,
        1,
        3
      ],
      "uv": [
        201,
        392,
        989,
        392,
        201,
        338,
        989,
        338
      ],
      "nuv": [
        0.15703125,
        0.46944444444444444,
        0.77265625,
        0.46944444444444444,
        0.15703125,
        0.5444444444444444,
        0.77265625,
        0.5444444444444444
      ],
      "minPos": {
        "x": -394,
        "y": -27,
        "z": 0
      },
      "maxPos": {
        "x": 394,
        "y": 27,
        "z": 0
      }
    },
    "texture": "b5bb34b1-185d-4849-8e1d-a22a20914817@6c48a",
    "packable": true,
    "pixelsToUnit": 100,
    "pivot": {
      "x": 0.5,
      "y": 0.5
    },
    "meshType": 0
  }
}