{
  "__type__": "cc.SpriteFrame",
  "content": {
    "name": "ARB_line",
    "atlas": "",
    "rect": {
      "x": 33,
      "y": 30,
      "width": 1113,
      "height": 1605
    },
    "offset": {
      "x": -10.5,
      "y": -3
    },
    "originalSize": {
      "width": 1200,
      "height": 1659
    },
    "rotated": false,
    "capInsets": [
      0,
      0,
      0,
      0
    ],
    "vertices": {
      "rawPosition": [
        -556.5,
        -802.5,
        0,
        556.5,
        -802.5,
        0,
        -556.5,
        802.5,
        0,
        556.5,
        802.5,
        0
      ],
      "indexes": [
        0,
        1,
        2,
        2,
        1,
        3
      ],
      "uv": [
        33,
        1629,
        1146,
        1629,
        33,
        24,
        1146,
        24
      ],
      "nuv": [
        0.0275,
        0.014466546112115732,
        0.955,
        0.014466546112115732,
        0.0275,
        0.9819168173598554,
        0.955,
        0.9819168173598554
      ],
      "minPos": {
        "x": -556.5,
        "y": -802.5,
        "z": 0
      },
      "maxPos": {
        "x": 556.5,
        "y": 802.5,
        "z": 0
      }
    },
    "texture": "15042e13-be1b-4652-b4db-77c88529ceb7@6c48a",
    "packable": true,
    "pixelsToUnit": 100,
    "pivot": {
      "x": 0.5,
      "y": 0.5
    },
    "meshType": 0
  }
}