{
  "__type__": "cc.SpriteFrame",
  "content": {
    "name": "Line-1",
    "atlas": "",
    "rect": {
      "x": 2,
      "y": 2,
      "width": 505,
      "height": 502
    },
    "offset": {
      "x": -1.5,
      "y": 3
    },
    "originalSize": {
      "width": 512,
      "height": 512
    },
    "rotated": false,
    "capInsets": [
      0,
      0,
      0,
      0
    ],
    "vertices": {
      "rawPosition": [
        -252.5,
        -251,
        0,
        252.5,
        -251,
        0,
        -252.5,
        251,
        0,
        252.5,
        251,
        0
      ],
      "indexes": [
        0,
        1,
        2,
        2,
        1,
        3
      ],
      "uv": [
        2,
        510,
        507,
        510,
        2,
        8,
        507,
        8
      ],
      "nuv": [
        0.00390625,
        0.015625,
        0.990234375,
        0.015625,
        0.00390625,
        0.99609375,
        0.990234375,
        0.99609375
      ],
      "minPos": {
        "x": -252.5,
        "y": -251,
        "z": 0
      },
      "maxPos": {
        "x": 252.5,
        "y": 251,
        "z": 0
      }
    },
    "texture": "1510c0e1-b669-4179-bf52-7c1be1dccbc2@6c48a",
    "packable": true,
    "pixelsToUnit": 100,
    "pivot": {
      "x": 0.5,
      "y": 0.5
    },
    "meshType": 0
  }
}