{
  "__type__": "cc.SpriteFrame",
  "content": {
    "name": "newyear_hd",
    "atlas": "",
    "rect": {
      "x": 34,
      "y": 48,
      "width": 132,
      "height": 57
    },
    "offset": {
      "x": 4.5,
      "y": -0.5
    },
    "originalSize": {
      "width": 191,
      "height": 152
    },
    "rotated": false,
    "capInsets": [
      0,
      0,
      0,
      0
    ],
    "vertices": {
      "rawPosition": [
        -66,
        -28.5,
        0,
        66,
        -28.5,
        0,
        -66,
        28.5,
        0,
        66,
        28.5,
        0
      ],
      "indexes": [
        0,
        1,
        2,
        2,
        1,
        3
      ],
      "uv": [
        34,
        104,
        166,
        104,
        34,
        47,
        166,
        47
      ],
      "nuv": [
        0.17801047120418848,
        0.3092105263157895,
        0.8691099476439791,
        0.3092105263157895,
        0.17801047120418848,
        0.6842105263157895,
        0.8691099476439791,
        0.6842105263157895
      ],
      "minPos": {
        "x": -66,
        "y": -28.5,
        "z": 0
      },
      "maxPos": {
        "x": 66,
        "y": 28.5,
        "z": 0
      }
    },
    "texture": "fd55df11-8315-458d-b0ba-d78660611dd2@6c48a",
    "packable": true,
    "pixelsToUnit": 100,
    "pivot": {
      "x": 0.5,
      "y": 0.5
    },
    "meshType": 0
  }
}