{
  "__type__": "cc.SpriteFrame",
  "content": {
    "name": "skeleton",
    "atlas": "",
    "rect": {
      "x": 658,
      "y": 4,
      "width": 1033,
      "height": 528
    },
    "offset": {
      "x": 328.5,
      "y": -1.5
    },
    "originalSize": {
      "width": 1692,
      "height": 533
    },
    "rotated": false,
    "capInsets": [
      0,
      0,
      0,
      0
    ],
    "vertices": {
      "rawPosition": [
        -516.5,
        -264,
        0,
        516.5,
        -264,
        0,
        -516.5,
        264,
        0,
        516.5,
        264,
        0
      ],
      "indexes": [
        0,
        1,
        2,
        2,
        1,
        3
      ],
      "uv": [
        658,
        529,
        1691,
        529,
        658,
        1,
        1691,
        1
      ],
      "nuv": [
        0.3888888888888889,
        0.001876172607879925,
        0.9994089834515366,
        0.001876172607879925,
        0.3888888888888889,
        0.9924953095684803,
        0.9994089834515366,
        0.9924953095684803
      ],
      "minPos": {
        "x": -516.5,
        "y": -264,
        "z": 0
      },
      "maxPos": {
        "x": 516.5,
        "y": 264,
        "z": 0
      }
    },
    "texture": "fdfcfe1a-a731-4a7f-8ac4-858b3cd045dc@6c48a",
    "packable": true,
    "pixelsToUnit": 100,
    "pivot": {
      "x": 0.5,
      "y": 0.5
    },
    "meshType": 0
  }
}