{
  "__type__": "cc.SpriteFrame",
  "content": {
    "name": "icon_01",
    "atlas": "",
    "rect": {
      "x": 14,
      "y": 21,
      "width": 119,
      "height": 110
    },
    "offset": {
      "x": -0.5,
      "y": -1
    },
    "originalSize": {
      "width": 148,
      "height": 150
    },
    "rotated": false,
    "capInsets": [
      0,
      0,
      0,
      0
    ],
    "vertices": {
      "rawPosition": [
        -59.5,
        -55,
        0,
        59.5,
        -55,
        0,
        -59.5,
        55,
        0,
        59.5,
        55,
        0
      ],
      "indexes": [
        0,
        1,
        2,
        2,
        1,
        3
      ],
      "uv": [
        14,
        129,
        133,
        129,
        14,
        19,
        133,
        19
      ],
      "nuv": [
        0.0945945945945946,
        0.12666666666666668,
        0.8986486486486487,
        0.12666666666666668,
        0.0945945945945946,
        0.86,
        0.8986486486486487,
        0.86
      ],
      "minPos": {
        "x": -59.5,
        "y": -55,
        "z": 0
      },
      "maxPos": {
        "x": 59.5,
        "y": 55,
        "z": 0
      }
    },
    "texture": "3b1fd68e-5b7d-42c4-b21f-dbf3118b3c8f@6c48a",
    "packable": true,
    "pixelsToUnit": 100,
    "pivot": {
      "x": 0.5,
      "y": 0.5
    },
    "meshType": 0
  }
}