{
  "__type__": "cc.SpriteFrame",
  "content": {
    "name": "Line-2",
    "atlas": "",
    "rect": {
      "x": 2,
      "y": 2,
      "width": 1005,
      "height": 1011
    },
    "offset": {
      "x": -7.5,
      "y": 4.5
    },
    "originalSize": {
      "width": 1024,
      "height": 1024
    },
    "rotated": false,
    "capInsets": [
      0,
      0,
      0,
      0
    ],
    "vertices": {
      "rawPosition": [
        -502.5,
        -505.5,
        0,
        502.5,
        -505.5,
        0,
        -502.5,
        505.5,
        0,
        502.5,
        505.5,
        0
      ],
      "indexes": [
        0,
        1,
        2,
        2,
        1,
        3
      ],
      "uv": [
        2,
        1022,
        1007,
        1022,
        2,
        11,
        1007,
        11
      ],
      "nuv": [
        0.001953125,
        0.0107421875,
        0.9833984375,
        0.0107421875,
        0.001953125,
        0.998046875,
        0.9833984375,
        0.998046875
      ],
      "minPos": {
        "x": -502.5,
        "y": -505.5,
        "z": 0
      },
      "maxPos": {
        "x": 502.5,
        "y": 505.5,
        "z": 0
      }
    },
    "texture": "3b2d29cc-6a52-4e58-ac55-d7d10533ac12@6c48a",
    "packable": true,
    "pixelsToUnit": 100,
    "pivot": {
      "x": 0.5,
      "y": 0.5
    },
    "meshType": 0
  }
}