{
  "__type__": "cc.SpriteFrame",
  "content": {
    "name": "minipoker_v2",
    "atlas": "",
    "rect": {
      "x": 49,
      "y": 11,
      "width": 906,
      "height": 440
    },
    "offset": {
      "x": 19,
      "y": 8
    },
    "originalSize": {
      "width": 966,
      "height": 478
    },
    "rotated": false,
    "capInsets": [
      0,
      0,
      0,
      0
    ],
    "vertices": {
      "rawPosition": [
        -453,
        -220,
        0,
        453,
        -220,
        0,
        -453,
        220,
        0,
        453,
        220,
        0
      ],
      "indexes": [
        0,
        1,
        2,
        2,
        1,
        3
      ],
      "uv": [
        49,
        467,
        955,
        467,
        49,
        27,
        955,
        27
      ],
      "nuv": [
        0.050724637681159424,
        0.056485355648535567,
        0.9886128364389234,
        0.056485355648535567,
        0.050724637681159424,
        0.9769874476987448,
        0.9886128364389234,
        0.9769874476987448
      ],
      "minPos": {
        "x": -453,
        "y": -220,
        "z": 0
      },
      "maxPos": {
        "x": 453,
        "y": 220,
        "z": 0
      }
    },
    "texture": "3b4a13cc-affc-4cf1-ac2d-8318132a355d@6c48a",
    "packable": true,
    "pixelsToUnit": 100,
    "pivot": {
      "x": 0.5,
      "y": 0.5
    },
    "meshType": 0
  }
}