{
  "__type__": "cc.SpriteFrame",
  "content": {
    "name": "hongshanyu_tex",
    "atlas": "",
    "rect": {
      "x": 1,
      "y": 1,
      "width": 175,
      "height": 215
    },
    "offset": {
      "x": -39.5,
      "y": 19.5
    },
    "originalSize": {
      "width": 256,
      "height": 256
    },
    "rotated": false,
    "capInsets": [
      0,
      0,
      0,
      0
    ],
    "vertices": {
      "rawPosition": [
        -87.5,
        -107.5,
        0,
        87.5,
        -107.5,
        0,
        -87.5,
        107.5,
        0,
        87.5,
        107.5,
        0
      ],
      "indexes": [
        0,
        1,
        2,
        2,
        1,
        3
      ],
      "uv": [
        1,
        255,
        176,
        255,
        1,
        40,
        176,
        40
      ],
      "nuv": [
        0.00390625,
        0.15625,
        0.6875,
        0.15625,
        0.00390625,
        0.99609375,
        0.6875,
        0.99609375
      ],
      "minPos": {
        "x": -87.5,
        "y": -107.5,
        "z": 0
      },
      "maxPos": {
        "x": 87.5,
        "y": 107.5,
        "z": 0
      }
    },
    "texture": "74436146-3269-4f39-ad3e-dda85294c226@6c48a",
    "packable": true,
    "pixelsToUnit": 100,
    "pivot": {
      "x": 0.5,
      "y": 0.5
    },
    "meshType": 0
  }
}