{
  "__type__": "cc.SpriteFrame",
  "content": {
    "name": "font-gold",
    "atlas": "",
    "rect": {
      "x": 14,
      "y": 15,
      "width": 672,
      "height": 52
    },
    "offset": {
      "x": -0.5,
      "y": 0
    },
    "originalSize": {
      "width": 701,
      "height": 82
    },
    "rotated": false,
    "capInsets": [
      0,
      0,
      0,
      0
    ],
    "vertices": {
      "rawPosition": [
        -336,
        -26,
        0,
        336,
        -26,
        0,
        -336,
        26,
        0,
        336,
        26,
        0
      ],
      "indexes": [
        0,
        1,
        2,
        2,
        1,
        3
      ],
      "uv": [
        14,
        67,
        686,
        67,
        14,
        15,
        686,
        15
      ],
      "nuv": [
        0.019971469329529243,
        0.18292682926829268,
        0.978601997146933,
        0.18292682926829268,
        0.019971469329529243,
        0.8170731707317073,
        0.978601997146933,
        0.8170731707317073
      ],
      "minPos": {
        "x": -336,
        "y": -26,
        "z": 0
      },
      "maxPos": {
        "x": 336,
        "y": 26,
        "z": 0
      }
    },
    "texture": "74d700f6-1c29-4c96-8bfa-b5a60194bc0c@6c48a",
    "packable": true,
    "pixelsToUnit": 100,
    "pivot": {
      "x": 0.5,
      "y": 0.5
    },
    "meshType": 0
  }
}