{
  "__type__": "cc.SpriteFrame",
  "content": {
    "name": "MiniPokerIcon",
    "atlas": "",
    "rect": {
      "x": 2,
      "y": 2,
      "width": 1005,
      "height": 252
    },
    "offset": {
      "x": -7.5,
      "y": 0
    },
    "originalSize": {
      "width": 1024,
      "height": 256
    },
    "rotated": false,
    "capInsets": [
      0,
      0,
      0,
      0
    ],
    "vertices": {
      "rawPosition": [
        -502.5,
        -126,
        0,
        502.5,
        -126,
        0,
        -502.5,
        126,
        0,
        502.5,
        126,
        0
      ],
      "indexes": [
        0,
        1,
        2,
        2,
        1,
        3
      ],
      "uv": [
        2,
        254,
        1007,
        254,
        2,
        2,
        1007,
        2
      ],
      "nuv": [
        0.001953125,
        0.0078125,
        0.9833984375,
        0.0078125,
        0.001953125,
        0.9921875,
        0.9833984375,
        0.9921875
      ],
      "minPos": {
        "x": -502.5,
        "y": -126,
        "z": 0
      },
      "maxPos": {
        "x": 502.5,
        "y": 126,
        "z": 0
      }
    },
    "texture": "1a8fd31b-beae-48a9-a130-f646e9a5866f@6c48a",
    "packable": true,
    "pixelsToUnit": 100,
    "pivot": {
      "x": 0.5,
      "y": 0.5
    },
    "meshType": 0
  }
}