{
  "__type__": "cc.SpriteFrame",
  "content": {
    "name": "selectLine",
    "atlas": "",
    "rect": {
      "x": 1,
      "y": 1,
      "width": 947,
      "height": 573
    },
    "offset": {
      "x": 0,
      "y": 0
    },
    "originalSize": {
      "width": 949,
      "height": 575
    },
    "rotated": false,
    "capInsets": [
      0,
      0,
      0,
      0
    ],
    "vertices": {
      "rawPosition": [
        -473.5,
        -286.5,
        0,
        473.5,
        -286.5,
        0,
        -473.5,
        286.5,
        0,
        473.5,
        286.5,
        0
      ],
      "indexes": [
        0,
        1,
        2,
        2,
        1,
        3
      ],
      "uv": [
        1,
        574,
        948,
        574,
        1,
        1,
        948,
        1
      ],
      "nuv": [
        0.001053740779768177,
        0.0017391304347826088,
        0.9989462592202318,
        0.0017391304347826088,
        0.001053740779768177,
        0.9982608695652174,
        0.9989462592202318,
        0.9982608695652174
      ],
      "minPos": {
        "x": -473.5,
        "y": -286.5,
        "z": 0
      },
      "maxPos": {
        "x": 473.5,
        "y": 286.5,
        "z": 0
      }
    },
    "texture": "1a988e67-fd1d-43c0-9c1b-803a05d70815@6c48a",
    "packable": true,
    "pixelsToUnit": 100,
    "pivot": {
      "x": 0.5,
      "y": 0.5
    },
    "meshType": 0
  }
}