{
  "__type__": "cc.SpriteFrame",
  "content": {
    "name": "vip6",
    "atlas": "",
    "rect": {
      "x": 1,
      "y": 1,
      "width": 100,
      "height": 169
    },
    "offset": {
      "x": 0.5,
      "y": -0.5
    },
    "originalSize": {
      "width": 101,
      "height": 170
    },
    "rotated": false,
    "capInsets": [
      0,
      0,
      0,
      0
    ],
    "vertices": {
      "rawPosition": [
        -50,
        -84.5,
        0,
        50,
        -84.5,
        0,
        -50,
        84.5,
        0,
        50,
        84.5,
        0
      ],
      "indexes": [
        0,
        1,
        2,
        2,
        1,
        3
      ],
      "uv": [
        1,
        169,
        101,
        169,
        1,
        0,
        101,
        0
      ],
      "nuv": [
        0.009900990099009901,
        0,
        1,
        0,
        0.009900990099009901,
        0.9941176470588236,
        1,
        0.9941176470588236
      ],
      "minPos": {
        "x": -50,
        "y": -84.5,
        "z": 0
      },
      "maxPos": {
        "x": 50,
        "y": 84.5,
        "z": 0
      }
    },
    "texture": "1ac25004-f33f-4e9a-980b-fc9706614449@6c48a",
    "packable": true,
    "pixelsToUnit": 100,
    "pivot": {
      "x": 0.5,
      "y": 0.5
    },
    "meshType": 0
  }
}