{
  "__type__": "cc.SpriteFrame",
  "content": {
    "name": "line08",
    "atlas": "",
    "rect": {
      "x": 186,
      "y": 9,
      "width": 1030,
      "height": 632
    },
    "offset": {
      "x": 61,
      "y": 35
    },
    "originalSize": {
      "width": 1280,
      "height": 720
    },
    "rotated": false,
    "capInsets": [
      0,
      0,
      0,
      0
    ],
    "vertices": {
      "rawPosition": [
        -515,
        -316,
        0,
        515,
        -316,
        0,
        -515,
        316,
        0,
        515,
        316,
        0
      ],
      "indexes": [
        0,
        1,
        2,
        2,
        1,
        3
      ],
      "uv": [
        186,
        711,
        1216,
        711,
        186,
        79,
        1216,
        79
      ],
      "nuv": [
        0.1453125,
        0.10972222222222222,
        0.95,
        0.10972222222222222,
        0.1453125,
        0.9875,
        0.95,
        0.9875
      ],
      "minPos": {
        "x": -515,
        "y": -316,
        "z": 0
      },
      "maxPos": {
        "x": 515,
        "y": 316,
        "z": 0
      }
    },
    "texture": "e02a2d12-7ef5-4f64-9b27-d7d732bea180@6c48a",
    "packable": true,
    "pixelsToUnit": 100,
    "pivot": {
      "x": 0.5,
      "y": 0.5
    },
    "meshType": 0
  }
}