{
  "__type__": "cc.SpriteFrame",
  "content": {
    "name": "icon_02",
    "atlas": "",
    "rect": {
      "x": 17,
      "y": 11,
      "width": 108,
      "height": 121
    },
    "offset": {
      "x": -3,
      "y": 3.5
    },
    "originalSize": {
      "width": 148,
      "height": 150
    },
    "rotated": false,
    "capInsets": [
      0,
      0,
      0,
      0
    ],
    "vertices": {
      "rawPosition": [
        -54,
        -60.5,
        0,
        54,
        -60.5,
        0,
        -54,
        60.5,
        0,
        54,
        60.5,
        0
      ],
      "indexes": [
        0,
        1,
        2,
        2,
        1,
        3
      ],
      "uv": [
        17,
        139,
        125,
        139,
        17,
        18,
        125,
        18
      ],
      "nuv": [
        0.11486486486486487,
        0.12,
        0.8445945945945946,
        0.12,
        0.11486486486486487,
        0.9266666666666666,
        0.8445945945945946,
        0.9266666666666666
      ],
      "minPos": {
        "x": -54,
        "y": -60.5,
        "z": 0
      },
      "maxPos": {
        "x": 54,
        "y": 60.5,
        "z": 0
      }
    },
    "texture": "113a3989-7969-4b3f-9bca-718a04ec3fb7@6c48a",
    "packable": true,
    "pixelsToUnit": 100,
    "pivot": {
      "x": 0.5,
      "y": 0.5
    },
    "meshType": 0
  }
}