{
  "__type__": "cc.SpriteFrame",
  "content": {
    "name": "BONUSJACKPOT",
    "atlas": "",
    "rect": {
      "x": 2,
      "y": 2,
      "width": 980,
      "height": 970
    },
    "offset": {
      "x": -20,
      "y": 25
    },
    "originalSize": {
      "width": 1024,
      "height": 1024
    },
    "rotated": false,
    "capInsets": [
      0,
      0,
      0,
      0
    ],
    "vertices": {
      "rawPosition": [
        -490,
        -485,
        0,
        490,
        -485,
        0,
        -490,
        485,
        0,
        490,
        485,
        0
      ],
      "indexes": [
        0,
        1,
        2,
        2,
        1,
        3
      ],
      "uv": [
        2,
        1022,
        982,
        1022,
        2,
        52,
        982,
        52
      ],
      "nuv": [
        0.001953125,
        0.05078125,
        0.958984375,
        0.05078125,
        0.001953125,
        0.998046875,
        0.958984375,
        0.998046875
      ],
      "minPos": {
        "x": -490,
        "y": -485,
        "z": 0
      },
      "maxPos": {
        "x": 490,
        "y": 485,
        "z": 0
      }
    },
    "texture": "118fc9c4-17f1-452a-9fd2-7e12d9374831@6c48a",
    "packable": true,
    "pixelsToUnit": 100,
    "pivot": {
      "x": 0.5,
      "y": 0.5
    },
    "meshType": 0
  }
}