{
  "__type__": "cc.SpriteFrame",
  "content": {
    "name": "sub_on",
    "atlas": "",
    "rect": {
      "x": 1,
      "y": 1,
      "width": 362,
      "height": 87
    },
    "offset": {
      "x": 0,
      "y": 0.5
    },
    "originalSize": {
      "width": 364,
      "height": 90
    },
    "rotated": false,
    "capInsets": [
      0,
      0,
      0,
      0
    ],
    "vertices": {
      "rawPosition": [
        -181,
        -43.5,
        0,
        181,
        -43.5,
        0,
        -181,
        43.5,
        0,
        181,
        43.5,
        0
      ],
      "indexes": [
        0,
        1,
        2,
        2,
        1,
        3
      ],
      "uv": [
        1,
        89,
        363,
        89,
        1,
        2,
        363,
        2
      ],
      "nuv": [
        0.0027472527472527475,
        0.022222222222222223,
        0.9972527472527473,
        0.022222222222222223,
        0.0027472527472527475,
        0.9888888888888889,
        0.9972527472527473,
        0.9888888888888889
      ],
      "minPos": {
        "x": -181,
        "y": -43.5,
        "z": 0
      },
      "maxPos": {
        "x": 181,
        "y": 43.5,
        "z": 0
      }
    },
    "texture": "368854f6-8315-4757-82f7-f2b376079cca@6c48a",
    "packable": true,
    "pixelsToUnit": 100,
    "pivot": {
      "x": 0.5,
      "y": 0.5
    },
    "meshType": 0
  }
}