{
  "__type__": "cc.SpriteFrame",
  "content": {
    "name": "jinlongyu_tex",
    "atlas": "",
    "rect": {
      "x": 3,
      "y": 2,
      "width": 876,
      "height": 605
    },
    "offset": {
      "x": -71,
      "y": 207.5
    },
    "originalSize": {
      "width": 1024,
      "height": 1024
    },
    "rotated": false,
    "capInsets": [
      0,
      0,
      0,
      0
    ],
    "vertices": {
      "rawPosition": [
        -438,
        -302.5,
        0,
        438,
        -302.5,
        0,
        -438,
        302.5,
        0,
        438,
        302.5,
        0
      ],
      "indexes": [
        0,
        1,
        2,
        2,
        1,
        3
      ],
      "uv": [
        3,
        1022,
        879,
        1022,
        3,
        417,
        879,
        417
      ],
      "nuv": [
        0.0029296875,
        0.4072265625,
        0.8583984375,
        0.4072265625,
        0.0029296875,
        0.998046875,
        0.8583984375,
        0.998046875
      ],
      "minPos": {
        "x": -438,
        "y": -302.5,
        "z": 0
      },
      "maxPos": {
        "x": 438,
        "y": 302.5,
        "z": 0
      }
    },
    "texture": "dc321a0c-13d6-4884-af2e-132bde9dd16a@6c48a",
    "packable": true,
    "pixelsToUnit": 100,
    "pivot": {
      "x": 0.5,
      "y": 0.5
    },
    "meshType": 0
  }
}