{
  "__type__": "cc.SpriteFrame",
  "content": {
    "name": "Main",
    "atlas": "",
    "rect": {
      "x": 0,
      "y": 0,
      "width": 1394,
      "height": 1291
    },
    "offset": {
      "x": -1,
      "y": 1
    },
    "originalSize": {
      "width": 1396,
      "height": 1293
    },
    "rotated": false,
    "capInsets": [
      0,
      0,
      0,
      0
    ],
    "vertices": {
      "rawPosition": [
        -697,
        -645.5,
        0,
        697,
        -645.5,
        0,
        -697,
        645.5,
        0,
        697,
        645.5,
        0
      ],
      "indexes": [
        0,
        1,
        2,
        2,
        1,
        3
      ],
      "uv": [
        0,
        1293,
        1394,
        1293,
        0,
        2,
        1394,
        2
      ],
      "nuv": [
        0,
        0.0015467904098994587,
        0.998567335243553,
        0.0015467904098994587,
        0,
        1,
        0.998567335243553,
        1
      ],
      "minPos": {
        "x": -697,
        "y": -645.5,
        "z": 0
      },
      "maxPos": {
        "x": 697,
        "y": 645.5,
        "z": 0
      }
    },
    "texture": "dc4bc63e-a0c9-492d-8325-a516c6eed29c@6c48a",
    "packable": true,
    "pixelsToUnit": 100,
    "pivot": {
      "x": 0.5,
      "y": 0.5
    },
    "meshType": 0
  }
}