{
  "__type__": "cc.SpriteFrame",
  "content": {
    "name": "5",
    "atlas": "",
    "rect": {
      "x": 173,
      "y": 260,
      "width": 821,
      "height": 299
    },
    "offset": {
      "x": -56.5,
      "y": -49.5
    },
    "originalSize": {
      "width": 1280,
      "height": 720
    },
    "rotated": false,
    "capInsets": [
      0,
      0,
      0,
      0
    ],
    "vertices": {
      "rawPosition": [
        -410.5,
        -149.5,
        0,
        410.5,
        -149.5,
        0,
        -410.5,
        149.5,
        0,
        410.5,
        149.5,
        0
      ],
      "indexes": [
        0,
        1,
        2,
        2,
        1,
        3
      ],
      "uv": [
        173,
        460,
        994,
        460,
        173,
        161,
        994,
        161
      ],
      "nuv": [
        0.13515625,
        0.22361111111111112,
        0.7765625,
        0.22361111111111112,
        0.13515625,
        0.6388888888888888,
        0.7765625,
        0.6388888888888888
      ],
      "minPos": {
        "x": -410.5,
        "y": -149.5,
        "z": 0
      },
      "maxPos": {
        "x": 410.5,
        "y": 149.5,
        "z": 0
      }
    },
    "texture": "dcac6734-f9ed-4d35-a954-edaafc535117@6c48a",
    "packable": true,
    "pixelsToUnit": 100,
    "pivot": {
      "x": 0.5,
      "y": 0.5
    },
    "meshType": 0
  }
}