{
  "__type__": "cc.SpriteFrame",
  "content": {
    "name": "fan",
    "atlas": "",
    "rect": {
      "x": 0,
      "y": 5,
      "width": 90,
      "height": 94
    },
    "offset": {
      "x": -1,
      "y": 0.5
    },
    "originalSize": {
      "width": 92,
      "height": 105
    },
    "rotated": false,
    "capInsets": [
      0,
      0,
      0,
      0
    ],
    "vertices": {
      "rawPosition": [
        -45,
        -47,
        0,
        45,
        -47,
        0,
        -45,
        47,
        0,
        45,
        47,
        0
      ],
      "indexes": [
        0,
        1,
        2,
        2,
        1,
        3
      ],
      "uv": [
        0,
        100,
        90,
        100,
        0,
        6,
        90,
        6
      ],
      "nuv": [
        0,
        0.05714285714285714,
        0.9782608695652174,
        0.05714285714285714,
        0,
        0.9523809523809523,
        0.9782608695652174,
        0.9523809523809523
      ],
      "minPos": {
        "x": -45,
        "y": -47,
        "z": 0
      },
      "maxPos": {
        "x": 45,
        "y": 47,
        "z": 0
      }
    },
    "texture": "dcce2224-76b5-4f1d-94f8-72aa7d657c1f@6c48a",
    "packable": true,
    "pixelsToUnit": 100,
    "pivot": {
      "x": 0.5,
      "y": 0.5
    },
    "meshType": 0
  }
}