{
  "__type__": "cc.SpriteFrame",
  "content": {
    "name": "MiniGame",
    "atlas": "",
    "rect": {
      "x": 6,
      "y": 3,
      "width": 97,
      "height": 20
    },
    "offset": {
      "x": 1,
      "y": -1
    },
    "originalSize": {
      "width": 107,
      "height": 24
    },
    "rotated": false,
    "capInsets": [
      0,
      0,
      0,
      0
    ],
    "vertices": {
      "rawPosition": [
        -48.5,
        -10,
        0,
        48.5,
        -10,
        0,
        -48.5,
        10,
        0,
        48.5,
        10,
        0
      ],
      "indexes": [
        0,
        1,
        2,
        2,
        1,
        3
      ],
      "uv": [
        6,
        21,
        103,
        21,
        6,
        1,
        103,
        1
      ],
      "nuv": [
        0.056074766355140186,
        0.041666666666666664,
        0.9626168224299065,
        0.041666666666666664,
        0.056074766355140186,
        0.875,
        0.9626168224299065,
        0.875
      ],
      "minPos": {
        "x": -48.5,
        "y": -10,
        "z": 0
      },
      "maxPos": {
        "x": 48.5,
        "y": 10,
        "z": 0
      }
    },
    "texture": "2c442741-e9b3-4b97-94cf-57afc1a1311a@6c48a",
    "packable": true,
    "pixelsToUnit": 100,
    "pivot": {
      "x": 0.5,
      "y": 0.5
    },
    "meshType": 0
  }
}