{
  "__type__": "cc.SpriteFrame",
  "content": {
    "name": "e5e912f5-fb4d-46a9-8418-108ef0f0f272",
    "atlas": "",
    "rect": {
      "x": 0,
      "y": 1,
      "width": 99,
      "height": 91
    },
    "offset": {
      "x": -2,
      "y": -0.5
    },
    "originalSize": {
      "width": 103,
      "height": 92
    },
    "rotated": false,
    "capInsets": [
      0,
      0,
      0,
      0
    ],
    "vertices": {
      "rawPosition": [
        -49.5,
        -45.5,
        0,
        49.5,
        -45.5,
        0,
        -49.5,
        45.5,
        0,
        49.5,
        45.5,
        0
      ],
      "indexes": [
        0,
        1,
        2,
        2,
        1,
        3
      ],
      "uv": [
        0,
        91,
        99,
        91,
        0,
        0,
        99,
        0
      ],
      "nuv": [
        0,
        0,
        0.9611650485436893,
        0,
        0,
        0.9891304347826086,
        0.9611650485436893,
        0.9891304347826086
      ],
      "minPos": {
        "x": -49.5,
        "y": -45.5,
        "z": 0
      },
      "maxPos": {
        "x": 49.5,
        "y": 45.5,
        "z": 0
      }
    },
    "texture": "2cd84194-f375-4018-bf41-f540a3a8b460@6c48a",
    "packable": true,
    "pixelsToUnit": 100,
    "pivot": {
      "x": 0.5,
      "y": 0.5
    },
    "meshType": 0
  }
}