{
  "__type__": "cc.SpriteFrame",
  "content": {
    "name": "Western_Win_Effect",
    "atlas": "",
    "rect": {
      "x": 2,
      "y": 4,
      "width": 1266,
      "height": 1262
    },
    "offset": {
      "x": 0,
      "y": -1
    },
    "originalSize": {
      "width": 1270,
      "height": 1268
    },
    "rotated": false,
    "capInsets": [
      0,
      0,
      0,
      0
    ],
    "vertices": {
      "rawPosition": [
        -633,
        -631,
        0,
        633,
        -631,
        0,
        -633,
        631,
        0,
        633,
        631,
        0
      ],
      "indexes": [
        0,
        1,
        2,
        2,
        1,
        3
      ],
      "uv": [
        2,
        1264,
        1268,
        1264,
        2,
        2,
        1268,
        2
      ],
      "nuv": [
        0.0015748031496062992,
        0.0015772870662460567,
        0.9984251968503937,
        0.0015772870662460567,
        0.0015748031496062992,
        0.9968454258675079,
        0.9984251968503937,
        0.9968454258675079
      ],
      "minPos": {
        "x": -633,
        "y": -631,
        "z": 0
      },
      "maxPos": {
        "x": 633,
        "y": 631,
        "z": 0
      }
    },
    "texture": "5f1f19ed-e295-499c-9a26-f064b603cab3@6c48a",
    "packable": true,
    "pixelsToUnit": 100,
    "pivot": {
      "x": 0.5,
      "y": 0.5
    },
    "meshType": 0
  }
}