{
  "__type__": "cc.SpriteFrame",
  "content": {
    "name": "raise_font_game_to",
    "atlas": "",
    "rect": {
      "x": 0,
      "y": 0,
      "width": 81,
      "height": 255
    },
    "offset": {
      "x": -23.5,
      "y": 0.5
    },
    "originalSize": {
      "width": 128,
      "height": 256
    },
    "rotated": false,
    "capInsets": [
      0,
      0,
      0,
      0
    ],
    "vertices": {
      "rawPosition": [
        -40.5,
        -127.5,
        0,
        40.5,
        -127.5,
        0,
        -40.5,
        127.5,
        0,
        40.5,
        127.5,
        0
      ],
      "indexes": [
        0,
        1,
        2,
        2,
        1,
        3
      ],
      "uv": [
        0,
        256,
        81,
        256,
        0,
        1,
        81,
        1
      ],
      "nuv": [
        0,
        0.00390625,
        0.6328125,
        0.00390625,
        0,
        1,
        0.6328125,
        1
      ],
      "minPos": {
        "x": -40.5,
        "y": -127.5,
        "z": 0
      },
      "maxPos": {
        "x": 40.5,
        "y": 127.5,
        "z": 0
      }
    },
    "texture": "5f3fa437-2128-4b7a-9283-2b57ff9aa3e4@6c48a",
    "packable": true,
    "pixelsToUnit": 100,
    "pivot": {
      "x": 0.5,
      "y": 0.5
    },
    "meshType": 0
  }
}