{
  "__type__": "cc.SpriteFrame",
  "content": {
    "name": "4",
    "atlas": "",
    "rect": {
      "x": 201,
      "y": 184,
      "width": 795,
      "height": 244
    },
    "offset": {
      "x": -41.5,
      "y": 54
    },
    "originalSize": {
      "width": 1280,
      "height": 720
    },
    "rotated": false,
    "capInsets": [
      0,
      0,
      0,
      0
    ],
    "vertices": {
      "rawPosition": [
        -397.5,
        -122,
        0,
        397.5,
        -122,
        0,
        -397.5,
        122,
        0,
        397.5,
        122,
        0
      ],
      "indexes": [
        0,
        1,
        2,
        2,
        1,
        3
      ],
      "uv": [
        201,
        536,
        996,
        536,
        201,
        292,
        996,
        292
      ],
      "nuv": [
        0.15703125,
        0.40555555555555556,
        0.778125,
        0.40555555555555556,
        0.15703125,
        0.7444444444444445,
        0.778125,
        0.7444444444444445
      ],
      "minPos": {
        "x": -397.5,
        "y": -122,
        "z": 0
      },
      "maxPos": {
        "x": 397.5,
        "y": 122,
        "z": 0
      }
    },
    "texture": "5f40a280-9daf-4c03-96d6-171118ff4d73@6c48a",
    "packable": true,
    "pixelsToUnit": 100,
    "pivot": {
      "x": 0.5,
      "y": 0.5
    },
    "meshType": 0
  }
}