{
  "__type__": "cc.SpriteFrame",
  "content": {
    "name": "4-trang",
    "atlas": "",
    "rect": {
      "x": 2,
      "y": 2,
      "width": 18,
      "height": 84
    },
    "offset": {
      "x": 0,
      "y": -1
    },
    "originalSize": {
      "width": 22,
      "height": 86
    },
    "rotated": false,
    "capInsets": [
      0,
      0,
      0,
      0
    ],
    "vertices": {
      "rawPosition": [
        -9,
        -42,
        0,
        9,
        -42,
        0,
        -9,
        42,
        0,
        9,
        42,
        0
      ],
      "indexes": [
        0,
        1,
        2,
        2,
        1,
        3
      ],
      "uv": [
        2,
        84,
        20,
        84,
        2,
        0,
        20,
        0
      ],
      "nuv": [
        0.09090909090909091,
        0,
        0.9090909090909091,
        0,
        0.09090909090909091,
        0.9767441860465116,
        0.9090909090909091,
        0.9767441860465116
      ],
      "minPos": {
        "x": -9,
        "y": -42,
        "z": 0
      },
      "maxPos": {
        "x": 9,
        "y": 42,
        "z": 0
      }
    },
    "texture": "5f47f1eb-b097-49af-bb9e-49d5c8500c94@6c48a",
    "packable": true,
    "pixelsToUnit": 100,
    "pivot": {
      "x": 0.5,
      "y": 0.5
    },
    "meshType": 0
  }
}