{
  "__type__": "cc.SpriteFrame",
  "content": {
    "name": "NOHUTHANGLON2",
    "atlas": "",
    "rect": {
      "x": 2,
      "y": 2,
      "width": 3979,
      "height": 4092
    },
    "offset": {
      "x": -56.5,
      "y": 0
    },
    "originalSize": {
      "width": 4096,
      "height": 4096
    },
    "rotated": false,
    "capInsets": [
      0,
      0,
      0,
      0
    ],
    "vertices": {
      "rawPosition": [
        -1989.5,
        -2046,
        0,
        1989.5,
        -2046,
        0,
        -1989.5,
        2046,
        0,
        1989.5,
        2046,
        0
      ],
      "indexes": [
        0,
        1,
        2,
        2,
        1,
        3
      ],
      "uv": [
        2,
        4094,
        3981,
        4094,
        2,
        2,
        3981,
        2
      ],
      "nuv": [
        0.00048828125,
        0.00048828125,
        0.971923828125,
        0.00048828125,
        0.00048828125,
        0.99951171875,
        0.971923828125,
        0.99951171875
      ],
      "minPos": {
        "x": -1989.5,
        "y": -2046,
        "z": 0
      },
      "maxPos": {
        "x": 1989.5,
        "y": 2046,
        "z": 0
      }
    },
    "texture": "5f850b81-65cd-47a5-9fb6-47fa6ea563a4@6c48a",
    "packable": true,
    "pixelsToUnit": 100,
    "pivot": {
      "x": 0.5,
      "y": 0.5
    },
    "meshType": 0
  }
}