{
  "__type__": "cc.SpriteFrame",
  "content": {
    "name": "haidaochuan_tex",
    "atlas": "",
    "rect": {
      "x": 1,
      "y": 1,
      "width": 1838,
      "height": 1102
    },
    "offset": {
      "x": -0.5,
      "y": 1.5
    },
    "originalSize": {
      "width": 1841,
      "height": 1107
    },
    "rotated": false,
    "capInsets": [
      0,
      0,
      0,
      0
    ],
    "vertices": {
      "rawPosition": [
        -919,
        -551,
        0,
        919,
        -551,
        0,
        -919,
        551,
        0,
        919,
        551,
        0
      ],
      "indexes": [
        0,
        1,
        2,
        2,
        1,
        3
      ],
      "uv": [
        1,
        1106,
        1839,
        1106,
        1,
        4,
        1839,
        4
      ],
      "nuv": [
        0.0005431830526887561,
        0.0036133694670280035,
        0.9989136338946225,
        0.0036133694670280035,
        0.0005431830526887561,
        0.999096657633243,
        0.9989136338946225,
        0.999096657633243
      ],
      "minPos": {
        "x": -919,
        "y": -551,
        "z": 0
      },
      "maxPos": {
        "x": 919,
        "y": 551,
        "z": 0
      }
    },
    "texture": "5f85021b-69de-4d94-8403-2a8d3b6cf3d6@6c48a",
    "packable": true,
    "pixelsToUnit": 100,
    "pivot": {
      "x": 0.5,
      "y": 0.5
    },
    "meshType": 0
  }
}