{
  "__type__": "cc.SpriteFrame",
  "content": {
    "name": "jiewenyu_shadow_tex",
    "atlas": "",
    "rect": {
      "x": 1,
      "y": 1,
      "width": 510,
      "height": 477
    },
    "offset": {
      "x": 0,
      "y": 16.5
    },
    "originalSize": {
      "width": 512,
      "height": 512
    },
    "rotated": false,
    "capInsets": [
      0,
      0,
      0,
      0
    ],
    "vertices": {
      "rawPosition": [
        -255,
        -238.5,
        0,
        255,
        -238.5,
        0,
        -255,
        238.5,
        0,
        255,
        238.5,
        0
      ],
      "indexes": [
        0,
        1,
        2,
        2,
        1,
        3
      ],
      "uv": [
        1,
        511,
        511,
        511,
        1,
        34,
        511,
        34
      ],
      "nuv": [
        0.001953125,
        0.06640625,
        0.998046875,
        0.06640625,
        0.001953125,
        0.998046875,
        0.998046875,
        0.998046875
      ],
      "minPos": {
        "x": -255,
        "y": -238.5,
        "z": 0
      },
      "maxPos": {
        "x": 255,
        "y": 238.5,
        "z": 0
      }
    },
    "texture": "9705df06-4517-451b-93b0-290bb084cc99@6c48a",
    "packable": true,
    "pixelsToUnit": 100,
    "pivot": {
      "x": 0.5,
      "y": 0.5
    },
    "meshType": 0
  }
}