{
  "__type__": "cc.SpriteFrame",
  "content": {
    "name": "12",
    "atlas": "",
    "rect": {
      "x": 249,
      "y": 158,
      "width": 837,
      "height": 411
    },
    "offset": {
      "x": 27.5,
      "y": -3.5
    },
    "originalSize": {
      "width": 1280,
      "height": 720
    },
    "rotated": false,
    "capInsets": [
      0,
      0,
      0,
      0
    ],
    "vertices": {
      "rawPosition": [
        -418.5,
        -205.5,
        0,
        418.5,
        -205.5,
        0,
        -418.5,
        205.5,
        0,
        418.5,
        205.5,
        0
      ],
      "indexes": [
        0,
        1,
        2,
        2,
        1,
        3
      ],
      "uv": [
        249,
        562,
        1086,
        562,
        249,
        151,
        1086,
        151
      ],
      "nuv": [
        0.19453125,
        0.20972222222222223,
        0.8484375,
        0.20972222222222223,
        0.19453125,
        0.7805555555555556,
        0.8484375,
        0.7805555555555556
      ],
      "minPos": {
        "x": -418.5,
        "y": -205.5,
        "z": 0
      },
      "maxPos": {
        "x": 418.5,
        "y": 205.5,
        "z": 0
      }
    },
    "texture": "9770230b-abf5-4419-843c-789129c540f7@6c48a",
    "packable": true,
    "pixelsToUnit": 100,
    "pivot": {
      "x": 0.5,
      "y": 0.5
    },
    "meshType": 0
  }
}