{
  "__type__": "cc.SpriteFrame",
  "content": {
    "name": "zhangyuwang_shadow_tex",
    "atlas": "",
    "rect": {
      "x": 2,
      "y": 1,
      "width": 968,
      "height": 768
    },
    "offset": {
      "x": -0.5,
      "y": 0.5
    },
    "originalSize": {
      "width": 973,
      "height": 771
    },
    "rotated": false,
    "capInsets": [
      0,
      0,
      0,
      0
    ],
    "vertices": {
      "rawPosition": [
        -484,
        -384,
        0,
        484,
        -384,
        0,
        -484,
        384,
        0,
        484,
        384,
        0
      ],
      "indexes": [
        0,
        1,
        2,
        2,
        1,
        3
      ],
      "uv": [
        2,
        770,
        970,
        770,
        2,
        2,
        970,
        2
      ],
      "nuv": [
        0.0020554984583761563,
        0.0025940337224383916,
        0.9969167523124358,
        0.0025940337224383916,
        0.0020554984583761563,
        0.9987029831387808,
        0.9969167523124358,
        0.9987029831387808
      ],
      "minPos": {
        "x": -484,
        "y": -384,
        "z": 0
      },
      "maxPos": {
        "x": 484,
        "y": 384,
        "z": 0
      }
    },
    "texture": "97a1ccd3-27b1-446e-bae6-20fb8472f450@6c48a",
    "packable": true,
    "pixelsToUnit": 100,
    "pivot": {
      "x": 0.5,
      "y": 0.5
    },
    "meshType": 0
  }
}