{
  "__type__": "cc.SpriteFrame",
  "content": {
    "name": "1",
    "atlas": "",
    "rect": {
      "x": 0,
      "y": 0,
      "width": 144,
      "height": 117
    },
    "offset": {
      "x": -0.5,
      "y": 2
    },
    "originalSize": {
      "width": 145,
      "height": 121
    },
    "rotated": false,
    "capInsets": [
      0,
      0,
      0,
      0
    ],
    "vertices": {
      "rawPosition": [
        -72,
        -58.5,
        0,
        72,
        -58.5,
        0,
        -72,
        58.5,
        0,
        72,
        58.5,
        0
      ],
      "indexes": [
        0,
        1,
        2,
        2,
        1,
        3
      ],
      "uv": [
        0,
        121,
        144,
        121,
        0,
        4,
        144,
        4
      ],
      "nuv": [
        0,
        0.03305785123966942,
        0.993103448275862,
        0.03305785123966942,
        0,
        1,
        0.993103448275862,
        1
      ],
      "minPos": {
        "x": -72,
        "y": -58.5,
        "z": 0
      },
      "maxPos": {
        "x": 72,
        "y": 58.5,
        "z": 0
      }
    },
    "texture": "97f72e46-00cc-4637-9d2a-5def5643408f@6c48a",
    "packable": true,
    "pixelsToUnit": 100,
    "pivot": {
      "x": 0.5,
      "y": 0.5
    },
    "meshType": 0
  }
}