{
  "__type__": "cc.SpriteFrame",
  "content": {
    "name": "logo",
    "atlas": "",
    "rect": {
      "x": 3,
      "y": 3,
      "width": 896,
      "height": 236
    },
    "offset": {
      "x": -61,
      "y": 7
    },
    "originalSize": {
      "width": 1024,
      "height": 256
    },
    "rotated": false,
    "capInsets": [
      0,
      0,
      0,
      0
    ],
    "vertices": {
      "rawPosition": [
        -448,
        -118,
        0,
        448,
        -118,
        0,
        -448,
        118,
        0,
        448,
        118,
        0
      ],
      "indexes": [
        0,
        1,
        2,
        2,
        1,
        3
      ],
      "uv": [
        3,
        253,
        899,
        253,
        3,
        17,
        899,
        17
      ],
      "nuv": [
        0.0029296875,
        0.06640625,
        0.8779296875,
        0.06640625,
        0.0029296875,
        0.98828125,
        0.8779296875,
        0.98828125
      ],
      "minPos": {
        "x": -448,
        "y": -118,
        "z": 0
      },
      "maxPos": {
        "x": 448,
        "y": 118,
        "z": 0
      }
    },
    "texture": "187fccd4-341f-4ca1-83e5-3c8a225a9867@6c48a",
    "packable": true,
    "pixelsToUnit": 100,
    "pivot": {
      "x": 0.5,
      "y": 0.5
    },
    "meshType": 0
  }
}