{
  "__type__": "cc.SpriteFrame",
  "content": {
    "name": "xichlo",
    "atlas": "",
    "rect": {
      "x": 1,
      "y": 1,
      "width": 122,
      "height": 103
    },
    "offset": {
      "x": 0,
      "y": 0
    },
    "originalSize": {
      "width": 124,
      "height": 105
    },
    "rotated": false,
    "capInsets": [
      0,
      0,
      0,
      0
    ],
    "vertices": {
      "rawPosition": [
        -61,
        -51.5,
        0,
        61,
        -51.5,
        0,
        -61,
        51.5,
        0,
        61,
        51.5,
        0
      ],
      "indexes": [
        0,
        1,
        2,
        2,
        1,
        3
      ],
      "uv": [
        1,
        104,
        123,
        104,
        1,
        1,
        123,
        1
      ],
      "nuv": [
        0.008064516129032258,
        0.009523809523809525,
        0.9919354838709677,
        0.009523809523809525,
        0.008064516129032258,
        0.9904761904761905,
        0.9919354838709677,
        0.9904761904761905
      ],
      "minPos": {
        "x": -61,
        "y": -51.5,
        "z": 0
      },
      "maxPos": {
        "x": 61,
        "y": 51.5,
        "z": 0
      }
    },
    "texture": "18980e16-39c1-49e8-b7c6-4074744deda0@6c48a",
    "packable": true,
    "pixelsToUnit": 100,
    "pivot": {
      "x": 0.5,
      "y": 0.5
    },
    "meshType": 0
  }
}