{
  "__type__": "cc.SpriteFrame",
  "content": {
    "name": "12",
    "atlas": "",
    "rect": {
      "x": 78,
      "y": 53,
      "width": 752,
      "height": 188
    },
    "offset": {
      "x": 27.5,
      "y": 80
    },
    "originalSize": {
      "width": 853,
      "height": 454
    },
    "rotated": false,
    "capInsets": [
      0,
      0,
      0,
      0
    ],
    "vertices": {
      "rawPosition": [
        -376,
        -94,
        0,
        376,
        -94,
        0,
        -376,
        94,
        0,
        376,
        94,
        0
      ],
      "indexes": [
        0,
        1,
        2,
        2,
        1,
        3
      ],
      "uv": [
        78,
        401,
        830,
        401,
        78,
        213,
        830,
        213
      ],
      "nuv": [
        0.0914419695193435,
        0.46916299559471364,
        0.9730363423212193,
        0.46916299559471364,
        0.0914419695193435,
        0.8832599118942731,
        0.9730363423212193,
        0.8832599118942731
      ],
      "minPos": {
        "x": -376,
        "y": -94,
        "z": 0
      },
      "maxPos": {
        "x": 376,
        "y": 94,
        "z": 0
      }
    },
    "texture": "4229cf4a-35d4-4c66-b4d3-2a3c7da42a4a@6c48a",
    "packable": true,
    "pixelsToUnit": 100,
    "pivot": {
      "x": 0.5,
      "y": 0.5
    },
    "meshType": 0
  }
}