{
  "__type__": "cc.SpriteFrame",
  "content": {
    "name": "progress-bg",
    "atlas": "",
    "rect": {
      "x": 1,
      "y": 1,
      "width": 409,
      "height": 22
    },
    "offset": {
      "x": 0,
      "y": 0
    },
    "originalSize": {
      "width": 411,
      "height": 24
    },
    "rotated": false,
    "capInsets": [
      0,
      0,
      0,
      0
    ],
    "vertices": {
      "rawPosition": [
        -204.5,
        -11,
        0,
        204.5,
        -11,
        0,
        -204.5,
        11,
        0,
        204.5,
        11,
        0
      ],
      "indexes": [
        0,
        1,
        2,
        2,
        1,
        3
      ],
      "uv": [
        1,
        23,
        410,
        23,
        1,
        1,
        410,
        1
      ],
      "nuv": [
        0.0024330900243309003,
        0.041666666666666664,
        0.9975669099756691,
        0.041666666666666664,
        0.0024330900243309003,
        0.9583333333333334,
        0.9975669099756691,
        0.9583333333333334
      ],
      "minPos": {
        "x": -204.5,
        "y": -11,
        "z": 0
      },
      "maxPos": {
        "x": 204.5,
        "y": 11,
        "z": 0
      }
    },
    "texture": "429669a2-f457-46e1-a539-151b28a86980@6c48a",
    "packable": true,
    "pixelsToUnit": 100,
    "pivot": {
      "x": 0.5,
      "y": 0.5
    },
    "meshType": 0
  }
}