{
  "__type__": "cc.SpriteFrame",
  "content": {
    "name": "default",
    "atlas": "",
    "rect": {
      "x": 0,
      "y": 0,
      "width": 665,
      "height": 914
    },
    "offset": {
      "x": -0.5,
      "y": 7
    },
    "originalSize": {
      "width": 666,
      "height": 928
    },
    "rotated": false,
    "capInsets": [
      0,
      0,
      0,
      0
    ],
    "vertices": {
      "rawPosition": [
        -332.5,
        -457,
        0,
        332.5,
        -457,
        0,
        -332.5,
        457,
        0,
        332.5,
        457,
        0
      ],
      "indexes": [
        0,
        1,
        2,
        2,
        1,
        3
      ],
      "uv": [
        0,
        928,
        665,
        928,
        0,
        14,
        665,
        14
      ],
      "nuv": [
        0,
        0.015086206896551725,
        0.9984984984984985,
        0.015086206896551725,
        0,
        1,
        0.9984984984984985,
        1
      ],
      "minPos": {
        "x": -332.5,
        "y": -457,
        "z": 0
      },
      "maxPos": {
        "x": 332.5,
        "y": 457,
        "z": 0
      }
    },
    "texture": "42bf22bc-966b-4404-be9d-eedd2692ca28@6c48a",
    "packable": true,
    "pixelsToUnit": 100,
    "pivot": {
      "x": 0.5,
      "y": 0.5
    },
    "meshType": 0
  }
}