{
  "__type__": "cc.SpriteFrame",
  "content": {
    "name": "momox2button",
    "atlas": "",
    "rect": {
      "x": 3,
      "y": 0,
      "width": 2042,
      "height": 2021
    },
    "offset": {
      "x": 0,
      "y": 13.5
    },
    "originalSize": {
      "width": 2048,
      "height": 2048
    },
    "rotated": false,
    "capInsets": [
      0,
      0,
      0,
      0
    ],
    "vertices": {
      "rawPosition": [
        -1021,
        -1010.5,
        0,
        1021,
        -1010.5,
        0,
        -1021,
        1010.5,
        0,
        1021,
        1010.5,
        0
      ],
      "indexes": [
        0,
        1,
        2,
        2,
        1,
        3
      ],
      "uv": [
        3,
        2048,
        2045,
        2048,
        3,
        27,
        2045,
        27
      ],
      "nuv": [
        0.00146484375,
        0.01318359375,
        0.99853515625,
        0.01318359375,
        0.00146484375,
        1,
        0.99853515625,
        1
      ],
      "minPos": {
        "x": -1021,
        "y": -1010.5,
        "z": 0
      },
      "maxPos": {
        "x": 1021,
        "y": 1010.5,
        "z": 0
      }
    },
    "texture": "42e73404-b14f-490d-94d3-413da9885c76@6c48a",
    "packable": true,
    "pixelsToUnit": 100,
    "pivot": {
      "x": 0.5,
      "y": 0.5
    },
    "meshType": 0
  }
}