{
  "__type__": "cc.SpriteFrame",
  "content": {
    "name": "FONTVANG-export",
    "atlas": "",
    "rect": {
      "x": 0,
      "y": 0,
      "width": 209,
      "height": 255
    },
    "offset": {
      "x": -23.5,
      "y": 0.5
    },
    "originalSize": {
      "width": 256,
      "height": 256
    },
    "rotated": false,
    "capInsets": [
      0,
      0,
      0,
      0
    ],
    "vertices": {
      "rawPosition": [
        -104.5,
        -127.5,
        0,
        104.5,
        -127.5,
        0,
        -104.5,
        127.5,
        0,
        104.5,
        127.5,
        0
      ],
      "indexes": [
        0,
        1,
        2,
        2,
        1,
        3
      ],
      "uv": [
        0,
        256,
        209,
        256,
        0,
        1,
        209,
        1
      ],
      "nuv": [
        0,
        0.00390625,
        0.81640625,
        0.00390625,
        0,
        1,
        0.81640625,
        1
      ],
      "minPos": {
        "x": -104.5,
        "y": -127.5,
        "z": 0
      },
      "maxPos": {
        "x": 104.5,
        "y": 127.5,
        "z": 0
      }
    },
    "texture": "25512881-0e8a-47f6-b173-b826b780a1e7@6c48a",
    "packable": true,
    "pixelsToUnit": 100,
    "pivot": {
      "x": 0.5,
      "y": 0.5
    },
    "meshType": 0
  }
}