{
  "__type__": "cc.SpriteFrame",
  "content": {
    "name": "hudieyu_tex",
    "atlas": "",
    "rect": {
      "x": 1,
      "y": 1,
      "width": 245,
      "height": 451
    },
    "offset": {
      "x": -4.5,
      "y": 29.5
    },
    "originalSize": {
      "width": 256,
      "height": 512
    },
    "rotated": false,
    "capInsets": [
      0,
      0,
      0,
      0
    ],
    "vertices": {
      "rawPosition": [
        -122.5,
        -225.5,
        0,
        122.5,
        -225.5,
        0,
        -122.5,
        225.5,
        0,
        122.5,
        225.5,
        0
      ],
      "indexes": [
        0,
        1,
        2,
        2,
        1,
        3
      ],
      "uv": [
        1,
        511,
        246,
        511,
        1,
        60,
        246,
        60
      ],
      "nuv": [
        0.00390625,
        0.1171875,
        0.9609375,
        0.1171875,
        0.00390625,
        0.998046875,
        0.9609375,
        0.998046875
      ],
      "minPos": {
        "x": -122.5,
        "y": -225.5,
        "z": 0
      },
      "maxPos": {
        "x": 122.5,
        "y": 225.5,
        "z": 0
      }
    },
    "texture": "e257f606-0689-4c28-93ca-04bcb6d0de8a@6c48a",
    "packable": true,
    "pixelsToUnit": 100,
    "pivot": {
      "x": 0.5,
      "y": 0.5
    },
    "meshType": 0
  }
}