{
  "__type__": "cc.SpriteFrame",
  "content": {
    "name": "kyby_paotai4_tex",
    "atlas": "",
    "rect": {
      "x": 1,
      "y": 1,
      "width": 472,
      "height": 497
    },
    "offset": {
      "x": -19,
      "y": 6.5
    },
    "originalSize": {
      "width": 512,
      "height": 512
    },
    "rotated": false,
    "capInsets": [
      0,
      0,
      0,
      0
    ],
    "vertices": {
      "rawPosition": [
        -236,
        -248.5,
        0,
        236,
        -248.5,
        0,
        -236,
        248.5,
        0,
        236,
        248.5,
        0
      ],
      "indexes": [
        0,
        1,
        2,
        2,
        1,
        3
      ],
      "uv": [
        1,
        511,
        473,
        511,
        1,
        14,
        473,
        14
      ],
      "nuv": [
        0.001953125,
        0.02734375,
        0.923828125,
        0.02734375,
        0.001953125,
        0.998046875,
        0.923828125,
        0.998046875
      ],
      "minPos": {
        "x": -236,
        "y": -248.5,
        "z": 0
      },
      "maxPos": {
        "x": 236,
        "y": 248.5,
        "z": 0
      }
    },
    "texture": "e27655bd-3e25-4cf5-ae44-a038140282f1@6c48a",
    "packable": true,
    "pixelsToUnit": 100,
    "pivot": {
      "x": 0.5,
      "y": 0.5
    },
    "meshType": 0
  }
}