{
  "__type__": "cc.SpriteFrame",
  "content": {
    "name": "Candy-Text",
    "atlas": "",
    "rect": {
      "x": 2,
      "y": 2,
      "width": 452,
      "height": 100
    },
    "offset": {
      "x": -28,
      "y": 12
    },
    "originalSize": {
      "width": 512,
      "height": 128
    },
    "rotated": false,
    "capInsets": [
      0,
      0,
      0,
      0
    ],
    "vertices": {
      "rawPosition": [
        -226,
        -50,
        0,
        226,
        -50,
        0,
        -226,
        50,
        0,
        226,
        50,
        0
      ],
      "indexes": [
        0,
        1,
        2,
        2,
        1,
        3
      ],
      "uv": [
        2,
        126,
        454,
        126,
        2,
        26,
        454,
        26
      ],
      "nuv": [
        0.00390625,
        0.203125,
        0.88671875,
        0.203125,
        0.00390625,
        0.984375,
        0.88671875,
        0.984375
      ],
      "minPos": {
        "x": -226,
        "y": -50,
        "z": 0
      },
      "maxPos": {
        "x": 226,
        "y": 50,
        "z": 0
      }
    },
    "texture": "75c34a24-360b-4b57-bb05-07fe88d357da@6c48a",
    "packable": true,
    "pixelsToUnit": 100,
    "pivot": {
      "x": 0.5,
      "y": 0.5
    },
    "meshType": 0
  }
}