{
  "__type__": "cc.SpriteFrame",
  "content": {
    "name": "16",
    "atlas": "",
    "rect": {
      "x": 267,
      "y": 126,
      "width": 841,
      "height": 289
    },
    "offset": {
      "x": 47.5,
      "y": 89.5
    },
    "originalSize": {
      "width": 1280,
      "height": 720
    },
    "rotated": false,
    "capInsets": [
      0,
      0,
      0,
      0
    ],
    "vertices": {
      "rawPosition": [
        -420.5,
        -144.5,
        0,
        420.5,
        -144.5,
        0,
        -420.5,
        144.5,
        0,
        420.5,
        144.5,
        0
      ],
      "indexes": [
        0,
        1,
        2,
        2,
        1,
        3
      ],
      "uv": [
        267,
        594,
        1108,
        594,
        267,
        305,
        1108,
        305
      ],
      "nuv": [
        0.20859375,
        0.4236111111111111,
        0.865625,
        0.4236111111111111,
        0.20859375,
        0.825,
        0.865625,
        0.825
      ],
      "minPos": {
        "x": -420.5,
        "y": -144.5,
        "z": 0
      },
      "maxPos": {
        "x": 420.5,
        "y": 144.5,
        "z": 0
      }
    },
    "texture": "75c7582d-4a85-4400-b982-054b631672fd@6c48a",
    "packable": true,
    "pixelsToUnit": 100,
    "pivot": {
      "x": 0.5,
      "y": 0.5
    },
    "meshType": 0
  }
}