{
  "__type__": "cc.SpriteFrame",
  "content": {
    "name": "nohu",
    "atlas": "",
    "rect": {
      "x": 3,
      "y": 3,
      "width": 1995,
      "height": 1881
    },
    "offset": {
      "x": -23.5,
      "y": 80.5
    },
    "originalSize": {
      "width": 2048,
      "height": 2048
    },
    "rotated": false,
    "capInsets": [
      0,
      0,
      0,
      0
    ],
    "vertices": {
      "rawPosition": [
        -997.5,
        -940.5,
        0,
        997.5,
        -940.5,
        0,
        -997.5,
        940.5,
        0,
        997.5,
        940.5,
        0
      ],
      "indexes": [
        0,
        1,
        2,
        2,
        1,
        3
      ],
      "uv": [
        3,
        2045,
        1998,
        2045,
        3,
        164,
        1998,
        164
      ],
      "nuv": [
        0.00146484375,
        0.080078125,
        0.9755859375,
        0.080078125,
        0.00146484375,
        0.99853515625,
        0.9755859375,
        0.99853515625
      ],
      "minPos": {
        "x": -997.5,
        "y": -940.5,
        "z": 0
      },
      "maxPos": {
        "x": 997.5,
        "y": 940.5,
        "z": 0
      }
    },
    "texture": "d96a2e68-f698-4ce4-a986-e992105cf3e4@6c48a",
    "packable": true,
    "pixelsToUnit": 100,
    "pivot": {
      "x": 0.5,
      "y": 0.5
    },
    "meshType": 0
  }
}