{
  "__type__": "cc.SpriteFrame",
  "content": {
    "name": "slot-on",
    "atlas": "",
    "rect": {
      "x": 14,
      "y": 4,
      "width": 50,
      "height": 19
    },
    "offset": {
      "x": -1,
      "y": -1.5
    },
    "originalSize": {
      "width": 80,
      "height": 24
    },
    "rotated": false,
    "capInsets": [
      0,
      0,
      0,
      0
    ],
    "vertices": {
      "rawPosition": [
        -25,
        -9.5,
        0,
        25,
        -9.5,
        0,
        -25,
        9.5,
        0,
        25,
        9.5,
        0
      ],
      "indexes": [
        0,
        1,
        2,
        2,
        1,
        3
      ],
      "uv": [
        14,
        20,
        64,
        20,
        14,
        1,
        64,
        1
      ],
      "nuv": [
        0.175,
        0.041666666666666664,
        0.8,
        0.041666666666666664,
        0.175,
        0.8333333333333334,
        0.8,
        0.8333333333333334
      ],
      "minPos": {
        "x": -25,
        "y": -9.5,
        "z": 0
      },
      "maxPos": {
        "x": 25,
        "y": 9.5,
        "z": 0
      }
    },
    "texture": "d9877914-697c-4d59-a9ae-90e9a03ac834@6c48a",
    "packable": true,
    "pixelsToUnit": 100,
    "pivot": {
      "x": 0.5,
      "y": 0.5
    },
    "meshType": 0
  }
}