{
  "__type__": "cc.SpriteFrame",
  "content": {
    "name": "17",
    "atlas": "",
    "rect": {
      "x": 280,
      "y": 355,
      "width": 804,
      "height": 187
    },
    "offset": {
      "x": 42,
      "y": -88.5
    },
    "originalSize": {
      "width": 1280,
      "height": 720
    },
    "rotated": false,
    "capInsets": [
      0,
      0,
      0,
      0
    ],
    "vertices": {
      "rawPosition": [
        -402,
        -93.5,
        0,
        402,
        -93.5,
        0,
        -402,
        93.5,
        0,
        402,
        93.5,
        0
      ],
      "indexes": [
        0,
        1,
        2,
        2,
        1,
        3
      ],
      "uv": [
        280,
        365,
        1084,
        365,
        280,
        178,
        1084,
        178
      ],
      "nuv": [
        0.21875,
        0.24722222222222223,
        0.846875,
        0.24722222222222223,
        0.21875,
        0.5069444444444444,
        0.846875,
        0.5069444444444444
      ],
      "minPos": {
        "x": -402,
        "y": -93.5,
        "z": 0
      },
      "maxPos": {
        "x": 402,
        "y": 93.5,
        "z": 0
      }
    },
    "texture": "d9a1a3a0-4d2c-4f5c-9e3a-b6bd696bf676@6c48a",
    "packable": true,
    "pixelsToUnit": 100,
    "pivot": {
      "x": 0.5,
      "y": 0.5
    },
    "meshType": 0
  }
}