{
  "__type__": "cc.SpriteFrame",
  "content": {
    "name": "fish_icon_ankangyu",
    "atlas": "",
    "rect": {
      "x": 1,
      "y": 10,
      "width": 87,
      "height": 50
    },
    "offset": {
      "x": 0.5,
      "y": 0
    },
    "originalSize": {
      "width": 88,
      "height": 70
    },
    "rotated": false,
    "capInsets": [
      0,
      0,
      0,
      0
    ],
    "vertices": {
      "rawPosition": [
        -43.5,
        -25,
        0,
        43.5,
        -25,
        0,
        -43.5,
        25,
        0,
        43.5,
        25,
        0
      ],
      "indexes": [
        0,
        1,
        2,
        2,
        1,
        3
      ],
      "uv": [
        1,
        60,
        88,
        60,
        1,
        10,
        88,
        10
      ],
      "nuv": [
        0.011363636363636364,
        0.14285714285714285,
        1,
        0.14285714285714285,
        0.011363636363636364,
        0.8571428571428571,
        1,
        0.8571428571428571
      ],
      "minPos": {
        "x": -43.5,
        "y": -25,
        "z": 0
      },
      "maxPos": {
        "x": 43.5,
        "y": 25,
        "z": 0
      }
    },
    "texture": "d9a33b2d-17eb-49a5-892f-f5409423a09c@6c48a",
    "packable": true,
    "pixelsToUnit": 100,
    "pivot": {
      "x": 0.5,
      "y": 0.5
    },
    "meshType": 0
  }
}