{
  "__type__": "cc.SpriteFrame",
  "content": {
    "name": "cowboy maincharacter",
    "atlas": "",
    "rect": {
      "x": 3,
      "y": 37,
      "width": 1015,
      "height": 979
    },
    "offset": {
      "x": -1.5,
      "y": -14.5
    },
    "originalSize": {
      "width": 1024,
      "height": 1024
    },
    "rotated": false,
    "capInsets": [
      0,
      0,
      0,
      0
    ],
    "vertices": {
      "rawPosition": [
        -507.5,
        -489.5,
        0,
        507.5,
        -489.5,
        0,
        -507.5,
        489.5,
        0,
        507.5,
        489.5,
        0
      ],
      "indexes": [
        0,
        1,
        2,
        2,
        1,
        3
      ],
      "uv": [
        3,
        987,
        1018,
        987,
        3,
        8,
        1018,
        8
      ],
      "nuv": [
        0.0029296875,
        0.0078125,
        0.994140625,
        0.0078125,
        0.0029296875,
        0.9638671875,
        0.994140625,
        0.9638671875
      ],
      "minPos": {
        "x": -507.5,
        "y": -489.5,
        "z": 0
      },
      "maxPos": {
        "x": 507.5,
        "y": 489.5,
        "z": 0
      }
    },
    "texture": "d9e11772-4680-4ede-aa08-b277901910c1@6c48a",
    "packable": true,
    "pixelsToUnit": 100,
    "pivot": {
      "x": 0.5,
      "y": 0.5
    },
    "meshType": 0
  }
}