{
  "__type__": "cc.SpriteFrame",
  "content": {
    "name": "bachkim",
    "atlas": "",
    "rect": {
      "x": 2,
      "y": 3,
      "width": 394,
      "height": 500
    },
    "offset": {
      "x": -57,
      "y": 3
    },
    "originalSize": {
      "width": 512,
      "height": 512
    },
    "rotated": false,
    "capInsets": [
      0,
      0,
      0,
      0
    ],
    "vertices": {
      "rawPosition": [
        -197,
        -250,
        0,
        197,
        -250,
        0,
        -197,
        250,
        0,
        197,
        250,
        0
      ],
      "indexes": [
        0,
        1,
        2,
        2,
        1,
        3
      ],
      "uv": [
        2,
        509,
        396,
        509,
        2,
        9,
        396,
        9
      ],
      "nuv": [
        0.00390625,
        0.017578125,
        0.7734375,
        0.017578125,
        0.00390625,
        0.994140625,
        0.7734375,
        0.994140625
      ],
      "minPos": {
        "x": -197,
        "y": -250,
        "z": 0
      },
      "maxPos": {
        "x": 197,
        "y": 250,
        "z": 0
      }
    },
    "texture": "dd24a062-69fd-47da-8eed-6ad37a0b2d4a@6c48a",
    "packable": true,
    "pixelsToUnit": 100,
    "pivot": {
      "x": 0.5,
      "y": 0.5
    },
    "meshType": 0
  }
}