{
  "__type__": "cc.SpriteFrame",
  "content": {
    "name": "sp_sukien_bg",
    "atlas": "",
    "rect": {
      "x": 1,
      "y": 1,
      "width": 754,
      "height": 191
    },
    "offset": {
      "x": -0.5,
      "y": 0
    },
    "originalSize": {
      "width": 757,
      "height": 193
    },
    "rotated": false,
    "capInsets": [
      0,
      0,
      0,
      0
    ],
    "vertices": {
      "rawPosition": [
        -377,
        -95.5,
        0,
        377,
        -95.5,
        0,
        -377,
        95.5,
        0,
        377,
        95.5,
        0
      ],
      "indexes": [
        0,
        1,
        2,
        2,
        1,
        3
      ],
      "uv": [
        1,
        192,
        755,
        192,
        1,
        1,
        755,
        1
      ],
      "nuv": [
        0.001321003963011889,
        0.0051813471502590676,
        0.9973579920739762,
        0.0051813471502590676,
        0.001321003963011889,
        0.9948186528497409,
        0.9973579920739762,
        0.9948186528497409
      ],
      "minPos": {
        "x": -377,
        "y": -95.5,
        "z": 0
      },
      "maxPos": {
        "x": 377,
        "y": 95.5,
        "z": 0
      }
    },
    "texture": "dd49ca63-d460-43c6-be58-138cad4f5bb2@6c48a",
    "packable": true,
    "pixelsToUnit": 100,
    "pivot": {
      "x": 0.5,
      "y": 0.5
    },
    "meshType": 0
  }
}