{
  "__type__": "cc.SpriteFrame",
  "content": {
    "name": "NoHu-JackPot-2",
    "atlas": "",
    "rect": {
      "x": 1,
      "y": 2,
      "width": 4090,
      "height": 4071
    },
    "offset": {
      "x": -2,
      "y": 10.5
    },
    "originalSize": {
      "width": 4096,
      "height": 4096
    },
    "rotated": false,
    "capInsets": [
      0,
      0,
      0,
      0
    ],
    "vertices": {
      "rawPosition": [
        -2045,
        -2035.5,
        0,
        2045,
        -2035.5,
        0,
        -2045,
        2035.5,
        0,
        2045,
        2035.5,
        0
      ],
      "indexes": [
        0,
        1,
        2,
        2,
        1,
        3
      ],
      "uv": [
        1,
        4094,
        4091,
        4094,
        1,
        23,
        4091,
        23
      ],
      "nuv": [
        0.000244140625,
        0.005615234375,
        0.998779296875,
        0.005615234375,
        0.000244140625,
        0.99951171875,
        0.998779296875,
        0.99951171875
      ],
      "minPos": {
        "x": -2045,
        "y": -2035.5,
        "z": 0
      },
      "maxPos": {
        "x": 2045,
        "y": 2035.5,
        "z": 0
      }
    },
    "texture": "291089d3-4daa-4095-ad16-a05b1122a82f@6c48a",
    "packable": true,
    "pixelsToUnit": 100,
    "pivot": {
      "x": 0.5,
      "y": 0.5
    },
    "meshType": 0
  }
}