{
  "__type__": "cc.SpriteFrame",
  "content": {
    "name": "fish_game_btn_jian",
    "atlas": "",
    "rect": {
      "x": 0,
      "y": 1,
      "width": 63,
      "height": 43
    },
    "offset": {
      "x": -0.5,
      "y": -0.5
    },
    "originalSize": {
      "width": 64,
      "height": 44
    },
    "rotated": false,
    "capInsets": [
      0,
      0,
      0,
      0
    ],
    "vertices": {
      "rawPosition": [
        -31.5,
        -21.5,
        0,
        31.5,
        -21.5,
        0,
        -31.5,
        21.5,
        0,
        31.5,
        21.5,
        0
      ],
      "indexes": [
        0,
        1,
        2,
        2,
        1,
        3
      ],
      "uv": [
        0,
        43,
        63,
        43,
        0,
        0,
        63,
        0
      ],
      "nuv": [
        0,
        0,
        0.984375,
        0,
        0,
        0.9772727272727273,
        0.984375,
        0.9772727272727273
      ],
      "minPos": {
        "x": -31.5,
        "y": -21.5,
        "z": 0
      },
      "maxPos": {
        "x": 31.5,
        "y": 21.5,
        "z": 0
      }
    },
    "texture": "29fb20be-2cba-45f3-86f6-d48732483094@6c48a",
    "packable": true,
    "pixelsToUnit": 100,
    "pivot": {
      "x": 0.5,
      "y": 0.5
    },
    "meshType": 0
  }
}