{
  "__type__": "cc.SpriteFrame",
  "content": {
    "name": "shenhaifufengwang_shadow_tex",
    "atlas": "",
    "rect": {
      "x": 1,
      "y": 1,
      "width": 908,
      "height": 947
    },
    "offset": {
      "x": -57,
      "y": 37.5
    },
    "originalSize": {
      "width": 1024,
      "height": 1024
    },
    "rotated": false,
    "capInsets": [
      0,
      0,
      0,
      0
    ],
    "vertices": {
      "rawPosition": [
        -454,
        -473.5,
        0,
        454,
        -473.5,
        0,
        -454,
        473.5,
        0,
        454,
        473.5,
        0
      ],
      "indexes": [
        0,
        1,
        2,
        2,
        1,
        3
      ],
      "uv": [
        1,
        1023,
        909,
        1023,
        1,
        76,
        909,
        76
      ],
      "nuv": [
        0.0009765625,
        0.07421875,
        0.8876953125,
        0.07421875,
        0.0009765625,
        0.9990234375,
        0.8876953125,
        0.9990234375
      ],
      "minPos": {
        "x": -454,
        "y": -473.5,
        "z": 0
      },
      "maxPos": {
        "x": 454,
        "y": 473.5,
        "z": 0
      }
    },
    "texture": "8416f97a-dd66-4b67-8e35-81547b8dd15f@6c48a",
    "packable": true,
    "pixelsToUnit": 100,
    "pivot": {
      "x": 0.5,
      "y": 0.5
    },
    "meshType": 0
  }
}