{
  "__type__": "cc.SpriteFrame",
  "content": {
    "name": "btn_close",
    "atlas": "",
    "rect": {
      "x": 1,
      "y": 1,
      "width": 90,
      "height": 89
    },
    "offset": {
      "x": 0,
      "y": 0
    },
    "originalSize": {
      "width": 92,
      "height": 91
    },
    "rotated": false,
    "capInsets": [
      0,
      0,
      0,
      0
    ],
    "vertices": {
      "rawPosition": [
        -45,
        -44.5,
        0,
        45,
        -44.5,
        0,
        -45,
        44.5,
        0,
        45,
        44.5,
        0
      ],
      "indexes": [
        0,
        1,
        2,
        2,
        1,
        3
      ],
      "uv": [
        1,
        90,
        91,
        90,
        1,
        1,
        91,
        1
      ],
      "nuv": [
        0.010869565217391304,
        0.01098901098901099,
        0.9891304347826086,
        0.01098901098901099,
        0.010869565217391304,
        0.989010989010989,
        0.9891304347826086,
        0.989010989010989
      ],
      "minPos": {
        "x": -45,
        "y": -44.5,
        "z": 0
      },
      "maxPos": {
        "x": 45,
        "y": 44.5,
        "z": 0
      }
    },
    "texture": "84420c0a-70fe-40b2-b223-333201b8b67c@6c48a",
    "packable": true,
    "pixelsToUnit": 100,
    "pivot": {
      "x": 0.5,
      "y": 0.5
    },
    "meshType": 0
  }
}