{
  "__type__": "cc.SpriteFrame",
  "content": {
    "name": "fish_icon_douxia",
    "atlas": "",
    "rect": {
      "x": 10,
      "y": 3,
      "width": 66,
      "height": 67
    },
    "offset": {
      "x": -1,
      "y": -1.5
    },
    "originalSize": {
      "width": 88,
      "height": 70
    },
    "rotated": false,
    "capInsets": [
      0,
      0,
      0,
      0
    ],
    "vertices": {
      "rawPosition": [
        -33,
        -33.5,
        0,
        33,
        -33.5,
        0,
        -33,
        33.5,
        0,
        33,
        33.5,
        0
      ],
      "indexes": [
        0,
        1,
        2,
        2,
        1,
        3
      ],
      "uv": [
        10,
        67,
        76,
        67,
        10,
        0,
        76,
        0
      ],
      "nuv": [
        0.11363636363636363,
        0,
        0.8636363636363636,
        0,
        0.11363636363636363,
        0.9571428571428572,
        0.8636363636363636,
        0.9571428571428572
      ],
      "minPos": {
        "x": -33,
        "y": -33.5,
        "z": 0
      },
      "maxPos": {
        "x": 33,
        "y": 33.5,
        "z": 0
      }
    },
    "texture": "9d05b53c-0447-4e53-a85f-c55a96bfd977@6c48a",
    "packable": true,
    "pixelsToUnit": 100,
    "pivot": {
      "x": 0.5,
      "y": 0.5
    },
    "meshType": 0
  }
}