{
  "__type__": "cc.SpriteFrame",
  "content": {
    "name": "15",
    "atlas": "",
    "rect": {
      "x": 281,
      "y": 352,
      "width": 817,
      "height": 186
    },
    "offset": {
      "x": 49.5,
      "y": -85
    },
    "originalSize": {
      "width": 1280,
      "height": 720
    },
    "rotated": false,
    "capInsets": [
      0,
      0,
      0,
      0
    ],
    "vertices": {
      "rawPosition": [
        -408.5,
        -93,
        0,
        408.5,
        -93,
        0,
        -408.5,
        93,
        0,
        408.5,
        93,
        0
      ],
      "indexes": [
        0,
        1,
        2,
        2,
        1,
        3
      ],
      "uv": [
        281,
        368,
        1098,
        368,
        281,
        182,
        1098,
        182
      ],
      "nuv": [
        0.21953125,
        0.25277777777777777,
        0.8578125,
        0.25277777777777777,
        0.21953125,
        0.5111111111111111,
        0.8578125,
        0.5111111111111111
      ],
      "minPos": {
        "x": -408.5,
        "y": -93,
        "z": 0
      },
      "maxPos": {
        "x": 408.5,
        "y": 93,
        "z": 0
      }
    },
    "texture": "9d650ebe-5e3a-4c6e-a42e-61b104e3db79@6c48a",
    "packable": true,
    "pixelsToUnit": 100,
    "pivot": {
      "x": 0.5,
      "y": 0.5
    },
    "meshType": 0
  }
}