{
  "__type__": "cc.SpriteFrame",
  "content": {
    "name": "fish_icon_meirenyu2",
    "atlas": "",
    "rect": {
      "x": 0,
      "y": 2,
      "width": 94,
      "height": 83
    },
    "offset": {
      "x": 0,
      "y": 3.5
    },
    "originalSize": {
      "width": 94,
      "height": 94
    },
    "rotated": false,
    "capInsets": [
      0,
      0,
      0,
      0
    ],
    "vertices": {
      "rawPosition": [
        -47,
        -41.5,
        0,
        47,
        -41.5,
        0,
        -47,
        41.5,
        0,
        47,
        41.5,
        0
      ],
      "indexes": [
        0,
        1,
        2,
        2,
        1,
        3
      ],
      "uv": [
        0,
        92,
        94,
        92,
        0,
        9,
        94,
        9
      ],
      "nuv": [
        0,
        0.09574468085106383,
        1,
        0.09574468085106383,
        0,
        0.9787234042553191,
        1,
        0.9787234042553191
      ],
      "minPos": {
        "x": -47,
        "y": -41.5,
        "z": 0
      },
      "maxPos": {
        "x": 47,
        "y": 41.5,
        "z": 0
      }
    },
    "texture": "9dd2f124-707d-44ec-b744-31a002db786c@6c48a",
    "packable": true,
    "pixelsToUnit": 100,
    "pivot": {
      "x": 0.5,
      "y": 0.5
    },
    "meshType": 0
  }
}