{
  "__type__": "cc.SpriteFrame",
  "content": {
    "name": "douxia_tex",
    "atlas": "",
    "rect": {
      "x": 1,
      "y": 1,
      "width": 207,
      "height": 492
    },
    "offset": {
      "x": -23.5,
      "y": 9
    },
    "originalSize": {
      "width": 256,
      "height": 512
    },
    "rotated": false,
    "capInsets": [
      0,
      0,
      0,
      0
    ],
    "vertices": {
      "rawPosition": [
        -103.5,
        -246,
        0,
        103.5,
        -246,
        0,
        -103.5,
        246,
        0,
        103.5,
        246,
        0
      ],
      "indexes": [
        0,
        1,
        2,
        2,
        1,
        3
      ],
      "uv": [
        1,
        511,
        208,
        511,
        1,
        19,
        208,
        19
      ],
      "nuv": [
        0.00390625,
        0.037109375,
        0.8125,
        0.037109375,
        0.00390625,
        0.998046875,
        0.8125,
        0.998046875
      ],
      "minPos": {
        "x": -103.5,
        "y": -246,
        "z": 0
      },
      "maxPos": {
        "x": 103.5,
        "y": 246,
        "z": 0
      }
    },
    "texture": "db125fd5-7b46-41a9-bc31-64c5940a8842@6c48a",
    "packable": true,
    "pixelsToUnit": 100,
    "pivot": {
      "x": 0.5,
      "y": 0.5
    },
    "meshType": 0
  }
}