{
  "__type__": "cc.SpriteFrame",
  "content": {
    "name": "hetun_shadow_tex",
    "atlas": "",
    "rect": {
      "x": 1,
      "y": 1,
      "width": 181,
      "height": 432
    },
    "offset": {
      "x": -36.5,
      "y": 39
    },
    "originalSize": {
      "width": 256,
      "height": 512
    },
    "rotated": false,
    "capInsets": [
      0,
      0,
      0,
      0
    ],
    "vertices": {
      "rawPosition": [
        -90.5,
        -216,
        0,
        90.5,
        -216,
        0,
        -90.5,
        216,
        0,
        90.5,
        216,
        0
      ],
      "indexes": [
        0,
        1,
        2,
        2,
        1,
        3
      ],
      "uv": [
        1,
        511,
        182,
        511,
        1,
        79,
        182,
        79
      ],
      "nuv": [
        0.00390625,
        0.154296875,
        0.7109375,
        0.154296875,
        0.00390625,
        0.998046875,
        0.7109375,
        0.998046875
      ],
      "minPos": {
        "x": -90.5,
        "y": -216,
        "z": 0
      },
      "maxPos": {
        "x": 90.5,
        "y": 216,
        "z": 0
      }
    },
    "texture": "db17ed62-be7e-45de-971b-39e8e11a5687@6c48a",
    "packable": true,
    "pixelsToUnit": 100,
    "pivot": {
      "x": 0.5,
      "y": 0.5
    },
    "meshType": 0
  }
}