{
  "__type__": "cc.SpriteFrame",
  "content": {
    "name": "skeleton",
    "atlas": "",
    "rect": {
      "x": 2,
      "y": 2,
      "width": 1106,
      "height": 497
    },
    "offset": {
      "x": -469,
      "y": 5.5
    },
    "originalSize": {
      "width": 2048,
      "height": 512
    },
    "rotated": false,
    "capInsets": [
      0,
      0,
      0,
      0
    ],
    "vertices": {
      "rawPosition": [
        -553,
        -248.5,
        0,
        553,
        -248.5,
        0,
        -553,
        248.5,
        0,
        553,
        248.5,
        0
      ],
      "indexes": [
        0,
        1,
        2,
        2,
        1,
        3
      ],
      "uv": [
        2,
        510,
        1108,
        510,
        2,
        13,
        1108,
        13
      ],
      "nuv": [
        0.0009765625,
        0.025390625,
        0.541015625,
        0.025390625,
        0.0009765625,
        0.99609375,
        0.541015625,
        0.99609375
      ],
      "minPos": {
        "x": -553,
        "y": -248.5,
        "z": 0
      },
      "maxPos": {
        "x": 553,
        "y": 248.5,
        "z": 0
      }
    },
    "texture": "dbeb19ea-743b-44b8-8997-fc6e2e41f778@6c48a",
    "packable": true,
    "pixelsToUnit": 100,
    "pivot": {
      "x": 0.5,
      "y": 0.5
    },
    "meshType": 0
  }
}