{
  "__type__": "cc.SpriteFrame",
  "content": {
    "name": "sexy",
    "atlas": "",
    "rect": {
      "x": 2,
      "y": 2,
      "width": 4092,
      "height": 1020
    },
    "offset": {
      "x": 0,
      "y": 0
    },
    "originalSize": {
      "width": 4096,
      "height": 1024
    },
    "rotated": false,
    "capInsets": [
      0,
      0,
      0,
      0
    ],
    "vertices": {
      "rawPosition": [
        -2046,
        -510,
        0,
        2046,
        -510,
        0,
        -2046,
        510,
        0,
        2046,
        510,
        0
      ],
      "indexes": [
        0,
        1,
        2,
        2,
        1,
        3
      ],
      "uv": [
        2,
        1022,
        4094,
        1022,
        2,
        2,
        4094,
        2
      ],
      "nuv": [
        0.00048828125,
        0.001953125,
        0.99951171875,
        0.001953125,
        0.00048828125,
        0.998046875,
        0.99951171875,
        0.998046875
      ],
      "minPos": {
        "x": -2046,
        "y": -510,
        "z": 0
      },
      "maxPos": {
        "x": 2046,
        "y": 510,
        "z": 0
      }
    },
    "texture": "c5855e98-f33b-490e-a585-0f81cbb96f93@6c48a",
    "packable": true,
    "pixelsToUnit": 100,
    "pivot": {
      "x": 0.5,
      "y": 0.5
    },
    "meshType": 0
  }
}