{
  "__type__": "cc.SpriteFrame",
  "content": {
    "name": "OTO_ANIM",
    "atlas": "",
    "rect": {
      "x": 3,
      "y": 3,
      "width": 735,
      "height": 219
    },
    "offset": {
      "x": -141.5,
      "y": 15.5
    },
    "originalSize": {
      "width": 1024,
      "height": 256
    },
    "rotated": false,
    "capInsets": [
      0,
      0,
      0,
      0
    ],
    "vertices": {
      "rawPosition": [
        -367.5,
        -109.5,
        0,
        367.5,
        -109.5,
        0,
        -367.5,
        109.5,
        0,
        367.5,
        109.5,
        0
      ],
      "indexes": [
        0,
        1,
        2,
        2,
        1,
        3
      ],
      "uv": [
        3,
        253,
        738,
        253,
        3,
        34,
        738,
        34
      ],
      "nuv": [
        0.0029296875,
        0.1328125,
        0.720703125,
        0.1328125,
        0.0029296875,
        0.98828125,
        0.720703125,
        0.98828125
      ],
      "minPos": {
        "x": -367.5,
        "y": -109.5,
        "z": 0
      },
      "maxPos": {
        "x": 367.5,
        "y": 109.5,
        "z": 0
      }
    },
    "texture": "c5b71263-0ca1-4143-b046-3e28f46060ba@6c48a",
    "packable": true,
    "pixelsToUnit": 100,
    "pivot": {
      "x": 0.5,
      "y": 0.5
    },
    "meshType": 0
  }
}