{
  "__type__": "cc.SpriteFrame",
  "content": {
    "name": "21",
    "atlas": "",
    "rect": {
      "x": 22,
      "y": 52,
      "width": 758,
      "height": 391
    },
    "offset": {
      "x": -25.5,
      "y": -20.5
    },
    "originalSize": {
      "width": 853,
      "height": 454
    },
    "rotated": false,
    "capInsets": [
      0,
      0,
      0,
      0
    ],
    "vertices": {
      "rawPosition": [
        -379,
        -195.5,
        0,
        379,
        -195.5,
        0,
        -379,
        195.5,
        0,
        379,
        195.5,
        0
      ],
      "indexes": [
        0,
        1,
        2,
        2,
        1,
        3
      ],
      "uv": [
        22,
        402,
        780,
        402,
        22,
        11,
        780,
        11
      ],
      "nuv": [
        0.02579132473622509,
        0.024229074889867842,
        0.9144196951934349,
        0.024229074889867842,
        0.02579132473622509,
        0.8854625550660793,
        0.9144196951934349,
        0.8854625550660793
      ],
      "minPos": {
        "x": -379,
        "y": -195.5,
        "z": 0
      },
      "maxPos": {
        "x": 379,
        "y": 195.5,
        "z": 0
      }
    },
    "texture": "deaa00ab-d6fd-4155-8000-92abba83126e@6c48a",
    "packable": true,
    "pixelsToUnit": 100,
    "pivot": {
      "x": 0.5,
      "y": 0.5
    },
    "meshType": 0
  }
}