{
  "__type__": "cc.SpriteFrame",
  "content": {
    "name": "5",
    "atlas": "",
    "rect": {
      "x": 183,
      "y": 285,
      "width": 803,
      "height": 250
    },
    "offset": {
      "x": -55.5,
      "y": -50
    },
    "originalSize": {
      "width": 1280,
      "height": 720
    },
    "rotated": false,
    "capInsets": [
      0,
      0,
      0,
      0
    ],
    "vertices": {
      "rawPosition": [
        -401.5,
        -125,
        0,
        401.5,
        -125,
        0,
        -401.5,
        125,
        0,
        401.5,
        125,
        0
      ],
      "indexes": [
        0,
        1,
        2,
        2,
        1,
        3
      ],
      "uv": [
        183,
        435,
        986,
        435,
        183,
        185,
        986,
        185
      ],
      "nuv": [
        0.14296875,
        0.2569444444444444,
        0.7703125,
        0.2569444444444444,
        0.14296875,
        0.6041666666666666,
        0.7703125,
        0.6041666666666666
      ],
      "minPos": {
        "x": -401.5,
        "y": -125,
        "z": 0
      },
      "maxPos": {
        "x": 401.5,
        "y": 125,
        "z": 0
      }
    },
    "texture": "6ede1e17-637e-4d34-8c18-d0f52d2b2ed2@6c48a",
    "packable": true,
    "pixelsToUnit": 100,
    "pivot": {
      "x": 0.5,
      "y": 0.5
    },
    "meshType": 0
  }
}