{
  "__type__": "cc.SpriteFrame",
  "content": {
    "name": "Icon-MiniGame",
    "atlas": "",
    "rect": {
      "x": 3,
      "y": 3,
      "width": 349,
      "height": 122
    },
    "offset": {
      "x": -78.5,
      "y": 0
    },
    "originalSize": {
      "width": 512,
      "height": 128
    },
    "rotated": false,
    "capInsets": [
      0,
      0,
      0,
      0
    ],
    "vertices": {
      "rawPosition": [
        -174.5,
        -61,
        0,
        174.5,
        -61,
        0,
        -174.5,
        61,
        0,
        174.5,
        61,
        0
      ],
      "indexes": [
        0,
        1,
        2,
        2,
        1,
        3
      ],
      "uv": [
        3,
        125,
        352,
        125,
        3,
        3,
        352,
        3
      ],
      "nuv": [
        0.005859375,
        0.0234375,
        0.6875,
        0.0234375,
        0.005859375,
        0.9765625,
        0.6875,
        0.9765625
      ],
      "minPos": {
        "x": -174.5,
        "y": -61,
        "z": 0
      },
      "maxPos": {
        "x": 174.5,
        "y": 61,
        "z": 0
      }
    },
    "texture": "8c7c3173-b91a-48d8-925e-65262fc98ea4@6c48a",
    "packable": true,
    "pixelsToUnit": 100,
    "pivot": {
      "x": 0.5,
      "y": 0.5
    },
    "meshType": 0
  }
}