{
  "__type__": "cc.SpriteFrame",
  "content": {
    "name": "fish_icon_ankangwang",
    "atlas": "",
    "rect": {
      "x": 0,
      "y": 2,
      "width": 87,
      "height": 66
    },
    "offset": {
      "x": -0.5,
      "y": 0
    },
    "originalSize": {
      "width": 88,
      "height": 70
    },
    "rotated": false,
    "capInsets": [
      0,
      0,
      0,
      0
    ],
    "vertices": {
      "rawPosition": [
        -43.5,
        -33,
        0,
        43.5,
        -33,
        0,
        -43.5,
        33,
        0,
        43.5,
        33,
        0
      ],
      "indexes": [
        0,
        1,
        2,
        2,
        1,
        3
      ],
      "uv": [
        0,
        68,
        87,
        68,
        0,
        2,
        87,
        2
      ],
      "nuv": [
        0,
        0.02857142857142857,
        0.9886363636363636,
        0.02857142857142857,
        0,
        0.9714285714285714,
        0.9886363636363636,
        0.9714285714285714
      ],
      "minPos": {
        "x": -43.5,
        "y": -33,
        "z": 0
      },
      "maxPos": {
        "x": 43.5,
        "y": 33,
        "z": 0
      }
    },
    "texture": "8cb60f8e-3452-4849-9ee2-ea26e3db05ce@6c48a",
    "packable": true,
    "pixelsToUnit": 100,
    "pivot": {
      "x": 0.5,
      "y": 0.5
    },
    "meshType": 0
  }
}