{
  "__type__": "cc.SpriteFrame",
  "content": {
    "name": "slot",
    "atlas": "",
    "rect": {
      "x": 15,
      "y": 5,
      "width": 48,
      "height": 14
    },
    "offset": {
      "x": -1,
      "y": 0
    },
    "originalSize": {
      "width": 80,
      "height": 24
    },
    "rotated": false,
    "capInsets": [
      0,
      0,
      0,
      0
    ],
    "vertices": {
      "rawPosition": [
        -24,
        -7,
        0,
        24,
        -7,
        0,
        -24,
        7,
        0,
        24,
        7,
        0
      ],
      "indexes": [
        0,
        1,
        2,
        2,
        1,
        3
      ],
      "uv": [
        15,
        19,
        63,
        19,
        15,
        5,
        63,
        5
      ],
      "nuv": [
        0.1875,
        0.20833333333333334,
        0.7875,
        0.20833333333333334,
        0.1875,
        0.7916666666666666,
        0.7875,
        0.7916666666666666
      ],
      "minPos": {
        "x": -24,
        "y": -7,
        "z": 0
      },
      "maxPos": {
        "x": 24,
        "y": 7,
        "z": 0
      }
    },
    "texture": "8ccbc6c3-a237-414b-8047-cf4ee0f14110@6c48a",
    "packable": true,
    "pixelsToUnit": 100,
    "pivot": {
      "x": 0.5,
      "y": 0.5
    },
    "meshType": 0
  }
}