{
  "__type__": "cc.SpriteFrame",
  "content": {
    "name": "font-2-export",
    "atlas": "",
    "rect": {
      "x": 0,
      "y": 0,
      "width": 379,
      "height": 241
    },
    "offset": {
      "x": -66.5,
      "y": 7.5
    },
    "originalSize": {
      "width": 512,
      "height": 256
    },
    "rotated": false,
    "capInsets": [
      0,
      0,
      0,
      0
    ],
    "vertices": {
      "rawPosition": [
        -189.5,
        -120.5,
        0,
        189.5,
        -120.5,
        0,
        -189.5,
        120.5,
        0,
        189.5,
        120.5,
        0
      ],
      "indexes": [
        0,
        1,
        2,
        2,
        1,
        3
      ],
      "uv": [
        0,
        256,
        379,
        256,
        0,
        15,
        379,
        15
      ],
      "nuv": [
        0,
        0.05859375,
        0.740234375,
        0.05859375,
        0,
        1,
        0.740234375,
        1
      ],
      "minPos": {
        "x": -189.5,
        "y": -120.5,
        "z": 0
      },
      "maxPos": {
        "x": 189.5,
        "y": 120.5,
        "z": 0
      }
    },
    "texture": "8ce0e4ae-133d-4e88-a6c3-59354cf3a335@6c48a",
    "packable": true,
    "pixelsToUnit": 100,
    "pivot": {
      "x": 0.5,
      "y": 0.5
    },
    "meshType": 0
  }
}