{
  "__type__": "cc.SpriteFrame",
  "content": {
    "name": "line01",
    "atlas": "",
    "rect": {
      "x": 183,
      "y": 175,
      "width": 1035,
      "height": 315
    },
    "offset": {
      "x": 60.5,
      "y": 27.5
    },
    "originalSize": {
      "width": 1280,
      "height": 720
    },
    "rotated": false,
    "capInsets": [
      0,
      0,
      0,
      0
    ],
    "vertices": {
      "rawPosition": [
        -517.5,
        -157.5,
        0,
        517.5,
        -157.5,
        0,
        -517.5,
        157.5,
        0,
        517.5,
        157.5,
        0
      ],
      "indexes": [
        0,
        1,
        2,
        2,
        1,
        3
      ],
      "uv": [
        183,
        545,
        1218,
        545,
        183,
        230,
        1218,
        230
      ],
      "nuv": [
        0.14296875,
        0.3194444444444444,
        0.9515625,
        0.3194444444444444,
        0.14296875,
        0.7569444444444444,
        0.9515625,
        0.7569444444444444
      ],
      "minPos": {
        "x": -517.5,
        "y": -157.5,
        "z": 0
      },
      "maxPos": {
        "x": 517.5,
        "y": 157.5,
        "z": 0
      }
    },
    "texture": "8cfdb7dd-d300-4fb5-bcc1-b5ab317ac1ae@6c48a",
    "packable": true,
    "pixelsToUnit": 100,
    "pivot": {
      "x": 0.5,
      "y": 0.5
    },
    "meshType": 0
  }
}