{
  "__type__": "cc.SpriteFrame",
  "content": {
    "name": "FontSoluotquay-export",
    "atlas": "",
    "rect": {
      "x": 0,
      "y": 0,
      "width": 389,
      "height": 255
    },
    "offset": {
      "x": -61.5,
      "y": 0.5
    },
    "originalSize": {
      "width": 512,
      "height": 256
    },
    "rotated": false,
    "capInsets": [
      0,
      0,
      0,
      0
    ],
    "vertices": {
      "rawPosition": [
        -194.5,
        -127.5,
        0,
        194.5,
        -127.5,
        0,
        -194.5,
        127.5,
        0,
        194.5,
        127.5,
        0
      ],
      "indexes": [
        0,
        1,
        2,
        2,
        1,
        3
      ],
      "uv": [
        0,
        256,
        389,
        256,
        0,
        1,
        389,
        1
      ],
      "nuv": [
        0,
        0.00390625,
        0.759765625,
        0.00390625,
        0,
        1,
        0.759765625,
        1
      ],
      "minPos": {
        "x": -194.5,
        "y": -127.5,
        "z": 0
      },
      "maxPos": {
        "x": 194.5,
        "y": 127.5,
        "z": 0
      }
    },
    "texture": "090bd1a8-b10c-48ec-95c5-dbeaedb64bcc@6c48a",
    "packable": true,
    "pixelsToUnit": 100,
    "pivot": {
      "x": 0.5,
      "y": 0.5
    },
    "meshType": 0
  }
}