{
  "__type__": "cc.SpriteFrame",
  "content": {
    "name": "QUAYITEM",
    "atlas": "",
    "rect": {
      "x": 2,
      "y": 2,
      "width": 3978,
      "height": 497
    },
    "offset": {
      "x": -57,
      "y": 5.5
    },
    "originalSize": {
      "width": 4096,
      "height": 512
    },
    "rotated": false,
    "capInsets": [
      0,
      0,
      0,
      0
    ],
    "vertices": {
      "rawPosition": [
        -1989,
        -248.5,
        0,
        1989,
        -248.5,
        0,
        -1989,
        248.5,
        0,
        1989,
        248.5,
        0
      ],
      "indexes": [
        0,
        1,
        2,
        2,
        1,
        3
      ],
      "uv": [
        2,
        510,
        3980,
        510,
        2,
        13,
        3980,
        13
      ],
      "nuv": [
        0.00048828125,
        0.025390625,
        0.9716796875,
        0.025390625,
        0.00048828125,
        0.99609375,
        0.9716796875,
        0.99609375
      ],
      "minPos": {
        "x": -1989,
        "y": -248.5,
        "z": 0
      },
      "maxPos": {
        "x": 1989,
        "y": 248.5,
        "z": 0
      }
    },
    "texture": "09469c89-9fef-44e6-85bb-02a1433650b4@6c48a",
    "packable": true,
    "pixelsToUnit": 100,
    "pivot": {
      "x": 0.5,
      "y": 0.5
    },
    "meshType": 0
  }
}