{
  "__type__": "cc.SpriteFrame",
  "content": {
    "name": "font-minigame-export",
    "atlas": "",
    "rect": {
      "x": 0,
      "y": 0,
      "width": 102,
      "height": 110
    },
    "offset": {
      "x": -0.5,
      "y": 0.5
    },
    "originalSize": {
      "width": 103,
      "height": 111
    },
    "rotated": false,
    "capInsets": [
      0,
      0,
      0,
      0
    ],
    "vertices": {
      "rawPosition": [
        -51,
        -55,
        0,
        51,
        -55,
        0,
        -51,
        55,
        0,
        51,
        55,
        0
      ],
      "indexes": [
        0,
        1,
        2,
        2,
        1,
        3
      ],
      "uv": [
        0,
        111,
        102,
        111,
        0,
        1,
        102,
        1
      ],
      "nuv": [
        0,
        0.009009009009009009,
        0.9902912621359223,
        0.009009009009009009,
        0,
        1,
        0.9902912621359223,
        1
      ],
      "minPos": {
        "x": -51,
        "y": -55,
        "z": 0
      },
      "maxPos": {
        "x": 51,
        "y": 55,
        "z": 0
      }
    },
    "texture": "09ccf507-ffca-446a-8414-7eacc2fa44eb@6c48a",
    "packable": true,
    "pixelsToUnit": 100,
    "pivot": {
      "x": 0.5,
      "y": 0.5
    },
    "meshType": 0
  }
}