{
  "__type__": "cc.SpriteFrame",
  "content": {
    "name": "kyby_zidan5-hit_tex",
    "atlas": "",
    "rect": {
      "x": 8,
      "y": 10,
      "width": 1528,
      "height": 1013
    },
    "offset": {
      "x": -252,
      "y": -4.5
    },
    "originalSize": {
      "width": 2048,
      "height": 1024
    },
    "rotated": false,
    "capInsets": [
      0,
      0,
      0,
      0
    ],
    "vertices": {
      "rawPosition": [
        -764,
        -506.5,
        0,
        764,
        -506.5,
        0,
        -764,
        506.5,
        0,
        764,
        506.5,
        0
      ],
      "indexes": [
        0,
        1,
        2,
        2,
        1,
        3
      ],
      "uv": [
        8,
        1014,
        1536,
        1014,
        8,
        1,
        1536,
        1
      ],
      "nuv": [
        0.00390625,
        0.0009765625,
        0.75,
        0.0009765625,
        0.00390625,
        0.990234375,
        0.75,
        0.990234375
      ],
      "minPos": {
        "x": -764,
        "y": -506.5,
        "z": 0
      },
      "maxPos": {
        "x": 764,
        "y": 506.5,
        "z": 0
      }
    },
    "texture": "09f44a9d-e191-4fcb-9fc9-3a6f5cabe090@6c48a",
    "packable": true,
    "pixelsToUnit": 100,
    "pivot": {
      "x": 0.5,
      "y": 0.5
    },
    "meshType": 0
  }
}