{
  "__type__": "cc.SpriteFrame",
  "content": {
    "name": "ThangLon_ani",
    "atlas": "",
    "rect": {
      "x": 3,
      "y": 242,
      "width": 936,
      "height": 699
    },
    "offset": {
      "x": -3,
      "y": -118
    },
    "originalSize": {
      "width": 948,
      "height": 947
    },
    "rotated": false,
    "capInsets": [
      0,
      0,
      0,
      0
    ],
    "vertices": {
      "rawPosition": [
        -468,
        -349.5,
        0,
        468,
        -349.5,
        0,
        -468,
        349.5,
        0,
        468,
        349.5,
        0
      ],
      "indexes": [
        0,
        1,
        2,
        2,
        1,
        3
      ],
      "uv": [
        3,
        705,
        939,
        705,
        3,
        6,
        939,
        6
      ],
      "nuv": [
        0.0031645569620253164,
        0.006335797254487857,
        0.990506329113924,
        0.006335797254487857,
        0.0031645569620253164,
        0.7444561774023232,
        0.990506329113924,
        0.7444561774023232
      ],
      "minPos": {
        "x": -468,
        "y": -349.5,
        "z": 0
      },
      "maxPos": {
        "x": 468,
        "y": 349.5,
        "z": 0
      }
    },
    "texture": "655d77a1-162d-42ee-8bbf-37aaeb665342@6c48a",
    "packable": true,
    "pixelsToUnit": 100,
    "pivot": {
      "x": 0.5,
      "y": 0.5
    },
    "meshType": 0
  }
}