{
  "__type__": "cc.SpriteFrame",
  "content": {
    "name": "DongKim",
    "atlas": "",
    "rect": {
      "x": 2,
      "y": 4,
      "width": 56,
      "height": 56
    },
    "offset": {
      "x": 0,
      "y": -2
    },
    "originalSize": {
      "width": 60,
      "height": 60
    },
    "rotated": false,
    "capInsets": [
      0,
      0,
      0,
      0
    ],
    "vertices": {
      "rawPosition": [
        -28,
        -28,
        0,
        28,
        -28,
        0,
        -28,
        28,
        0,
        28,
        28,
        0
      ],
      "indexes": [
        0,
        1,
        2,
        2,
        1,
        3
      ],
      "uv": [
        2,
        56,
        58,
        56,
        2,
        0,
        58,
        0
      ],
      "nuv": [
        0.03333333333333333,
        0,
        0.9666666666666667,
        0,
        0.03333333333333333,
        0.9333333333333333,
        0.9666666666666667,
        0.9333333333333333
      ],
      "minPos": {
        "x": -28,
        "y": -28,
        "z": 0
      },
      "maxPos": {
        "x": 28,
        "y": 28,
        "z": 0
      }
    },
    "texture": "775383c5-a8c9-4ae8-a161-242f0bb687a3@6c48a",
    "packable": true,
    "pixelsToUnit": 100,
    "pivot": {
      "x": 0.5,
      "y": 0.5
    },
    "meshType": 0
  }
}