{
  "__type__": "cc.SpriteFrame",
  "content": {
    "name": "item_wild1_ani",
    "atlas": "",
    "rect": {
      "x": 1,
      "y": 2,
      "width": 379,
      "height": 378
    },
    "offset": {
      "x": 0,
      "y": -0.5
    },
    "originalSize": {
      "width": 381,
      "height": 381
    },
    "rotated": false,
    "capInsets": [
      0,
      0,
      0,
      0
    ],
    "vertices": {
      "rawPosition": [
        -189.5,
        -189,
        0,
        189.5,
        -189,
        0,
        -189.5,
        189,
        0,
        189.5,
        189,
        0
      ],
      "indexes": [
        0,
        1,
        2,
        2,
        1,
        3
      ],
      "uv": [
        1,
        379,
        380,
        379,
        1,
        1,
        380,
        1
      ],
      "nuv": [
        0.0026246719160104987,
        0.0026246719160104987,
        0.9973753280839895,
        0.0026246719160104987,
        0.0026246719160104987,
        0.994750656167979,
        0.9973753280839895,
        0.994750656167979
      ],
      "minPos": {
        "x": -189.5,
        "y": -189,
        "z": 0
      },
      "maxPos": {
        "x": 189.5,
        "y": 189,
        "z": 0
      }
    },
    "texture": "77ae9658-d4e0-4ca3-8e36-1c79f34cb749@6c48a",
    "packable": true,
    "pixelsToUnit": 100,
    "pivot": {
      "x": 0.5,
      "y": 0.5
    },
    "meshType": 0
  }
}