{
  "__type__": "cc.SpriteFrame",
  "content": {
    "name": "line22",
    "atlas": "",
    "rect": {
      "x": 294,
      "y": 38,
      "width": 986,
      "height": 575
    },
    "offset": {
      "x": 147,
      "y": 34.5
    },
    "originalSize": {
      "width": 1280,
      "height": 720
    },
    "rotated": false,
    "capInsets": [
      0,
      0,
      0,
      0
    ],
    "vertices": {
      "rawPosition": [
        -493,
        -287.5,
        0,
        493,
        -287.5,
        0,
        -493,
        287.5,
        0,
        493,
        287.5,
        0
      ],
      "indexes": [
        0,
        1,
        2,
        2,
        1,
        3
      ],
      "uv": [
        294,
        682,
        1280,
        682,
        294,
        107,
        1280,
        107
      ],
      "nuv": [
        0.2296875,
        0.1486111111111111,
        1,
        0.1486111111111111,
        0.2296875,
        0.9472222222222222,
        1,
        0.9472222222222222
      ],
      "minPos": {
        "x": -493,
        "y": -287.5,
        "z": 0
      },
      "maxPos": {
        "x": 493,
        "y": 287.5,
        "z": 0
      }
    },
    "texture": "77f2886f-1fb4-481e-a56c-8bf36dc9535a@6c48a",
    "packable": true,
    "pixelsToUnit": 100,
    "pivot": {
      "x": 0.5,
      "y": 0.5
    },
    "meshType": 0
  }
}