{
  "__type__": "cc.SpriteFrame",
  "content": {
    "name": "kyby_paotai2_tex",
    "atlas": "",
    "rect": {
      "x": 1,
      "y": 1,
      "width": 267,
      "height": 497
    },
    "offset": {
      "x": -121.5,
      "y": 6.5
    },
    "originalSize": {
      "width": 512,
      "height": 512
    },
    "rotated": false,
    "capInsets": [
      0,
      0,
      0,
      0
    ],
    "vertices": {
      "rawPosition": [
        -133.5,
        -248.5,
        0,
        133.5,
        -248.5,
        0,
        -133.5,
        248.5,
        0,
        133.5,
        248.5,
        0
      ],
      "indexes": [
        0,
        1,
        2,
        2,
        1,
        3
      ],
      "uv": [
        1,
        511,
        268,
        511,
        1,
        14,
        268,
        14
      ],
      "nuv": [
        0.001953125,
        0.02734375,
        0.5234375,
        0.02734375,
        0.001953125,
        0.998046875,
        0.5234375,
        0.998046875
      ],
      "minPos": {
        "x": -133.5,
        "y": -248.5,
        "z": 0
      },
      "maxPos": {
        "x": 133.5,
        "y": 248.5,
        "z": 0
      }
    },
    "texture": "f607e823-1aee-4c61-b80a-bd030ebab688@6c48a",
    "packable": true,
    "pixelsToUnit": 100,
    "pivot": {
      "x": 0.5,
      "y": 0.5
    },
    "meshType": 0
  }
}