{
  "__type__": "cc.SpriteFrame",
  "content": {
    "name": "icon_07",
    "atlas": "",
    "rect": {
      "x": 17,
      "y": 6,
      "width": 111,
      "height": 135
    },
    "offset": {
      "x": -1.5,
      "y": 1.5
    },
    "originalSize": {
      "width": 148,
      "height": 150
    },
    "rotated": false,
    "capInsets": [
      0,
      0,
      0,
      0
    ],
    "vertices": {
      "rawPosition": [
        -55.5,
        -67.5,
        0,
        55.5,
        -67.5,
        0,
        -55.5,
        67.5,
        0,
        55.5,
        67.5,
        0
      ],
      "indexes": [
        0,
        1,
        2,
        2,
        1,
        3
      ],
      "uv": [
        17,
        144,
        128,
        144,
        17,
        9,
        128,
        9
      ],
      "nuv": [
        0.11486486486486487,
        0.06,
        0.8648648648648649,
        0.06,
        0.11486486486486487,
        0.96,
        0.8648648648648649,
        0.96
      ],
      "minPos": {
        "x": -55.5,
        "y": -67.5,
        "z": 0
      },
      "maxPos": {
        "x": 55.5,
        "y": 67.5,
        "z": 0
      }
    },
    "texture": "f62b90e0-1299-432f-855a-fbfb0f8e8852@6c48a",
    "packable": true,
    "pixelsToUnit": 100,
    "pivot": {
      "x": 0.5,
      "y": 0.5
    },
    "meshType": 0
  }
}