{
  "__type__": "cc.SpriteFrame",
  "content": {
    "name": "20",
    "atlas": "",
    "rect": {
      "x": 278,
      "y": 137,
      "width": 814,
      "height": 461
    },
    "offset": {
      "x": 45,
      "y": -7.5
    },
    "originalSize": {
      "width": 1280,
      "height": 720
    },
    "rotated": false,
    "capInsets": [
      0,
      0,
      0,
      0
    ],
    "vertices": {
      "rawPosition": [
        -407,
        -230.5,
        0,
        407,
        -230.5,
        0,
        -407,
        230.5,
        0,
        407,
        230.5,
        0
      ],
      "indexes": [
        0,
        1,
        2,
        2,
        1,
        3
      ],
      "uv": [
        278,
        583,
        1092,
        583,
        278,
        122,
        1092,
        122
      ],
      "nuv": [
        0.2171875,
        0.16944444444444445,
        0.853125,
        0.16944444444444445,
        0.2171875,
        0.8097222222222222,
        0.853125,
        0.8097222222222222
      ],
      "minPos": {
        "x": -407,
        "y": -230.5,
        "z": 0
      },
      "maxPos": {
        "x": 407,
        "y": 230.5,
        "z": 0
      }
    },
    "texture": "f64a57a6-dc9c-4169-ae26-d2a754be7d53@6c48a",
    "packable": true,
    "pixelsToUnit": 100,
    "pivot": {
      "x": 0.5,
      "y": 0.5
    },
    "meshType": 0
  }
}