{
  "__type__": "cc.SpriteFrame",
  "content": {
    "name": "bank",
    "atlas": "",
    "rect": {
      "x": 0,
      "y": 2,
      "width": 168,
      "height": 98
    },
    "offset": {
      "x": -3,
      "y": -1
    },
    "originalSize": {
      "width": 174,
      "height": 100
    },
    "rotated": false,
    "capInsets": [
      0,
      0,
      0,
      0
    ],
    "vertices": {
      "rawPosition": [
        -84,
        -49,
        0,
        84,
        -49,
        0,
        -84,
        49,
        0,
        84,
        49,
        0
      ],
      "indexes": [
        0,
        1,
        2,
        2,
        1,
        3
      ],
      "uv": [
        0,
        98,
        168,
        98,
        0,
        0,
        168,
        0
      ],
      "nuv": [
        0,
        0,
        0.9655172413793104,
        0,
        0,
        0.98,
        0.9655172413793104,
        0.98
      ],
      "minPos": {
        "x": -84,
        "y": -49,
        "z": 0
      },
      "maxPos": {
        "x": 84,
        "y": 49,
        "z": 0
      }
    },
    "texture": "f6834356-c030-41e4-8951-42f1ac30056b@6c48a",
    "packable": true,
    "pixelsToUnit": 100,
    "pivot": {
      "x": 0.5,
      "y": 0.5
    },
    "meshType": 0
  }
}