{
  "__type__": "cc.SpriteFrame",
  "content": {
    "name": "BG-popup",
    "atlas": "",
    "rect": {
      "x": 2,
      "y": 2,
      "width": 1080,
      "height": 674
    },
    "offset": {
      "x": 0.5,
      "y": -0.5
    },
    "originalSize": {
      "width": 1083,
      "height": 677
    },
    "rotated": false,
    "capInsets": [
      0,
      0,
      0,
      0
    ],
    "vertices": {
      "rawPosition": [
        -540,
        -337,
        0,
        540,
        -337,
        0,
        -540,
        337,
        0,
        540,
        337,
        0
      ],
      "indexes": [
        0,
        1,
        2,
        2,
        1,
        3
      ],
      "uv": [
        2,
        675,
        1082,
        675,
        2,
        1,
        1082,
        1
      ],
      "nuv": [
        0.0018467220683287165,
        0.0014771048744460858,
        0.9990766389658357,
        0.0014771048744460858,
        0.0018467220683287165,
        0.9970457902511078,
        0.9990766389658357,
        0.9970457902511078
      ],
      "minPos": {
        "x": -540,
        "y": -337,
        "z": 0
      },
      "maxPos": {
        "x": 540,
        "y": 337,
        "z": 0
      }
    },
    "texture": "f6a487e8-fe3c-4720-a6cb-2f1324b8daea@6c48a",
    "packable": true,
    "pixelsToUnit": 100,
    "pivot": {
      "x": 0.5,
      "y": 0.5
    },
    "meshType": 0
  }
}