{
  "__type__": "cc.SpriteFrame",
  "content": {
    "name": "gamebai",
    "atlas": "",
    "rect": {
      "x": 7,
      "y": 4,
      "width": 90,
      "height": 15
    },
    "offset": {
      "x": -1.5,
      "y": 0.5
    },
    "originalSize": {
      "width": 107,
      "height": 24
    },
    "rotated": false,
    "capInsets": [
      0,
      0,
      0,
      0
    ],
    "vertices": {
      "rawPosition": [
        -45,
        -7.5,
        0,
        45,
        -7.5,
        0,
        -45,
        7.5,
        0,
        45,
        7.5,
        0
      ],
      "indexes": [
        0,
        1,
        2,
        2,
        1,
        3
      ],
      "uv": [
        7,
        20,
        97,
        20,
        7,
        5,
        97,
        5
      ],
      "nuv": [
        0.06542056074766354,
        0.20833333333333334,
        0.9065420560747663,
        0.20833333333333334,
        0.06542056074766354,
        0.8333333333333334,
        0.9065420560747663,
        0.8333333333333334
      ],
      "minPos": {
        "x": -45,
        "y": -7.5,
        "z": 0
      },
      "maxPos": {
        "x": 45,
        "y": 7.5,
        "z": 0
      }
    },
    "texture": "f6b7771e-3b2e-4ea3-9d64-1c0afde066bb@6c48a",
    "packable": true,
    "pixelsToUnit": 100,
    "pivot": {
      "x": 0.5,
      "y": 0.5
    },
    "meshType": 0
  }
}