{
  "__type__": "cc.SpriteFrame",
  "content": {
    "name": "font_title",
    "atlas": "",
    "rect": {
      "x": 0,
      "y": 0,
      "width": 398,
      "height": 1023
    },
    "offset": {
      "x": -57,
      "y": 0.5
    },
    "originalSize": {
      "width": 512,
      "height": 1024
    },
    "rotated": false,
    "capInsets": [
      0,
      0,
      0,
      0
    ],
    "vertices": {
      "rawPosition": [
        -199,
        -511.5,
        0,
        199,
        -511.5,
        0,
        -199,
        511.5,
        0,
        199,
        511.5,
        0
      ],
      "indexes": [
        0,
        1,
        2,
        2,
        1,
        3
      ],
      "uv": [
        0,
        1024,
        398,
        1024,
        0,
        1,
        398,
        1
      ],
      "nuv": [
        0,
        0.0009765625,
        0.77734375,
        0.0009765625,
        0,
        1,
        0.77734375,
        1
      ],
      "minPos": {
        "x": -199,
        "y": -511.5,
        "z": 0
      },
      "maxPos": {
        "x": 199,
        "y": 511.5,
        "z": 0
      }
    },
    "texture": "f6ffb5db-999c-4c0f-ad9c-1c7ec1ef7cec@6c48a",
    "packable": true,
    "pixelsToUnit": 100,
    "pivot": {
      "x": 0.5,
      "y": 0.5
    },
    "meshType": 0
  }
}