{
  "__type__": "cc.SpriteFrame",
  "content": {
    "name": "win",
    "atlas": "",
    "rect": {
      "x": 0,
      "y": 1,
      "width": 537,
      "height": 193
    },
    "offset": {
      "x": 0,
      "y": -0.5
    },
    "originalSize": {
      "width": 537,
      "height": 194
    },
    "rotated": false,
    "capInsets": [
      0,
      0,
      0,
      0
    ],
    "vertices": {
      "rawPosition": [
        -268.5,
        -96.5,
        0,
        268.5,
        -96.5,
        0,
        -268.5,
        96.5,
        0,
        268.5,
        96.5,
        0
      ],
      "indexes": [
        0,
        1,
        2,
        2,
        1,
        3
      ],
      "uv": [
        0,
        193,
        537,
        193,
        0,
        0,
        537,
        0
      ],
      "nuv": [
        0,
        0,
        1,
        0,
        0,
        0.9948453608247423,
        1,
        0.9948453608247423
      ],
      "minPos": {
        "x": -268.5,
        "y": -96.5,
        "z": 0
      },
      "maxPos": {
        "x": 268.5,
        "y": 96.5,
        "z": 0
      }
    },
    "texture": "50be19cc-2250-48ef-83ba-2eeb722deba8@6c48a",
    "packable": true,
    "pixelsToUnit": 100,
    "pivot": {
      "x": 0.5,
      "y": 0.5
    },
    "meshType": 0
  }
}