{
  "__type__": "cc.SpriteFrame",
  "content": {
    "name": "font_count_down",
    "atlas": "",
    "rect": {
      "x": 0,
      "y": 0,
      "width": 175,
      "height": 207
    },
    "offset": {
      "x": -40.5,
      "y": 24.5
    },
    "originalSize": {
      "width": 256,
      "height": 256
    },
    "rotated": false,
    "capInsets": [
      0,
      0,
      0,
      0
    ],
    "vertices": {
      "rawPosition": [
        -87.5,
        -103.5,
        0,
        87.5,
        -103.5,
        0,
        -87.5,
        103.5,
        0,
        87.5,
        103.5,
        0
      ],
      "indexes": [
        0,
        1,
        2,
        2,
        1,
        3
      ],
      "uv": [
        0,
        256,
        175,
        256,
        0,
        49,
        175,
        49
      ],
      "nuv": [
        0,
        0.19140625,
        0.68359375,
        0.19140625,
        0,
        1,
        0.68359375,
        1
      ],
      "minPos": {
        "x": -87.5,
        "y": -103.5,
        "z": 0
      },
      "maxPos": {
        "x": 87.5,
        "y": 103.5,
        "z": 0
      }
    },
    "texture": "d85a8cca-3660-4ac1-b04a-be649344e4a4@6c48a",
    "packable": true,
    "pixelsToUnit": 100,
    "pivot": {
      "x": 0.5,
      "y": 0.5
    },
    "meshType": 0
  }
}