{
  "__type__": "cc.SpriteFrame",
  "content": {
    "name": "14",
    "atlas": "",
    "rect": {
      "x": 4,
      "y": 19,
      "width": 310,
      "height": 168
    },
    "offset": {
      "x": -7.5,
      "y": 63
    },
    "originalSize": {
      "width": 333,
      "height": 332
    },
    "rotated": false,
    "capInsets": [
      0,
      0,
      0,
      0
    ],
    "vertices": {
      "rawPosition": [
        -155,
        -84,
        0,
        155,
        -84,
        0,
        -155,
        84,
        0,
        155,
        84,
        0
      ],
      "indexes": [
        0,
        1,
        2,
        2,
        1,
        3
      ],
      "uv": [
        4,
        313,
        314,
        313,
        4,
        145,
        314,
        145
      ],
      "nuv": [
        0.012012012012012012,
        0.4367469879518072,
        0.9429429429429429,
        0.4367469879518072,
        0.012012012012012012,
        0.9427710843373494,
        0.9429429429429429,
        0.9427710843373494
      ],
      "minPos": {
        "x": -155,
        "y": -84,
        "z": 0
      },
      "maxPos": {
        "x": 155,
        "y": 84,
        "z": 0
      }
    },
    "texture": "d8632c55-825d-40d1-8e57-7d0b486172fc@6c48a",
    "packable": true,
    "pixelsToUnit": 100,
    "pivot": {
      "x": 0.5,
      "y": 0.5
    },
    "meshType": 0
  }
}