{
  "__type__": "cc.SpriteFrame",
  "content": {
    "name": "hbby_shuimu_shadow_tex",
    "atlas": "",
    "rect": {
      "x": 1,
      "y": 1,
      "width": 296,
      "height": 224
    },
    "offset": {
      "x": -107,
      "y": 15
    },
    "originalSize": {
      "width": 512,
      "height": 256
    },
    "rotated": false,
    "capInsets": [
      0,
      0,
      0,
      0
    ],
    "vertices": {
      "rawPosition": [
        -148,
        -112,
        0,
        148,
        -112,
        0,
        -148,
        112,
        0,
        148,
        112,
        0
      ],
      "indexes": [
        0,
        1,
        2,
        2,
        1,
        3
      ],
      "uv": [
        1,
        255,
        297,
        255,
        1,
        31,
        297,
        31
      ],
      "nuv": [
        0.001953125,
        0.12109375,
        0.580078125,
        0.12109375,
        0.001953125,
        0.99609375,
        0.580078125,
        0.99609375
      ],
      "minPos": {
        "x": -148,
        "y": -112,
        "z": 0
      },
      "maxPos": {
        "x": 148,
        "y": 112,
        "z": 0
      }
    },
    "texture": "d87e63d5-44c8-4672-bf93-9609f60f5a84@6c48a",
    "packable": true,
    "pixelsToUnit": 100,
    "pivot": {
      "x": 0.5,
      "y": 0.5
    },
    "meshType": 0
  }
}