{
  "__type__": "cc.SpriteFrame",
  "content": {
    "name": "gamehall_effect_touch_tex",
    "atlas": "",
    "rect": {
      "x": 1,
      "y": 1,
      "width": 389,
      "height": 283
    },
    "offset": {
      "x": -61,
      "y": 19.5
    },
    "originalSize": {
      "width": 513,
      "height": 324
    },
    "rotated": false,
    "capInsets": [
      0,
      0,
      0,
      0
    ],
    "vertices": {
      "rawPosition": [
        -194.5,
        -141.5,
        0,
        194.5,
        -141.5,
        0,
        -194.5,
        141.5,
        0,
        194.5,
        141.5,
        0
      ],
      "indexes": [
        0,
        1,
        2,
        2,
        1,
        3
      ],
      "uv": [
        1,
        323,
        390,
        323,
        1,
        40,
        390,
        40
      ],
      "nuv": [
        0.001949317738791423,
        0.12345679012345678,
        0.7602339181286549,
        0.12345679012345678,
        0.001949317738791423,
        0.9969135802469136,
        0.7602339181286549,
        0.9969135802469136
      ],
      "minPos": {
        "x": -194.5,
        "y": -141.5,
        "z": 0
      },
      "maxPos": {
        "x": 194.5,
        "y": 141.5,
        "z": 0
      }
    },
    "texture": "d88ee991-dca8-4062-b65b-57faed999ee3@6c48a",
    "packable": true,
    "pixelsToUnit": 100,
    "pivot": {
      "x": 0.5,
      "y": 0.5
    },
    "meshType": 0
  }
}