{
  "__type__": "cc.SpriteFrame",
  "content": {
    "name": "bieudoden",
    "atlas": "",
    "rect": {
      "x": 2,
      "y": 2,
      "width": 26,
      "height": 26
    },
    "offset": {
      "x": 0,
      "y": 0
    },
    "originalSize": {
      "width": 30,
      "height": 30
    },
    "rotated": false,
    "capInsets": [
      0,
      0,
      0,
      0
    ],
    "vertices": {
      "rawPosition": [
        -13,
        -13,
        0,
        13,
        -13,
        0,
        -13,
        13,
        0,
        13,
        13,
        0
      ],
      "indexes": [
        0,
        1,
        2,
        2,
        1,
        3
      ],
      "uv": [
        2,
        28,
        28,
        28,
        2,
        2,
        28,
        2
      ],
      "nuv": [
        0.06666666666666667,
        0.06666666666666667,
        0.9333333333333333,
        0.06666666666666667,
        0.06666666666666667,
        0.9333333333333333,
        0.9333333333333333,
        0.9333333333333333
      ],
      "minPos": {
        "x": -13,
        "y": -13,
        "z": 0
      },
      "maxPos": {
        "x": 13,
        "y": 13,
        "z": 0
      }
    },
    "texture": "d8ffcdb0-6410-46ed-abaf-8ce746393b13@6c48a",
    "packable": true,
    "pixelsToUnit": 100,
    "pivot": {
      "x": 0.5,
      "y": 0.5
    },
    "meshType": 0
  }
}