{
  "__type__": "cc.SpriteFrame",
  "content": {
    "name": "8",
    "atlas": "",
    "rect": {
      "x": 23,
      "y": 18,
      "width": 290,
      "height": 295
    },
    "offset": {
      "x": 1.5,
      "y": 0.5
    },
    "originalSize": {
      "width": 333,
      "height": 332
    },
    "rotated": false,
    "capInsets": [
      0,
      0,
      0,
      0
    ],
    "vertices": {
      "rawPosition": [
        -145,
        -147.5,
        0,
        145,
        -147.5,
        0,
        -145,
        147.5,
        0,
        145,
        147.5,
        0
      ],
      "indexes": [
        0,
        1,
        2,
        2,
        1,
        3
      ],
      "uv": [
        23,
        314,
        313,
        314,
        23,
        19,
        313,
        19
      ],
      "nuv": [
        0.06906906906906907,
        0.0572289156626506,
        0.93993993993994,
        0.0572289156626506,
        0.06906906906906907,
        0.9457831325301205,
        0.93993993993994,
        0.9457831325301205
      ],
      "minPos": {
        "x": -145,
        "y": -147.5,
        "z": 0
      },
      "maxPos": {
        "x": 145,
        "y": 147.5,
        "z": 0
      }
    },
    "texture": "72271fde-6b93-47f6-beac-9edb89dc3ba1@6c48a",
    "packable": true,
    "pixelsToUnit": 100,
    "pivot": {
      "x": 0.5,
      "y": 0.5
    },
    "meshType": 0
  }
}