{
  "__type__": "cc.SpriteFrame",
  "content": {
    "name": "History",
    "atlas": "",
    "rect": {
      "x": 0,
      "y": 0,
      "width": 123,
      "height": 82
    },
    "offset": {
      "x": 0,
      "y": 0.5
    },
    "originalSize": {
      "width": 123,
      "height": 83
    },
    "rotated": false,
    "capInsets": [
      0,
      0,
      0,
      0
    ],
    "vertices": {
      "rawPosition": [
        -61.5,
        -41,
        0,
        61.5,
        -41,
        0,
        -61.5,
        41,
        0,
        61.5,
        41,
        0
      ],
      "indexes": [
        0,
        1,
        2,
        2,
        1,
        3
      ],
      "uv": [
        0,
        83,
        123,
        83,
        0,
        1,
        123,
        1
      ],
      "nuv": [
        0,
        0.012048192771084338,
        1,
        0.012048192771084338,
        0,
        1,
        1,
        1
      ],
      "minPos": {
        "x": -61.5,
        "y": -41,
        "z": 0
      },
      "maxPos": {
        "x": 61.5,
        "y": 41,
        "z": 0
      }
    },
    "texture": "72628971-0f0e-427f-866d-39d10db88301@6c48a",
    "packable": true,
    "pixelsToUnit": 100,
    "pivot": {
      "x": 0.5,
      "y": 0.5
    },
    "meshType": 0
  }
}