{
  "__type__": "cc.SpriteFrame",
  "content": {
    "name": "1 (32)",
    "atlas": "",
    "rect": {
      "x": 1,
      "y": 0,
      "width": 264,
      "height": 400
    },
    "offset": {
      "x": 0.5,
      "y": 0
    },
    "originalSize": {
      "width": 265,
      "height": 400
    },
    "rotated": false,
    "capInsets": [
      0,
      0,
      0,
      0
    ],
    "vertices": {
      "rawPosition": [
        -132,
        -200,
        0,
        132,
        -200,
        0,
        -132,
        200,
        0,
        132,
        200,
        0
      ],
      "indexes": [
        0,
        1,
        2,
        2,
        1,
        3
      ],
      "uv": [
        1,
        400,
        265,
        400,
        1,
        0,
        265,
        0
      ],
      "nuv": [
        0.0037735849056603774,
        0,
        1,
        0,
        0.0037735849056603774,
        1,
        1,
        1
      ],
      "minPos": {
        "x": -132,
        "y": -200,
        "z": 0
      },
      "maxPos": {
        "x": 132,
        "y": 200,
        "z": 0
      }
    },
    "texture": "72b6fd3b-9c31-46f2-ab61-fcdf09c36b18@6c48a",
    "packable": true,
    "pixelsToUnit": 100,
    "pivot": {
      "x": 0.5,
      "y": 0.5
    },
    "meshType": 0
  }
}