{
  "__type__": "cc.SpriteFrame",
  "content": {
    "name": "mini-3cay",
    "atlas": "",
    "rect": {
      "x": 0,
      "y": 0,
      "width": 865,
      "height": 1535
    },
    "offset": {
      "x": -3,
      "y": 0.5
    },
    "originalSize": {
      "width": 871,
      "height": 1536
    },
    "rotated": false,
    "capInsets": [
      0,
      0,
      0,
      0
    ],
    "vertices": {
      "rawPosition": [
        -432.5,
        -767.5,
        0,
        432.5,
        -767.5,
        0,
        -432.5,
        767.5,
        0,
        432.5,
        767.5,
        0
      ],
      "indexes": [
        0,
        1,
        2,
        2,
        1,
        3
      ],
      "uv": [
        0,
        1536,
        865,
        1536,
        0,
        1,
        865,
        1
      ],
      "nuv": [
        0,
        0.0006510416666666666,
        0.9931113662456946,
        0.0006510416666666666,
        0,
        1,
        0.9931113662456946,
        1
      ],
      "minPos": {
        "x": -432.5,
        "y": -767.5,
        "z": 0
      },
      "maxPos": {
        "x": 432.5,
        "y": 767.5,
        "z": 0
      }
    },
    "texture": "3374afdb-f37e-495e-aeec-4608731e8938@6c48a",
    "packable": true,
    "pixelsToUnit": 100,
    "pivot": {
      "x": 0.5,
      "y": 0.5
    },
    "meshType": 0
  }
}