{
  "__type__": "cc.SpriteFrame",
  "content": {
    "name": "18",
    "atlas": "",
    "rect": {
      "x": 278,
      "y": 165,
      "width": 829,
      "height": 303
    },
    "offset": {
      "x": 52.5,
      "y": 43.5
    },
    "originalSize": {
      "width": 1280,
      "height": 720
    },
    "rotated": false,
    "capInsets": [
      0,
      0,
      0,
      0
    ],
    "vertices": {
      "rawPosition": [
        -414.5,
        -151.5,
        0,
        414.5,
        -151.5,
        0,
        -414.5,
        151.5,
        0,
        414.5,
        151.5,
        0
      ],
      "indexes": [
        0,
        1,
        2,
        2,
        1,
        3
      ],
      "uv": [
        278,
        555,
        1107,
        555,
        278,
        252,
        1107,
        252
      ],
      "nuv": [
        0.2171875,
        0.35,
        0.86484375,
        0.35,
        0.2171875,
        0.7708333333333334,
        0.86484375,
        0.7708333333333334
      ],
      "minPos": {
        "x": -414.5,
        "y": -151.5,
        "z": 0
      },
      "maxPos": {
        "x": 414.5,
        "y": 151.5,
        "z": 0
      }
    },
    "texture": "33da20e2-7a0c-4eec-9659-7938a4bfaee6@6c48a",
    "packable": true,
    "pixelsToUnit": 100,
    "pivot": {
      "x": 0.5,
      "y": 0.5
    },
    "meshType": 0
  }
}