{
  "__type__": "cc.SpriteFrame",
  "content": {
    "name": "font_chu_do",
    "atlas": "",
    "rect": {
      "x": 0,
      "y": 0,
      "width": 274,
      "height": 255
    },
    "offset": {
      "x": -119,
      "y": 0.5
    },
    "originalSize": {
      "width": 512,
      "height": 256
    },
    "rotated": false,
    "capInsets": [
      0,
      0,
      0,
      0
    ],
    "vertices": {
      "rawPosition": [
        -137,
        -127.5,
        0,
        137,
        -127.5,
        0,
        -137,
        127.5,
        0,
        137,
        127.5,
        0
      ],
      "indexes": [
        0,
        1,
        2,
        2,
        1,
        3
      ],
      "uv": [
        0,
        256,
        274,
        256,
        0,
        1,
        274,
        1
      ],
      "nuv": [
        0,
        0.00390625,
        0.53515625,
        0.00390625,
        0,
        1,
        0.53515625,
        1
      ],
      "minPos": {
        "x": -137,
        "y": -127.5,
        "z": 0
      },
      "maxPos": {
        "x": 137,
        "y": 127.5,
        "z": 0
      }
    },
    "texture": "550d02c8-1c13-4bd2-8b3a-c3c6acef8096@6c48a",
    "packable": true,
    "pixelsToUnit": 100,
    "pivot": {
      "x": 0.5,
      "y": 0.5
    },
    "meshType": 0
  }
}