{
  "__type__": "cc.SpriteFrame",
  "content": {
    "name": "baucua_scode",
    "atlas": "",
    "rect": {
      "x": 0,
      "y": 0,
      "width": 818,
      "height": 727
    },
    "offset": {
      "x": -1,
      "y": 1
    },
    "originalSize": {
      "width": 820,
      "height": 729
    },
    "rotated": false,
    "capInsets": [
      0,
      0,
      0,
      0
    ],
    "vertices": {
      "rawPosition": [
        -409,
        -363.5,
        0,
        409,
        -363.5,
        0,
        -409,
        363.5,
        0,
        409,
        363.5,
        0
      ],
      "indexes": [
        0,
        1,
        2,
        2,
        1,
        3
      ],
      "uv": [
        0,
        729,
        818,
        729,
        0,
        2,
        818,
        2
      ],
      "nuv": [
        0,
        0.0027434842249657062,
        0.9975609756097561,
        0.0027434842249657062,
        0,
        1,
        0.9975609756097561,
        1
      ],
      "minPos": {
        "x": -409,
        "y": -363.5,
        "z": 0
      },
      "maxPos": {
        "x": 409,
        "y": 363.5,
        "z": 0
      }
    },
    "texture": "5584bfdd-302c-4aa1-b68f-7a9177ff7ee5@6c48a",
    "packable": true,
    "pixelsToUnit": 100,
    "pivot": {
      "x": 0.5,
      "y": 0.5
    },
    "meshType": 0
  }
}