{
  "__type__": "cc.SpriteFrame",
  "content": {
    "name": "item_bonus_ani",
    "atlas": "",
    "rect": {
      "x": 1,
      "y": 6,
      "width": 172,
      "height": 167
    },
    "offset": {
      "x": -0.5,
      "y": -2.5
    },
    "originalSize": {
      "width": 175,
      "height": 174
    },
    "rotated": false,
    "capInsets": [
      0,
      0,
      0,
      0
    ],
    "vertices": {
      "rawPosition": [
        -86,
        -83.5,
        0,
        86,
        -83.5,
        0,
        -86,
        83.5,
        0,
        86,
        83.5,
        0
      ],
      "indexes": [
        0,
        1,
        2,
        2,
        1,
        3
      ],
      "uv": [
        1,
        168,
        173,
        168,
        1,
        1,
        173,
        1
      ],
      "nuv": [
        0.005714285714285714,
        0.005747126436781609,
        0.9885714285714285,
        0.005747126436781609,
        0.005714285714285714,
        0.9655172413793104,
        0.9885714285714285,
        0.9655172413793104
      ],
      "minPos": {
        "x": -86,
        "y": -83.5,
        "z": 0
      },
      "maxPos": {
        "x": 86,
        "y": 83.5,
        "z": 0
      }
    },
    "texture": "4135a08a-36f4-4531-8e15-ed2632dd581f@6c48a",
    "packable": true,
    "pixelsToUnit": 100,
    "pivot": {
      "x": 0.5,
      "y": 0.5
    },
    "meshType": 0
  }
}