{
  "__type__": "cc.SpriteFrame",
  "content": {
    "name": "17",
    "atlas": "",
    "rect": {
      "x": 22,
      "y": 142,
      "width": 311,
      "height": 168
    },
    "offset": {
      "x": 11,
      "y": -60
    },
    "originalSize": {
      "width": 333,
      "height": 332
    },
    "rotated": false,
    "capInsets": [
      0,
      0,
      0,
      0
    ],
    "vertices": {
      "rawPosition": [
        -155.5,
        -84,
        0,
        155.5,
        -84,
        0,
        -155.5,
        84,
        0,
        155.5,
        84,
        0
      ],
      "indexes": [
        0,
        1,
        2,
        2,
        1,
        3
      ],
      "uv": [
        22,
        190,
        333,
        190,
        22,
        22,
        333,
        22
      ],
      "nuv": [
        0.06606606606606606,
        0.06626506024096386,
        1,
        0.06626506024096386,
        0.06606606606606606,
        0.572289156626506,
        1,
        0.572289156626506
      ],
      "minPos": {
        "x": -155.5,
        "y": -84,
        "z": 0
      },
      "maxPos": {
        "x": 155.5,
        "y": 84,
        "z": 0
      }
    },
    "texture": "1e1e7d4a-bf66-4b7d-a30b-1a25df8fe181@6c48a",
    "packable": true,
    "pixelsToUnit": 100,
    "pivot": {
      "x": 0.5,
      "y": 0.5
    },
    "meshType": 0
  }
}