{
  "__type__": "cc.SpriteFrame",
  "content": {
    "name": "NoHu_ani2",
    "atlas": "",
    "rect": {
      "x": 1,
      "y": 2,
      "width": 662,
      "height": 659
    },
    "offset": {
      "x": -3.5,
      "y": 4
    },
    "originalSize": {
      "width": 671,
      "height": 671
    },
    "rotated": false,
    "capInsets": [
      0,
      0,
      0,
      0
    ],
    "vertices": {
      "rawPosition": [
        -331,
        -329.5,
        0,
        331,
        -329.5,
        0,
        -331,
        329.5,
        0,
        331,
        329.5,
        0
      ],
      "indexes": [
        0,
        1,
        2,
        2,
        1,
        3
      ],
      "uv": [
        1,
        669,
        663,
        669,
        1,
        10,
        663,
        10
      ],
      "nuv": [
        0.0014903129657228018,
        0.014903129657228018,
        0.9880774962742176,
        0.014903129657228018,
        0.0014903129657228018,
        0.9970193740685543,
        0.9880774962742176,
        0.9970193740685543
      ],
      "minPos": {
        "x": -331,
        "y": -329.5,
        "z": 0
      },
      "maxPos": {
        "x": 331,
        "y": 329.5,
        "z": 0
      }
    },
    "texture": "1e4e3d3b-ebd0-473b-8778-9a0c62af2cfe@6c48a",
    "packable": true,
    "pixelsToUnit": 100,
    "pivot": {
      "x": 0.5,
      "y": 0.5
    },
    "meshType": 0
  }
}