{
  "__type__": "cc.SpriteFrame",
  "content": {
    "name": "3",
    "atlas": "",
    "rect": {
      "x": 2,
      "y": 250,
      "width": 330,
      "height": 51
    },
    "offset": {
      "x": 0.5,
      "y": -109.5
    },
    "originalSize": {
      "width": 333,
      "height": 332
    },
    "rotated": false,
    "capInsets": [
      0,
      0,
      0,
      0
    ],
    "vertices": {
      "rawPosition": [
        -165,
        -25.5,
        0,
        165,
        -25.5,
        0,
        -165,
        25.5,
        0,
        165,
        25.5,
        0
      ],
      "indexes": [
        0,
        1,
        2,
        2,
        1,
        3
      ],
      "uv": [
        2,
        82,
        332,
        82,
        2,
        31,
        332,
        31
      ],
      "nuv": [
        0.006006006006006006,
        0.09337349397590361,
        0.996996996996997,
        0.09337349397590361,
        0.006006006006006006,
        0.2469879518072289,
        0.996996996996997,
        0.2469879518072289
      ],
      "minPos": {
        "x": -165,
        "y": -25.5,
        "z": 0
      },
      "maxPos": {
        "x": 165,
        "y": 25.5,
        "z": 0
      }
    },
    "texture": "1e6301bf-7270-4f5a-bd8e-d3d057745523@6c48a",
    "packable": true,
    "pixelsToUnit": 100,
    "pivot": {
      "x": 0.5,
      "y": 0.5
    },
    "meshType": 0
  }
}