{
  "__type__": "cc.SpriteFrame",
  "content": {
    "name": "9",
    "atlas": "",
    "rect": {
      "x": 199,
      "y": 184,
      "width": 823,
      "height": 423
    },
    "offset": {
      "x": -29.5,
      "y": -35.5
    },
    "originalSize": {
      "width": 1280,
      "height": 720
    },
    "rotated": false,
    "capInsets": [
      0,
      0,
      0,
      0
    ],
    "vertices": {
      "rawPosition": [
        -411.5,
        -211.5,
        0,
        411.5,
        -211.5,
        0,
        -411.5,
        211.5,
        0,
        411.5,
        211.5,
        0
      ],
      "indexes": [
        0,
        1,
        2,
        2,
        1,
        3
      ],
      "uv": [
        199,
        536,
        1022,
        536,
        199,
        113,
        1022,
        113
      ],
      "nuv": [
        0.15546875,
        0.15694444444444444,
        0.7984375,
        0.15694444444444444,
        0.15546875,
        0.7444444444444445,
        0.7984375,
        0.7444444444444445
      ],
      "minPos": {
        "x": -411.5,
        "y": -211.5,
        "z": 0
      },
      "maxPos": {
        "x": 411.5,
        "y": 211.5,
        "z": 0
      }
    },
    "texture": "1e8ef329-a0ec-4440-a156-d7392f46bd84@6c48a",
    "packable": true,
    "pixelsToUnit": 100,
    "pivot": {
      "x": 0.5,
      "y": 0.5
    },
    "meshType": 0
  }
}