{
  "__type__": "cc.SpriteFrame",
  "content": {
    "name": "item_jackpot_ani",
    "atlas": "",
    "rect": {
      "x": 1,
      "y": 27,
      "width": 192,
      "height": 165
    },
    "offset": {
      "x": 0,
      "y": -13
    },
    "originalSize": {
      "width": 194,
      "height": 193
    },
    "rotated": false,
    "capInsets": [
      0,
      0,
      0,
      0
    ],
    "vertices": {
      "rawPosition": [
        -96,
        -82.5,
        0,
        96,
        -82.5,
        0,
        -96,
        82.5,
        0,
        96,
        82.5,
        0
      ],
      "indexes": [
        0,
        1,
        2,
        2,
        1,
        3
      ],
      "uv": [
        1,
        166,
        193,
        166,
        1,
        1,
        193,
        1
      ],
      "nuv": [
        0.005154639175257732,
        0.0051813471502590676,
        0.9948453608247423,
        0.0051813471502590676,
        0.005154639175257732,
        0.8601036269430051,
        0.9948453608247423,
        0.8601036269430051
      ],
      "minPos": {
        "x": -96,
        "y": -82.5,
        "z": 0
      },
      "maxPos": {
        "x": 96,
        "y": 82.5,
        "z": 0
      }
    },
    "texture": "1ea0efc7-e41b-446e-8a87-a4be9277405f@6c48a",
    "packable": true,
    "pixelsToUnit": 100,
    "pivot": {
      "x": 0.5,
      "y": 0.5
    },
    "meshType": 0
  }
}