{
  "__type__": "cc.SpriteFrame",
  "content": {
    "name": "BATGR",
    "atlas": "",
    "rect": {
      "x": 1,
      "y": 1,
      "width": 477,
      "height": 611
    },
    "offset": {
      "x": -16.5,
      "y": 205.5
    },
    "originalSize": {
      "width": 512,
      "height": 1024
    },
    "rotated": false,
    "capInsets": [
      0,
      0,
      0,
      0
    ],
    "vertices": {
      "rawPosition": [
        -238.5,
        -305.5,
        0,
        238.5,
        -305.5,
        0,
        -238.5,
        305.5,
        0,
        238.5,
        305.5,
        0
      ],
      "indexes": [
        0,
        1,
        2,
        2,
        1,
        3
      ],
      "uv": [
        1,
        1023,
        478,
        1023,
        1,
        412,
        478,
        412
      ],
      "nuv": [
        0.001953125,
        0.40234375,
        0.93359375,
        0.40234375,
        0.001953125,
        0.9990234375,
        0.93359375,
        0.9990234375
      ],
      "minPos": {
        "x": -238.5,
        "y": -305.5,
        "z": 0
      },
      "maxPos": {
        "x": 238.5,
        "y": 305.5,
        "z": 0
      }
    },
    "texture": "1eb43457-cb1c-4bc3-afae-fb750225851c@6c48a",
    "packable": true,
    "pixelsToUnit": 100,
    "pivot": {
      "x": 0.5,
      "y": 0.5
    },
    "meshType": 0
  }
}