{
  "__type__": "cc.SpriteFrame",
  "content": {
    "name": "sprite_he",
    "atlas": "",
    "rect": {
      "x": 0,
      "y": 0,
      "width": 37,
      "height": 37
    },
    "offset": {
      "x": -0.5,
      "y": 0.5
    },
    "originalSize": {
      "width": 38,
      "height": 38
    },
    "rotated": false,
    "capInsets": [
      0,
      0,
      0,
      0
    ],
    "vertices": {
      "rawPosition": [
        -18.5,
        -18.5,
        0,
        18.5,
        -18.5,
        0,
        -18.5,
        18.5,
        0,
        18.5,
        18.5,
        0
      ],
      "indexes": [
        0,
        1,
        2,
        2,
        1,
        3
      ],
      "uv": [
        0,
        38,
        37,
        38,
        0,
        1,
        37,
        1
      ],
      "nuv": [
        0,
        0.02631578947368421,
        0.9736842105263158,
        0.02631578947368421,
        0,
        1,
        0.9736842105263158,
        1
      ],
      "minPos": {
        "x": -18.5,
        "y": -18.5,
        "z": 0
      },
      "maxPos": {
        "x": 18.5,
        "y": 18.5,
        "z": 0
      }
    },
    "texture": "2e954203-a75f-4cf2-9d0b-5796ab86f21b@6c48a",
    "packable": true,
    "pixelsToUnit": 100,
    "pivot": {
      "x": 0.5,
      "y": 0.5
    },
    "meshType": 0
  }
}