{
  "__type__": "cc.SpriteFrame",
  "content": {
    "name": "btnquay",
    "atlas": "",
    "rect": {
      "x": 2,
      "y": 2,
      "width": 760,
      "height": 180
    },
    "offset": {
      "x": 0,
      "y": 0
    },
    "originalSize": {
      "width": 764,
      "height": 184
    },
    "rotated": false,
    "capInsets": [
      0,
      0,
      0,
      0
    ],
    "vertices": {
      "rawPosition": [
        -380,
        -90,
        0,
        380,
        -90,
        0,
        -380,
        90,
        0,
        380,
        90,
        0
      ],
      "indexes": [
        0,
        1,
        2,
        2,
        1,
        3
      ],
      "uv": [
        2,
        182,
        762,
        182,
        2,
        2,
        762,
        2
      ],
      "nuv": [
        0.002617801047120419,
        0.010869565217391304,
        0.9973821989528796,
        0.010869565217391304,
        0.002617801047120419,
        0.9891304347826086,
        0.9973821989528796,
        0.9891304347826086
      ],
      "minPos": {
        "x": -380,
        "y": -90,
        "z": 0
      },
      "maxPos": {
        "x": 380,
        "y": 90,
        "z": 0
      }
    },
    "texture": "2ee1f21b-3408-4181-a3d1-4c5ce6aade65@6c48a",
    "packable": true,
    "pixelsToUnit": 100,
    "pivot": {
      "x": 0.5,
      "y": 0.5
    },
    "meshType": 0
  }
}