{
  "__type__": "cc.SpriteFrame",
  "content": {
    "name": "skeleton",
    "atlas": "",
    "rect": {
      "x": 2,
      "y": 2,
      "width": 1015,
      "height": 848
    },
    "offset": {
      "x": -2.5,
      "y": 86
    },
    "originalSize": {
      "width": 1024,
      "height": 1024
    },
    "rotated": false,
    "capInsets": [
      0,
      0,
      0,
      0
    ],
    "vertices": {
      "rawPosition": [
        -507.5,
        -424,
        0,
        507.5,
        -424,
        0,
        -507.5,
        424,
        0,
        507.5,
        424,
        0
      ],
      "indexes": [
        0,
        1,
        2,
        2,
        1,
        3
      ],
      "uv": [
        2,
        1022,
        1017,
        1022,
        2,
        174,
        1017,
        174
      ],
      "nuv": [
        0.001953125,
        0.169921875,
        0.9931640625,
        0.169921875,
        0.001953125,
        0.998046875,
        0.9931640625,
        0.998046875
      ],
      "minPos": {
        "x": -507.5,
        "y": -424,
        "z": 0
      },
      "maxPos": {
        "x": 507.5,
        "y": 424,
        "z": 0
      }
    },
    "texture": "2ef91c41-a78e-4632-b0a6-aee675f2f2ee@6c48a",
    "packable": true,
    "pixelsToUnit": 100,
    "pivot": {
      "x": 0.5,
      "y": 0.5
    },
    "meshType": 0
  }
}