{
  "__type__": "cc.SpriteFrame",
  "content": {
    "name": "hudieyu_shadow_tex",
    "atlas": "",
    "rect": {
      "x": 1,
      "y": 1,
      "width": 244,
      "height": 472
    },
    "offset": {
      "x": -5,
      "y": 19
    },
    "originalSize": {
      "width": 256,
      "height": 512
    },
    "rotated": false,
    "capInsets": [
      0,
      0,
      0,
      0
    ],
    "vertices": {
      "rawPosition": [
        -122,
        -236,
        0,
        122,
        -236,
        0,
        -122,
        236,
        0,
        122,
        236,
        0
      ],
      "indexes": [
        0,
        1,
        2,
        2,
        1,
        3
      ],
      "uv": [
        1,
        511,
        245,
        511,
        1,
        39,
        245,
        39
      ],
      "nuv": [
        0.00390625,
        0.076171875,
        0.95703125,
        0.076171875,
        0.00390625,
        0.998046875,
        0.95703125,
        0.998046875
      ],
      "minPos": {
        "x": -122,
        "y": -236,
        "z": 0
      },
      "maxPos": {
        "x": 122,
        "y": 236,
        "z": 0
      }
    },
    "texture": "240a5c14-b9cb-4d37-abb1-3297fbd3de6a@6c48a",
    "packable": true,
    "pixelsToUnit": 100,
    "pivot": {
      "x": 0.5,
      "y": 0.5
    },
    "meshType": 0
  }
}