{
  "__type__": "cc.SpriteFrame",
  "content": {
    "name": "baoxiang_tex",
    "atlas": "",
    "rect": {
      "x": 1,
      "y": 1,
      "width": 673,
      "height": 474
    },
    "offset": {
      "x": -0.5,
      "y": 0.5
    },
    "originalSize": {
      "width": 676,
      "height": 477
    },
    "rotated": false,
    "capInsets": [
      0,
      0,
      0,
      0
    ],
    "vertices": {
      "rawPosition": [
        -336.5,
        -237,
        0,
        336.5,
        -237,
        0,
        -336.5,
        237,
        0,
        336.5,
        237,
        0
      ],
      "indexes": [
        0,
        1,
        2,
        2,
        1,
        3
      ],
      "uv": [
        1,
        476,
        674,
        476,
        1,
        2,
        674,
        2
      ],
      "nuv": [
        0.0014792899408284023,
        0.0041928721174004195,
        0.9970414201183432,
        0.0041928721174004195,
        0.0014792899408284023,
        0.9979035639412998,
        0.9970414201183432,
        0.9979035639412998
      ],
      "minPos": {
        "x": -336.5,
        "y": -237,
        "z": 0
      },
      "maxPos": {
        "x": 336.5,
        "y": 237,
        "z": 0
      }
    },
    "texture": "2442d86a-cb56-432a-bebc-1ea6a80dea95@6c48a",
    "packable": true,
    "pixelsToUnit": 100,
    "pivot": {
      "x": 0.5,
      "y": 0.5
    },
    "meshType": 0
  }
}