{
  "__type__": "cc.SpriteFrame",
  "content": {
    "name": "bau",
    "atlas": "",
    "rect": {
      "x": 3,
      "y": 3,
      "width": 446,
      "height": 245
    },
    "offset": {
      "x": -30,
      "y": 2.5
    },
    "originalSize": {
      "width": 512,
      "height": 256
    },
    "rotated": false,
    "capInsets": [
      0,
      0,
      0,
      0
    ],
    "vertices": {
      "rawPosition": [
        -223,
        -122.5,
        0,
        223,
        -122.5,
        0,
        -223,
        122.5,
        0,
        223,
        122.5,
        0
      ],
      "indexes": [
        0,
        1,
        2,
        2,
        1,
        3
      ],
      "uv": [
        3,
        253,
        449,
        253,
        3,
        8,
        449,
        8
      ],
      "nuv": [
        0.005859375,
        0.03125,
        0.876953125,
        0.03125,
        0.005859375,
        0.98828125,
        0.876953125,
        0.98828125
      ],
      "minPos": {
        "x": -223,
        "y": -122.5,
        "z": 0
      },
      "maxPos": {
        "x": 223,
        "y": 122.5,
        "z": 0
      }
    },
    "texture": "b15318b4-f194-4758-b7b2-a3bea4891718@6c48a",
    "packable": true,
    "pixelsToUnit": 100,
    "pivot": {
      "x": 0.5,
      "y": 0.5
    },
    "meshType": 0
  }
}