{
  "__type__": "cc.SpriteFrame",
  "content": {
    "name": "bacay",
    "atlas": "",
    "rect": {
      "x": 2,
      "y": 2,
      "width": 956,
      "height": 224
    },
    "offset": {
      "x": 0,
      "y": 0
    },
    "originalSize": {
      "width": 960,
      "height": 228
    },
    "rotated": false,
    "capInsets": [
      0,
      0,
      0,
      0
    ],
    "vertices": {
      "rawPosition": [
        -478,
        -112,
        0,
        478,
        -112,
        0,
        -478,
        112,
        0,
        478,
        112,
        0
      ],
      "indexes": [
        0,
        1,
        2,
        2,
        1,
        3
      ],
      "uv": [
        2,
        226,
        958,
        226,
        2,
        2,
        958,
        2
      ],
      "nuv": [
        0.0020833333333333333,
        0.008771929824561403,
        0.9979166666666667,
        0.008771929824561403,
        0.0020833333333333333,
        0.9912280701754386,
        0.9979166666666667,
        0.9912280701754386
      ],
      "minPos": {
        "x": -478,
        "y": -112,
        "z": 0
      },
      "maxPos": {
        "x": 478,
        "y": 112,
        "z": 0
      }
    },
    "texture": "b1d07f22-8777-4f83-a1b9-877d740230a6@6c48a",
    "packable": true,
    "pixelsToUnit": 100,
    "pivot": {
      "x": 0.5,
      "y": 0.5
    },
    "meshType": 0
  }
}