{
  "__type__": "cc.SpriteFrame",
  "content": {
    "name": "icon_mimi3cay",
    "atlas": "",
    "rect": {
      "x": 1,
      "y": 1,
      "width": 82,
      "height": 75
    },
    "offset": {
      "x": 0,
      "y": 0
    },
    "originalSize": {
      "width": 84,
      "height": 77
    },
    "rotated": false,
    "capInsets": [
      0,
      0,
      0,
      0
    ],
    "vertices": {
      "rawPosition": [
        -41,
        -37.5,
        0,
        41,
        -37.5,
        0,
        -41,
        37.5,
        0,
        41,
        37.5,
        0
      ],
      "indexes": [
        0,
        1,
        2,
        2,
        1,
        3
      ],
      "uv": [
        1,
        76,
        83,
        76,
        1,
        1,
        83,
        1
      ],
      "nuv": [
        0.011904761904761904,
        0.012987012987012988,
        0.9880952380952381,
        0.012987012987012988,
        0.011904761904761904,
        0.987012987012987,
        0.9880952380952381,
        0.987012987012987
      ],
      "minPos": {
        "x": -41,
        "y": -37.5,
        "z": 0
      },
      "maxPos": {
        "x": 41,
        "y": 37.5,
        "z": 0
      }
    },
    "texture": "5d785cc1-33b4-459e-9748-21eedd4ee083@6c48a",
    "packable": true,
    "pixelsToUnit": 100,
    "pivot": {
      "x": 0.5,
      "y": 0.5
    },
    "meshType": 0
  }
}