{
  "__type__": "cc.SpriteFrame",
  "content": {
    "name": "icon slot",
    "atlas": "",
    "rect": {
      "x": 2,
      "y": 2,
      "width": 331,
      "height": 121
    },
    "offset": {
      "x": -88.5,
      "y": 1.5
    },
    "originalSize": {
      "width": 512,
      "height": 128
    },
    "rotated": false,
    "capInsets": [
      0,
      0,
      0,
      0
    ],
    "vertices": {
      "rawPosition": [
        -165.5,
        -60.5,
        0,
        165.5,
        -60.5,
        0,
        -165.5,
        60.5,
        0,
        165.5,
        60.5,
        0
      ],
      "indexes": [
        0,
        1,
        2,
        2,
        1,
        3
      ],
      "uv": [
        2,
        126,
        333,
        126,
        2,
        5,
        333,
        5
      ],
      "nuv": [
        0.00390625,
        0.0390625,
        0.650390625,
        0.0390625,
        0.00390625,
        0.984375,
        0.650390625,
        0.984375
      ],
      "minPos": {
        "x": -165.5,
        "y": -60.5,
        "z": 0
      },
      "maxPos": {
        "x": 165.5,
        "y": 60.5,
        "z": 0
      }
    },
    "texture": "5da0e069-617a-429c-be44-c1e5bd220179@6c48a",
    "packable": true,
    "pixelsToUnit": 100,
    "pivot": {
      "x": 0.5,
      "y": 0.5
    },
    "meshType": 0
  }
}