{
  "__type__": "cc.SpriteFrame",
  "content": {
    "name": "kyby_chibang5_tex",
    "atlas": "",
    "rect": {
      "x": 3,
      "y": 1,
      "width": 1011,
      "height": 608
    },
    "offset": {
      "x": -3.5,
      "y": 207
    },
    "originalSize": {
      "width": 1024,
      "height": 1024
    },
    "rotated": false,
    "capInsets": [
      0,
      0,
      0,
      0
    ],
    "vertices": {
      "rawPosition": [
        -505.5,
        -304,
        0,
        505.5,
        -304,
        0,
        -505.5,
        304,
        0,
        505.5,
        304,
        0
      ],
      "indexes": [
        0,
        1,
        2,
        2,
        1,
        3
      ],
      "uv": [
        3,
        1023,
        1014,
        1023,
        3,
        415,
        1014,
        415
      ],
      "nuv": [
        0.0029296875,
        0.4052734375,
        0.990234375,
        0.4052734375,
        0.0029296875,
        0.9990234375,
        0.990234375,
        0.9990234375
      ],
      "minPos": {
        "x": -505.5,
        "y": -304,
        "z": 0
      },
      "maxPos": {
        "x": 505.5,
        "y": 304,
        "z": 0
      }
    },
    "texture": "99373b5e-ddc8-4dec-a12e-2f38ba606736@6c48a",
    "packable": true,
    "pixelsToUnit": 100,
    "pivot": {
      "x": 0.5,
      "y": 0.5
    },
    "meshType": 0
  }
}