{
  "__type__": "cc.SpriteFrame",
  "content": {
    "name": "Animation_IconMienvientay",
    "atlas": "",
    "rect": {
      "x": 1,
      "y": 1,
      "width": 805,
      "height": 510
    },
    "offset": {
      "x": -108.5,
      "y": 0
    },
    "originalSize": {
      "width": 1024,
      "height": 512
    },
    "rotated": false,
    "capInsets": [
      0,
      0,
      0,
      0
    ],
    "vertices": {
      "rawPosition": [
        -402.5,
        -255,
        0,
        402.5,
        -255,
        0,
        -402.5,
        255,
        0,
        402.5,
        255,
        0
      ],
      "indexes": [
        0,
        1,
        2,
        2,
        1,
        3
      ],
      "uv": [
        1,
        511,
        806,
        511,
        1,
        1,
        806,
        1
      ],
      "nuv": [
        0.0009765625,
        0.001953125,
        0.787109375,
        0.001953125,
        0.0009765625,
        0.998046875,
        0.787109375,
        0.998046875
      ],
      "minPos": {
        "x": -402.5,
        "y": -255,
        "z": 0
      },
      "maxPos": {
        "x": 402.5,
        "y": 255,
        "z": 0
      }
    },
    "texture": "99916a59-ce15-4931-84d7-44c320deeb01@6c48a",
    "packable": true,
    "pixelsToUnit": 100,
    "pivot": {
      "x": 0.5,
      "y": 0.5
    },
    "meshType": 0
  }
}