{
  "__type__": "cc.SpriteFrame",
  "content": {
    "name": "top2",
    "atlas": "",
    "rect": {
      "x": 1,
      "y": 1,
      "width": 87,
      "height": 58
    },
    "offset": {
      "x": 0,
      "y": 0
    },
    "originalSize": {
      "width": 89,
      "height": 60
    },
    "rotated": false,
    "capInsets": [
      0,
      0,
      0,
      0
    ],
    "vertices": {
      "rawPosition": [
        -43.5,
        -29,
        0,
        43.5,
        -29,
        0,
        -43.5,
        29,
        0,
        43.5,
        29,
        0
      ],
      "indexes": [
        0,
        1,
        2,
        2,
        1,
        3
      ],
      "uv": [
        1,
        59,
        88,
        59,
        1,
        1,
        88,
        1
      ],
      "nuv": [
        0.011235955056179775,
        0.016666666666666666,
        0.9887640449438202,
        0.016666666666666666,
        0.011235955056179775,
        0.9833333333333333,
        0.9887640449438202,
        0.9833333333333333
      ],
      "minPos": {
        "x": -43.5,
        "y": -29,
        "z": 0
      },
      "maxPos": {
        "x": 43.5,
        "y": 29,
        "z": 0
      }
    },
    "texture": "cb67aac2-487b-40de-8931-00eee4c65b6a@6c48a",
    "packable": true,
    "pixelsToUnit": 100,
    "pivot": {
      "x": 0.5,
      "y": 0.5
    },
    "meshType": 0
  }
}