{
  "__type__": "cc.SpriteFrame",
  "content": {
    "name": "bau",
    "atlas": "",
    "rect": {
      "x": 3,
      "y": 3,
      "width": 449,
      "height": 245
    },
    "offset": {
      "x": -28.5,
      "y": 2.5
    },
    "originalSize": {
      "width": 512,
      "height": 256
    },
    "rotated": false,
    "capInsets": [
      0,
      0,
      0,
      0
    ],
    "vertices": {
      "rawPosition": [
        -224.5,
        -122.5,
        0,
        224.5,
        -122.5,
        0,
        -224.5,
        122.5,
        0,
        224.5,
        122.5,
        0
      ],
      "indexes": [
        0,
        1,
        2,
        2,
        1,
        3
      ],
      "uv": [
        3,
        253,
        452,
        253,
        3,
        8,
        452,
        8
      ],
      "nuv": [
        0.005859375,
        0.03125,
        0.8828125,
        0.03125,
        0.005859375,
        0.98828125,
        0.8828125,
        0.98828125
      ],
      "minPos": {
        "x": -224.5,
        "y": -122.5,
        "z": 0
      },
      "maxPos": {
        "x": 224.5,
        "y": 122.5,
        "z": 0
      }
    },
    "texture": "cbaf6561-804e-4118-a05c-4064cd416d73@6c48a",
    "packable": true,
    "pixelsToUnit": 100,
    "pivot": {
      "x": 0.5,
      "y": 0.5
    },
    "meshType": 0
  }
}