{
  "__type__": "cc.SpriteFrame",
  "content": {
    "name": "BONUSJACKPOT",
    "atlas": "",
    "rect": {
      "x": 2,
      "y": 2,
      "width": 1982,
      "height": 1007
    },
    "offset": {
      "x": -31,
      "y": 6.5
    },
    "originalSize": {
      "width": 2048,
      "height": 1024
    },
    "rotated": false,
    "capInsets": [
      0,
      0,
      0,
      0
    ],
    "vertices": {
      "rawPosition": [
        -991,
        -503.5,
        0,
        991,
        -503.5,
        0,
        -991,
        503.5,
        0,
        991,
        503.5,
        0
      ],
      "indexes": [
        0,
        1,
        2,
        2,
        1,
        3
      ],
      "uv": [
        2,
        1022,
        1984,
        1022,
        2,
        15,
        1984,
        15
      ],
      "nuv": [
        0.0009765625,
        0.0146484375,
        0.96875,
        0.0146484375,
        0.0009765625,
        0.998046875,
        0.96875,
        0.998046875
      ],
      "minPos": {
        "x": -991,
        "y": -503.5,
        "z": 0
      },
      "maxPos": {
        "x": 991,
        "y": 503.5,
        "z": 0
      }
    },
    "texture": "cbf50c21-3377-4712-aff2-f0ab54675eb5@6c48a",
    "packable": true,
    "pixelsToUnit": 100,
    "pivot": {
      "x": 0.5,
      "y": 0.5
    },
    "meshType": 0
  }
}