{
  "__type__": "cc.SpriteFrame",
  "content": {
    "name": "line05",
    "atlas": "",
    "rect": {
      "x": 295,
      "y": 18,
      "width": 985,
      "height": 602
    },
    "offset": {
      "x": 147.5,
      "y": 41
    },
    "originalSize": {
      "width": 1280,
      "height": 720
    },
    "rotated": false,
    "capInsets": [
      0,
      0,
      0,
      0
    ],
    "vertices": {
      "rawPosition": [
        -492.5,
        -301,
        0,
        492.5,
        -301,
        0,
        -492.5,
        301,
        0,
        492.5,
        301,
        0
      ],
      "indexes": [
        0,
        1,
        2,
        2,
        1,
        3
      ],
      "uv": [
        295,
        702,
        1280,
        702,
        295,
        100,
        1280,
        100
      ],
      "nuv": [
        0.23046875,
        0.1388888888888889,
        1,
        0.1388888888888889,
        0.23046875,
        0.975,
        1,
        0.975
      ],
      "minPos": {
        "x": -492.5,
        "y": -301,
        "z": 0
      },
      "maxPos": {
        "x": 492.5,
        "y": 301,
        "z": 0
      }
    },
    "texture": "eedc27cf-5c8d-46aa-aa6a-7d567021fee2@6c48a",
    "packable": true,
    "pixelsToUnit": 100,
    "pivot": {
      "x": 0.5,
      "y": 0.5
    },
    "meshType": 0
  }
}