{
  "__type__": "cc.SpriteFrame",
  "content": {
    "name": "dialog_bg4",
    "atlas": "",
    "rect": {
      "x": 1,
      "y": 1,
      "width": 1300,
      "height": 581
    },
    "offset": {
      "x": 0,
      "y": 0
    },
    "originalSize": {
      "width": 1302,
      "height": 583
    },
    "rotated": false,
    "capInsets": [
      0,
      0,
      0,
      0
    ],
    "vertices": {
      "rawPosition": [
        -650,
        -290.5,
        0,
        650,
        -290.5,
        0,
        -650,
        290.5,
        0,
        650,
        290.5,
        0
      ],
      "indexes": [
        0,
        1,
        2,
        2,
        1,
        3
      ],
      "uv": [
        1,
        582,
        1301,
        582,
        1,
        1,
        1301,
        1
      ],
      "nuv": [
        0.0007680491551459293,
        0.0017152658662092624,
        0.999231950844854,
        0.0017152658662092624,
        0.0007680491551459293,
        0.9982847341337907,
        0.999231950844854,
        0.9982847341337907
      ],
      "minPos": {
        "x": -650,
        "y": -290.5,
        "z": 0
      },
      "maxPos": {
        "x": 650,
        "y": 290.5,
        "z": 0
      }
    },
    "texture": "eefd10be-e69f-4075-8ce3-04028a968141@6c48a",
    "packable": true,
    "pixelsToUnit": 100,
    "pivot": {
      "x": 0.5,
      "y": 0.5
    },
    "meshType": 0
  }
}