{
  "__type__": "cc.SpriteFrame",
  "content": {
    "name": "cowboy_ani",
    "atlas": "",
    "rect": {
      "x": 2,
      "y": 12,
      "width": 545,
      "height": 533
    },
    "offset": {
      "x": -0.5,
      "y": -4
    },
    "originalSize": {
      "width": 550,
      "height": 549
    },
    "rotated": false,
    "capInsets": [
      0,
      0,
      0,
      0
    ],
    "vertices": {
      "rawPosition": [
        -272.5,
        -266.5,
        0,
        272.5,
        -266.5,
        0,
        -272.5,
        266.5,
        0,
        272.5,
        266.5,
        0
      ],
      "indexes": [
        0,
        1,
        2,
        2,
        1,
        3
      ],
      "uv": [
        2,
        537,
        547,
        537,
        2,
        4,
        547,
        4
      ],
      "nuv": [
        0.0036363636363636364,
        0.007285974499089253,
        0.9945454545454545,
        0.007285974499089253,
        0.0036363636363636364,
        0.9781420765027322,
        0.9945454545454545,
        0.9781420765027322
      ],
      "minPos": {
        "x": -272.5,
        "y": -266.5,
        "z": 0
      },
      "maxPos": {
        "x": 272.5,
        "y": 266.5,
        "z": 0
      }
    },
    "texture": "326f14b5-6123-43dd-892e-e84996e24055@6c48a",
    "packable": true,
    "pixelsToUnit": 100,
    "pivot": {
      "x": 0.5,
      "y": 0.5
    },
    "meshType": 0
  }
}