{
  "__type__": "cc.SpriteFrame",
  "content": {
    "name": "shiziyu_tex",
    "atlas": "",
    "rect": {
      "x": 1,
      "y": 1,
      "width": 206,
      "height": 450
    },
    "offset": {
      "x": -24,
      "y": 30
    },
    "originalSize": {
      "width": 256,
      "height": 512
    },
    "rotated": false,
    "capInsets": [
      0,
      0,
      0,
      0
    ],
    "vertices": {
      "rawPosition": [
        -103,
        -225,
        0,
        103,
        -225,
        0,
        -103,
        225,
        0,
        103,
        225,
        0
      ],
      "indexes": [
        0,
        1,
        2,
        2,
        1,
        3
      ],
      "uv": [
        1,
        511,
        207,
        511,
        1,
        61,
        207,
        61
      ],
      "nuv": [
        0.00390625,
        0.119140625,
        0.80859375,
        0.119140625,
        0.00390625,
        0.998046875,
        0.80859375,
        0.998046875
      ],
      "minPos": {
        "x": -103,
        "y": -225,
        "z": 0
      },
      "maxPos": {
        "x": 103,
        "y": 225,
        "z": 0
      }
    },
    "texture": "32b1bc19-0016-492b-8b14-8a601a0b9371@6c48a",
    "packable": true,
    "pixelsToUnit": 100,
    "pivot": {
      "x": 0.5,
      "y": 0.5
    },
    "meshType": 0
  }
}