{
  "__type__": "cc.SpriteFrame",
  "content": {
    "name": "line17",
    "atlas": "",
    "rect": {
      "x": 187,
      "y": 133,
      "width": 1020,
      "height": 482
    },
    "offset": {
      "x": 57,
      "y": -14
    },
    "originalSize": {
      "width": 1280,
      "height": 720
    },
    "rotated": false,
    "capInsets": [
      0,
      0,
      0,
      0
    ],
    "vertices": {
      "rawPosition": [
        -510,
        -241,
        0,
        510,
        -241,
        0,
        -510,
        241,
        0,
        510,
        241,
        0
      ],
      "indexes": [
        0,
        1,
        2,
        2,
        1,
        3
      ],
      "uv": [
        187,
        587,
        1207,
        587,
        187,
        105,
        1207,
        105
      ],
      "nuv": [
        0.14609375,
        0.14583333333333334,
        0.94296875,
        0.14583333333333334,
        0.14609375,
        0.8152777777777778,
        0.94296875,
        0.8152777777777778
      ],
      "minPos": {
        "x": -510,
        "y": -241,
        "z": 0
      },
      "maxPos": {
        "x": 510,
        "y": 241,
        "z": 0
      }
    },
    "texture": "32e23653-31de-4026-8566-bf9d592f4ce3@6c48a",
    "packable": true,
    "pixelsToUnit": 100,
    "pivot": {
      "x": 0.5,
      "y": 0.5
    },
    "meshType": 0
  }
}