{
  "__type__": "cc.SpriteFrame",
  "content": {
    "name": "roboto-bold",
    "atlas": "",
    "rect": {
      "x": 3,
      "y": 3,
      "width": 441,
      "height": 441
    },
    "offset": {
      "x": -0.5,
      "y": 0.5
    },
    "originalSize": {
      "width": 448,
      "height": 448
    },
    "rotated": false,
    "capInsets": [
      0,
      0,
      0,
      0
    ],
    "vertices": {
      "rawPosition": [
        -220.5,
        -220.5,
        0,
        220.5,
        -220.5,
        0,
        -220.5,
        220.5,
        0,
        220.5,
        220.5,
        0
      ],
      "indexes": [
        0,
        1,
        2,
        2,
        1,
        3
      ],
      "uv": [
        3,
        445,
        444,
        445,
        3,
        4,
        444,
        4
      ],
      "nuv": [
        0.006696428571428571,
        0.008928571428571428,
        0.9910714285714286,
        0.008928571428571428,
        0.006696428571428571,
        0.9933035714285714,
        0.9910714285714286,
        0.9933035714285714
      ],
      "minPos": {
        "x": -220.5,
        "y": -220.5,
        "z": 0
      },
      "maxPos": {
        "x": 220.5,
        "y": 220.5,
        "z": 0
      }
    },
    "texture": "287a5bb7-5f08-4b7b-b43e-3440950c01e9@6c48a",
    "packable": true,
    "pixelsToUnit": 100,
    "pivot": {
      "x": 0.5,
      "y": 0.5
    },
    "meshType": 0
  }
}