{
  "__type__": "cc.SpriteFrame",
  "content": {
    "name": "skeleton",
    "atlas": "",
    "rect": {
      "x": 1,
      "y": 1,
      "width": 430,
      "height": 145
    },
    "offset": {
      "x": 0,
      "y": 0
    },
    "originalSize": {
      "width": 432,
      "height": 147
    },
    "rotated": false,
    "capInsets": [
      0,
      0,
      0,
      0
    ],
    "vertices": {
      "rawPosition": [
        -215,
        -72.5,
        0,
        215,
        -72.5,
        0,
        -215,
        72.5,
        0,
        215,
        72.5,
        0
      ],
      "indexes": [
        0,
        1,
        2,
        2,
        1,
        3
      ],
      "uv": [
        1,
        146,
        431,
        146,
        1,
        1,
        431,
        1
      ],
      "nuv": [
        0.0023148148148148147,
        0.006802721088435374,
        0.9976851851851852,
        0.006802721088435374,
        0.0023148148148148147,
        0.9931972789115646,
        0.9976851851851852,
        0.9931972789115646
      ],
      "minPos": {
        "x": -215,
        "y": -72.5,
        "z": 0
      },
      "maxPos": {
        "x": 215,
        "y": 72.5,
        "z": 0
      }
    },
    "texture": "288e4541-092b-4dfd-af86-7eaecb969dde@6c48a",
    "packable": true,
    "pixelsToUnit": 100,
    "pivot": {
      "x": 0.5,
      "y": 0.5
    },
    "meshType": 0
  }
}