{
  "__type__": "cc.SpriteFrame",
  "content": {
    "name": "kyby_eff_sw_dg_tex",
    "atlas": "",
    "rect": {
      "x": 2,
      "y": 2,
      "width": 1607,
      "height": 2242
    },
    "offset": {
      "x": -218.5,
      "y": 925
    },
    "originalSize": {
      "width": 2048,
      "height": 4096
    },
    "rotated": false,
    "capInsets": [
      0,
      0,
      0,
      0
    ],
    "vertices": {
      "rawPosition": [
        -803.5,
        -1121,
        0,
        803.5,
        -1121,
        0,
        -803.5,
        1121,
        0,
        803.5,
        1121,
        0
      ],
      "indexes": [
        0,
        1,
        2,
        2,
        1,
        3
      ],
      "uv": [
        2,
        4094,
        1609,
        4094,
        2,
        1852,
        1609,
        1852
      ],
      "nuv": [
        0.0009765625,
        0.4521484375,
        0.78564453125,
        0.4521484375,
        0.0009765625,
        0.99951171875,
        0.78564453125,
        0.99951171875
      ],
      "minPos": {
        "x": -803.5,
        "y": -1121,
        "z": 0
      },
      "maxPos": {
        "x": 803.5,
        "y": 1121,
        "z": 0
      }
    },
    "texture": "289361b9-ac8b-4f7f-950a-3e6dcdaf594a@6c48a",
    "packable": true,
    "pixelsToUnit": 100,
    "pivot": {
      "x": 0.5,
      "y": 0.5
    },
    "meshType": 0
  }
}