{
  "__type__": "cc.SpriteFrame",
  "content": {
    "name": "13",
    "atlas": "",
    "rect": {
      "x": 261,
      "y": 148,
      "width": 837,
      "height": 420
    },
    "offset": {
      "x": 39.5,
      "y": 2
    },
    "originalSize": {
      "width": 1280,
      "height": 720
    },
    "rotated": false,
    "capInsets": [
      0,
      0,
      0,
      0
    ],
    "vertices": {
      "rawPosition": [
        -418.5,
        -210,
        0,
        418.5,
        -210,
        0,
        -418.5,
        210,
        0,
        418.5,
        210,
        0
      ],
      "indexes": [
        0,
        1,
        2,
        2,
        1,
        3
      ],
      "uv": [
        261,
        572,
        1098,
        572,
        261,
        152,
        1098,
        152
      ],
      "nuv": [
        0.20390625,
        0.2111111111111111,
        0.8578125,
        0.2111111111111111,
        0.20390625,
        0.7944444444444444,
        0.8578125,
        0.7944444444444444
      ],
      "minPos": {
        "x": -418.5,
        "y": -210,
        "z": 0
      },
      "maxPos": {
        "x": 418.5,
        "y": 210,
        "z": 0
      }
    },
    "texture": "1c13c091-ec7d-4632-93dd-78400462aacb@6c48a",
    "packable": true,
    "pixelsToUnit": 100,
    "pivot": {
      "x": 0.5,
      "y": 0.5
    },
    "meshType": 0
  }
}