{
  "__type__": "cc.SpriteFrame",
  "content": {
    "name": "11",
    "atlas": "",
    "rect": {
      "x": 80,
      "y": 53,
      "width": 760,
      "height": 359
    },
    "offset": {
      "x": 33.5,
      "y": -5.5
    },
    "originalSize": {
      "width": 853,
      "height": 454
    },
    "rotated": false,
    "capInsets": [
      0,
      0,
      0,
      0
    ],
    "vertices": {
      "rawPosition": [
        -380,
        -179.5,
        0,
        380,
        -179.5,
        0,
        -380,
        179.5,
        0,
        380,
        179.5,
        0
      ],
      "indexes": [
        0,
        1,
        2,
        2,
        1,
        3
      ],
      "uv": [
        80,
        401,
        840,
        401,
        80,
        42,
        840,
        42
      ],
      "nuv": [
        0.09378663540445487,
        0.09251101321585903,
        0.984759671746776,
        0.09251101321585903,
        0.09378663540445487,
        0.8832599118942731,
        0.984759671746776,
        0.8832599118942731
      ],
      "minPos": {
        "x": -380,
        "y": -179.5,
        "z": 0
      },
      "maxPos": {
        "x": 380,
        "y": 179.5,
        "z": 0
      }
    },
    "texture": "1c3b8abc-98de-4dca-b1f3-d602cefdd38d@6c48a",
    "packable": true,
    "pixelsToUnit": 100,
    "pivot": {
      "x": 0.5,
      "y": 0.5
    },
    "meshType": 0
  }
}