{
  "__type__": "cc.SpriteFrame",
  "content": {
    "name": "ankangyu_shadow_tex",
    "atlas": "",
    "rect": {
      "x": 1,
      "y": 1,
      "width": 445,
      "height": 431
    },
    "offset": {
      "x": -32.5,
      "y": 39.5
    },
    "originalSize": {
      "width": 512,
      "height": 512
    },
    "rotated": false,
    "capInsets": [
      0,
      0,
      0,
      0
    ],
    "vertices": {
      "rawPosition": [
        -222.5,
        -215.5,
        0,
        222.5,
        -215.5,
        0,
        -222.5,
        215.5,
        0,
        222.5,
        215.5,
        0
      ],
      "indexes": [
        0,
        1,
        2,
        2,
        1,
        3
      ],
      "uv": [
        1,
        511,
        446,
        511,
        1,
        80,
        446,
        80
      ],
      "nuv": [
        0.001953125,
        0.15625,
        0.87109375,
        0.15625,
        0.001953125,
        0.998046875,
        0.87109375,
        0.998046875
      ],
      "minPos": {
        "x": -222.5,
        "y": -215.5,
        "z": 0
      },
      "maxPos": {
        "x": 222.5,
        "y": 215.5,
        "z": 0
      }
    },
    "texture": "c470ebd8-1ea2-48be-9241-05265154732e@6c48a",
    "packable": true,
    "pixelsToUnit": 100,
    "pivot": {
      "x": 0.5,
      "y": 0.5
    },
    "meshType": 0
  }
}