{
  "__type__": "cc.SpriteFrame",
  "content": {
    "name": "vip7",
    "atlas": "",
    "rect": {
      "x": 0,
      "y": 0,
      "width": 94,
      "height": 161
    },
    "offset": {
      "x": 0,
      "y": 0.5
    },
    "originalSize": {
      "width": 94,
      "height": 162
    },
    "rotated": false,
    "capInsets": [
      0,
      0,
      0,
      0
    ],
    "vertices": {
      "rawPosition": [
        -47,
        -80.5,
        0,
        47,
        -80.5,
        0,
        -47,
        80.5,
        0,
        47,
        80.5,
        0
      ],
      "indexes": [
        0,
        1,
        2,
        2,
        1,
        3
      ],
      "uv": [
        0,
        162,
        94,
        162,
        0,
        1,
        94,
        1
      ],
      "nuv": [
        0,
        0.006172839506172839,
        1,
        0.006172839506172839,
        0,
        1,
        1,
        1
      ],
      "minPos": {
        "x": -47,
        "y": -80.5,
        "z": 0
      },
      "maxPos": {
        "x": 47,
        "y": 80.5,
        "z": 0
      }
    },
    "texture": "c1025801-71ad-4806-be62-19080bea2bf2@6c48a",
    "packable": true,
    "pixelsToUnit": 100,
    "pivot": {
      "x": 0.5,
      "y": 0.5
    },
    "meshType": 0
  }
}