{
  "__type__": "cc.SpriteFrame",
  "content": {
    "name": "kyby_chibang2_tex",
    "atlas": "",
    "rect": {
      "x": 1,
      "y": 3,
      "width": 774,
      "height": 1013
    },
    "offset": {
      "x": -124,
      "y": 2.5
    },
    "originalSize": {
      "width": 1024,
      "height": 1024
    },
    "rotated": false,
    "capInsets": [
      0,
      0,
      0,
      0
    ],
    "vertices": {
      "rawPosition": [
        -387,
        -506.5,
        0,
        387,
        -506.5,
        0,
        -387,
        506.5,
        0,
        387,
        506.5,
        0
      ],
      "indexes": [
        0,
        1,
        2,
        2,
        1,
        3
      ],
      "uv": [
        1,
        1021,
        775,
        1021,
        1,
        8,
        775,
        8
      ],
      "nuv": [
        0.0009765625,
        0.0078125,
        0.7568359375,
        0.0078125,
        0.0009765625,
        0.9970703125,
        0.7568359375,
        0.9970703125
      ],
      "minPos": {
        "x": -387,
        "y": -506.5,
        "z": 0
      },
      "maxPos": {
        "x": 387,
        "y": 506.5,
        "z": 0
      }
    },
    "texture": "c12f29c8-8899-4f18-8cb4-e271cfca5f55@6c48a",
    "packable": true,
    "pixelsToUnit": 100,
    "pivot": {
      "x": 0.5,
      "y": 0.5
    },
    "meshType": 0
  }
}