{
  "__type__": "cc.SpriteFrame",
  "content": {
    "name": "Under",
    "atlas": "",
    "rect": {
      "x": 12,
      "y": 0,
      "width": 1259,
      "height": 72
    },
    "offset": {
      "x": -3.5,
      "y": 0
    },
    "originalSize": {
      "width": 1290,
      "height": 72
    },
    "rotated": false,
    "capInsets": [
      0,
      0,
      0,
      0
    ],
    "vertices": {
      "rawPosition": [
        -629.5,
        -36,
        0,
        629.5,
        -36,
        0,
        -629.5,
        36,
        0,
        629.5,
        36,
        0
      ],
      "indexes": [
        0,
        1,
        2,
        2,
        1,
        3
      ],
      "uv": [
        12,
        72,
        1271,
        72,
        12,
        0,
        1271,
        0
      ],
      "nuv": [
        0.009302325581395349,
        0,
        0.9852713178294573,
        0,
        0.009302325581395349,
        1,
        0.9852713178294573,
        1
      ],
      "minPos": {
        "x": -629.5,
        "y": -36,
        "z": 0
      },
      "maxPos": {
        "x": 629.5,
        "y": 36,
        "z": 0
      }
    },
    "texture": "c1665976-566f-4353-b21e-02b88d6268b0@6c48a",
    "packable": true,
    "pixelsToUnit": 100,
    "pivot": {
      "x": 0.5,
      "y": 0.5
    },
    "meshType": 0
  }
}