{
  "__type__": "cc.SpriteFrame",
  "content": {
    "name": "jinlongwang_tex",
    "atlas": "",
    "rect": {
      "x": 4,
      "y": 8,
      "width": 1870,
      "height": 1444
    },
    "offset": {
      "x": -3,
      "y": 0
    },
    "originalSize": {
      "width": 1884,
      "height": 1460
    },
    "rotated": false,
    "capInsets": [
      0,
      0,
      0,
      0
    ],
    "vertices": {
      "rawPosition": [
        -935,
        -722,
        0,
        935,
        -722,
        0,
        -935,
        722,
        0,
        935,
        722,
        0
      ],
      "indexes": [
        0,
        1,
        2,
        2,
        1,
        3
      ],
      "uv": [
        4,
        1452,
        1874,
        1452,
        4,
        8,
        1874,
        8
      ],
      "nuv": [
        0.0021231422505307855,
        0.005479452054794521,
        0.994692144373673,
        0.005479452054794521,
        0.0021231422505307855,
        0.9945205479452055,
        0.994692144373673,
        0.9945205479452055
      ],
      "minPos": {
        "x": -935,
        "y": -722,
        "z": 0
      },
      "maxPos": {
        "x": 935,
        "y": 722,
        "z": 0
      }
    },
    "texture": "8e792b98-8f9a-4e55-a470-6d6b39c1782d@6c48a",
    "packable": true,
    "pixelsToUnit": 100,
    "pivot": {
      "x": 0.5,
      "y": 0.5
    },
    "meshType": 0
  }
}