{
  "__type__": "cc.SpriteFrame",
  "content": {
    "name": "ICONLOBBY",
    "atlas": "",
    "rect": {
      "x": 2,
      "y": 2,
      "width": 446,
      "height": 108
    },
    "offset": {
      "x": -31,
      "y": 8
    },
    "originalSize": {
      "width": 512,
      "height": 128
    },
    "rotated": false,
    "capInsets": [
      0,
      0,
      0,
      0
    ],
    "vertices": {
      "rawPosition": [
        -223,
        -54,
        0,
        223,
        -54,
        0,
        -223,
        54,
        0,
        223,
        54,
        0
      ],
      "indexes": [
        0,
        1,
        2,
        2,
        1,
        3
      ],
      "uv": [
        2,
        126,
        448,
        126,
        2,
        18,
        448,
        18
      ],
      "nuv": [
        0.00390625,
        0.140625,
        0.875,
        0.140625,
        0.00390625,
        0.984375,
        0.875,
        0.984375
      ],
      "minPos": {
        "x": -223,
        "y": -54,
        "z": 0
      },
      "maxPos": {
        "x": 223,
        "y": 54,
        "z": 0
      }
    },
    "texture": "8e98c49c-0821-43fd-9b55-445234579df8@6c48a",
    "packable": true,
    "pixelsToUnit": 100,
    "pivot": {
      "x": 0.5,
      "y": 0.5
    },
    "meshType": 0
  }
}