{
  "__type__": "cc.SpriteFrame",
  "content": {
    "name": "XocXoc",
    "atlas": "",
    "rect": {
      "x": 2,
      "y": 2,
      "width": 506,
      "height": 1544
    },
    "offset": {
      "x": 0,
      "y": 1
    },
    "originalSize": {
      "width": 510,
      "height": 1550
    },
    "rotated": false,
    "capInsets": [
      0,
      0,
      0,
      0
    ],
    "vertices": {
      "rawPosition": [
        -253,
        -772,
        0,
        253,
        -772,
        0,
        -253,
        772,
        0,
        253,
        772,
        0
      ],
      "indexes": [
        0,
        1,
        2,
        2,
        1,
        3
      ],
      "uv": [
        2,
        1548,
        508,
        1548,
        2,
        4,
        508,
        4
      ],
      "nuv": [
        0.00392156862745098,
        0.0025806451612903226,
        0.996078431372549,
        0.0025806451612903226,
        0.00392156862745098,
        0.9987096774193548,
        0.996078431372549,
        0.9987096774193548
      ],
      "minPos": {
        "x": -253,
        "y": -772,
        "z": 0
      },
      "maxPos": {
        "x": 253,
        "y": 772,
        "z": 0
      }
    },
    "texture": "8ef360b2-33f0-4227-b13c-938062580e19@6c48a",
    "packable": true,
    "pixelsToUnit": 100,
    "pivot": {
      "x": 0.5,
      "y": 0.5
    },
    "meshType": 0
  }
}