{
  "__type__": "cc.SpriteFrame",
  "content": {
    "name": "icons",
    "atlas": "",
    "rect": {
      "x": 0,
      "y": 0,
      "width": 455,
      "height": 579
    },
    "offset": {
      "x": -3.5,
      "y": 0
    },
    "originalSize": {
      "width": 462,
      "height": 579
    },
    "rotated": false,
    "capInsets": [
      0,
      0,
      0,
      0
    ],
    "vertices": {
      "rawPosition": [
        -227.5,
        -289.5,
        0,
        227.5,
        -289.5,
        0,
        -227.5,
        289.5,
        0,
        227.5,
        289.5,
        0
      ],
      "indexes": [
        0,
        1,
        2,
        2,
        1,
        3
      ],
      "uv": [
        0,
        579,
        455,
        579,
        0,
        0,
        455,
        0
      ],
      "nuv": [
        0,
        0,
        0.9848484848484849,
        0,
        0,
        1,
        0.9848484848484849,
        1
      ],
      "minPos": {
        "x": -227.5,
        "y": -289.5,
        "z": 0
      },
      "maxPos": {
        "x": 227.5,
        "y": 289.5,
        "z": 0
      }
    },
    "texture": "e462a0ea-9b87-4910-8953-47fdfc40ec35@6c48a",
    "packable": true,
    "pixelsToUnit": 100,
    "pivot": {
      "x": 0.5,
      "y": 0.5
    },
    "meshType": 0
  }
}