{
  "__type__": "cc.SpriteFrame",
  "content": {
    "name": "minigame-tab",
    "atlas": "",
    "rect": {
      "x": 10,
      "y": 17,
      "width": 130,
      "height": 26
    },
    "offset": {
      "x": 0,
      "y": 0
    },
    "originalSize": {
      "width": 150,
      "height": 60
    },
    "rotated": false,
    "capInsets": [
      0,
      0,
      0,
      0
    ],
    "vertices": {
      "rawPosition": [
        -65,
        -13,
        0,
        65,
        -13,
        0,
        -65,
        13,
        0,
        65,
        13,
        0
      ],
      "indexes": [
        0,
        1,
        2,
        2,
        1,
        3
      ],
      "uv": [
        10,
        43,
        140,
        43,
        10,
        17,
        140,
        17
      ],
      "nuv": [
        0.06666666666666667,
        0.2833333333333333,
        0.9333333333333333,
        0.2833333333333333,
        0.06666666666666667,
        0.7166666666666667,
        0.9333333333333333,
        0.7166666666666667
      ],
      "minPos": {
        "x": -65,
        "y": -13,
        "z": 0
      },
      "maxPos": {
        "x": 65,
        "y": 13,
        "z": 0
      }
    },
    "texture": "e4a025d0-956d-4dfa-902a-1c3acb063c39@6c48a",
    "packable": true,
    "pixelsToUnit": 100,
    "pivot": {
      "x": 0.5,
      "y": 0.5
    },
    "meshType": 0
  }
}