{
  "__type__": "cc.SpriteFrame",
  "content": {
    "name": "skeleton",
    "atlas": "",
    "rect": {
      "x": 1,
      "y": 1,
      "width": 490,
      "height": 202
    },
    "offset": {
      "x": 0,
      "y": 0
    },
    "originalSize": {
      "width": 492,
      "height": 204
    },
    "rotated": false,
    "capInsets": [
      0,
      0,
      0,
      0
    ],
    "vertices": {
      "rawPosition": [
        -245,
        -101,
        0,
        245,
        -101,
        0,
        -245,
        101,
        0,
        245,
        101,
        0
      ],
      "indexes": [
        0,
        1,
        2,
        2,
        1,
        3
      ],
      "uv": [
        1,
        203,
        491,
        203,
        1,
        1,
        491,
        1
      ],
      "nuv": [
        0.0020325203252032522,
        0.004901960784313725,
        0.9979674796747967,
        0.004901960784313725,
        0.0020325203252032522,
        0.9950980392156863,
        0.9979674796747967,
        0.9950980392156863
      ],
      "minPos": {
        "x": -245,
        "y": -101,
        "z": 0
      },
      "maxPos": {
        "x": 245,
        "y": 101,
        "z": 0
      }
    },
    "texture": "e4d81c97-c157-4736-8828-1f0dbc56f321@6c48a",
    "packable": true,
    "pixelsToUnit": 100,
    "pivot": {
      "x": 0.5,
      "y": 0.5
    },
    "meshType": 0
  }
}