{
  "__type__": "cc.SpriteFrame",
  "content": {
    "name": "line23",
    "atlas": "",
    "rect": {
      "x": 188,
      "y": 38,
      "width": 1027,
      "height": 579
    },
    "offset": {
      "x": 61.5,
      "y": 32.5
    },
    "originalSize": {
      "width": 1280,
      "height": 720
    },
    "rotated": false,
    "capInsets": [
      0,
      0,
      0,
      0
    ],
    "vertices": {
      "rawPosition": [
        -513.5,
        -289.5,
        0,
        513.5,
        -289.5,
        0,
        -513.5,
        289.5,
        0,
        513.5,
        289.5,
        0
      ],
      "indexes": [
        0,
        1,
        2,
        2,
        1,
        3
      ],
      "uv": [
        188,
        682,
        1215,
        682,
        188,
        103,
        1215,
        103
      ],
      "nuv": [
        0.146875,
        0.14305555555555555,
        0.94921875,
        0.14305555555555555,
        0.146875,
        0.9472222222222222,
        0.94921875,
        0.9472222222222222
      ],
      "minPos": {
        "x": -513.5,
        "y": -289.5,
        "z": 0
      },
      "maxPos": {
        "x": 513.5,
        "y": 289.5,
        "z": 0
      }
    },
    "texture": "e4fe616a-311d-41c0-bb8c-496bca6e5d96@6c48a",
    "packable": true,
    "pixelsToUnit": 100,
    "pivot": {
      "x": 0.5,
      "y": 0.5
    },
    "meshType": 0
  }
}