{
  "__type__": "cc.SpriteFrame",
  "content": {
    "name": "gaupanda",
    "atlas": "",
    "rect": {
      "x": 2,
      "y": 2,
      "width": 450,
      "height": 280
    },
    "offset": {
      "x": 0,
      "y": 0
    },
    "originalSize": {
      "width": 454,
      "height": 284
    },
    "rotated": false,
    "capInsets": [
      0,
      0,
      0,
      0
    ],
    "vertices": {
      "rawPosition": [
        -225,
        -140,
        0,
        225,
        -140,
        0,
        -225,
        140,
        0,
        225,
        140,
        0
      ],
      "indexes": [
        0,
        1,
        2,
        2,
        1,
        3
      ],
      "uv": [
        2,
        282,
        452,
        282,
        2,
        2,
        452,
        2
      ],
      "nuv": [
        0.004405286343612335,
        0.007042253521126761,
        0.9955947136563876,
        0.007042253521126761,
        0.004405286343612335,
        0.9929577464788732,
        0.9955947136563876,
        0.9929577464788732
      ],
      "minPos": {
        "x": -225,
        "y": -140,
        "z": 0
      },
      "maxPos": {
        "x": 225,
        "y": 140,
        "z": 0
      }
    },
    "texture": "9b09ab8b-0ff5-4782-aeb7-23ad8bc51617@6c48a",
    "packable": true,
    "pixelsToUnit": 100,
    "pivot": {
      "x": 0.5,
      "y": 0.5
    },
    "meshType": 0
  }
}