{
  "__type__": "cc.SpriteFrame",
  "content": {
    "name": "kyby_jihuo_tex",
    "atlas": "",
    "rect": {
      "x": 1,
      "y": 1,
      "width": 196,
      "height": 201
    },
    "offset": {
      "x": -29,
      "y": 26.5
    },
    "originalSize": {
      "width": 256,
      "height": 256
    },
    "rotated": false,
    "capInsets": [
      0,
      0,
      0,
      0
    ],
    "vertices": {
      "rawPosition": [
        -98,
        -100.5,
        0,
        98,
        -100.5,
        0,
        -98,
        100.5,
        0,
        98,
        100.5,
        0
      ],
      "indexes": [
        0,
        1,
        2,
        2,
        1,
        3
      ],
      "uv": [
        1,
        255,
        197,
        255,
        1,
        54,
        197,
        54
      ],
      "nuv": [
        0.00390625,
        0.2109375,
        0.76953125,
        0.2109375,
        0.00390625,
        0.99609375,
        0.76953125,
        0.99609375
      ],
      "minPos": {
        "x": -98,
        "y": -100.5,
        "z": 0
      },
      "maxPos": {
        "x": 98,
        "y": 100.5,
        "z": 0
      }
    },
    "texture": "9b21d5f2-27b7-4a9d-93c0-8b17d095e970@6c48a",
    "packable": true,
    "pixelsToUnit": 100,
    "pivot": {
      "x": 0.5,
      "y": 0.5
    },
    "meshType": 0
  }
}