{
  "__type__": "cc.SpriteFrame",
  "content": {
    "name": "btn_o2",
    "atlas": "",
    "rect": {
      "x": 1,
      "y": 0,
      "width": 203,
      "height": 64
    },
    "offset": {
      "x": 0.5,
      "y": 0
    },
    "originalSize": {
      "width": 204,
      "height": 64
    },
    "rotated": false,
    "capInsets": [
      0,
      0,
      0,
      0
    ],
    "vertices": {
      "rawPosition": [
        -101.5,
        -32,
        0,
        101.5,
        -32,
        0,
        -101.5,
        32,
        0,
        101.5,
        32,
        0
      ],
      "indexes": [
        0,
        1,
        2,
        2,
        1,
        3
      ],
      "uv": [
        1,
        64,
        204,
        64,
        1,
        0,
        204,
        0
      ],
      "nuv": [
        0.004901960784313725,
        0,
        1,
        0,
        0.004901960784313725,
        1,
        1,
        1
      ],
      "minPos": {
        "x": -101.5,
        "y": -32,
        "z": 0
      },
      "maxPos": {
        "x": 101.5,
        "y": 32,
        "z": 0
      }
    },
    "texture": "9bade57d-467e-42a5-bb18-2c4fd4a47a7c@6c48a",
    "packable": true,
    "pixelsToUnit": 100,
    "pivot": {
      "x": 0.5,
      "y": 0.5
    },
    "meshType": 0
  }
}