{
  "__type__": "cc.SpriteFrame",
  "content": {
    "name": "haigui_shadow_tex",
    "atlas": "",
    "rect": {
      "x": 1,
      "y": 1,
      "width": 475,
      "height": 1014
    },
    "offset": {
      "x": -17.5,
      "y": 4
    },
    "originalSize": {
      "width": 512,
      "height": 1024
    },
    "rotated": false,
    "capInsets": [
      0,
      0,
      0,
      0
    ],
    "vertices": {
      "rawPosition": [
        -237.5,
        -507,
        0,
        237.5,
        -507,
        0,
        -237.5,
        507,
        0,
        237.5,
        507,
        0
      ],
      "indexes": [
        0,
        1,
        2,
        2,
        1,
        3
      ],
      "uv": [
        1,
        1023,
        476,
        1023,
        1,
        9,
        476,
        9
      ],
      "nuv": [
        0.001953125,
        0.0087890625,
        0.9296875,
        0.0087890625,
        0.001953125,
        0.9990234375,
        0.9296875,
        0.9990234375
      ],
      "minPos": {
        "x": -237.5,
        "y": -507,
        "z": 0
      },
      "maxPos": {
        "x": 237.5,
        "y": 507,
        "z": 0
      }
    },
    "texture": "f14027b4-bb4e-4835-8708-ed6546421fd7@6c48a",
    "packable": true,
    "pixelsToUnit": 100,
    "pivot": {
      "x": 0.5,
      "y": 0.5
    },
    "meshType": 0
  }
}