{
  "__type__": "cc.SpriteFrame",
  "content": {
    "name": "trolai",
    "atlas": "",
    "rect": {
      "x": 61,
      "y": 77,
      "width": 91,
      "height": 125
    },
    "offset": {
      "x": -2.5,
      "y": -31
    },
    "originalSize": {
      "width": 218,
      "height": 217
    },
    "rotated": false,
    "capInsets": [
      0,
      0,
      0,
      0
    ],
    "vertices": {
      "rawPosition": [
        -45.5,
        -62.5,
        0,
        45.5,
        -62.5,
        0,
        -45.5,
        62.5,
        0,
        45.5,
        62.5,
        0
      ],
      "indexes": [
        0,
        1,
        2,
        2,
        1,
        3
      ],
      "uv": [
        61,
        140,
        152,
        140,
        61,
        15,
        152,
        15
      ],
      "nuv": [
        0.2798165137614679,
        0.06912442396313365,
        0.6972477064220184,
        0.06912442396313365,
        0.2798165137614679,
        0.6451612903225806,
        0.6972477064220184,
        0.6451612903225806
      ],
      "minPos": {
        "x": -45.5,
        "y": -62.5,
        "z": 0
      },
      "maxPos": {
        "x": 45.5,
        "y": 62.5,
        "z": 0
      }
    },
    "texture": "f1a31628-d05a-4a5b-ba87-3d284d050993@6c48a",
    "packable": true,
    "pixelsToUnit": 100,
    "pivot": {
      "x": 0.5,
      "y": 0.5
    },
    "meshType": 0
  }
}