{
  "__type__": "cc.SpriteFrame",
  "content": {
    "name": "font-taixiu-export",
    "atlas": "",
    "rect": {
      "x": 0,
      "y": 0,
      "width": 397,
      "height": 434
    },
    "offset": {
      "x": -0.5,
      "y": 0.5
    },
    "originalSize": {
      "width": 398,
      "height": 435
    },
    "rotated": false,
    "capInsets": [
      0,
      0,
      0,
      0
    ],
    "vertices": {
      "rawPosition": [
        -198.5,
        -217,
        0,
        198.5,
        -217,
        0,
        -198.5,
        217,
        0,
        198.5,
        217,
        0
      ],
      "indexes": [
        0,
        1,
        2,
        2,
        1,
        3
      ],
      "uv": [
        0,
        435,
        397,
        435,
        0,
        1,
        397,
        1
      ],
      "nuv": [
        0,
        0.0022988505747126436,
        0.9974874371859297,
        0.0022988505747126436,
        0,
        1,
        0.9974874371859297,
        1
      ],
      "minPos": {
        "x": -198.5,
        "y": -217,
        "z": 0
      },
      "maxPos": {
        "x": 198.5,
        "y": 217,
        "z": 0
      }
    },
    "texture": "4ce85743-9133-4985-ad1b-00b23a88bc51@6c48a",
    "packable": true,
    "pixelsToUnit": 100,
    "pivot": {
      "x": 0.5,
      "y": 0.5
    },
    "meshType": 0
  }
}