{
  "__type__": "cc.SpriteFrame",
  "content": {
    "name": "xiaochouyu_tex",
    "atlas": "",
    "rect": {
      "x": 0,
      "y": 0,
      "width": 677,
      "height": 466
    },
    "offset": {
      "x": 0,
      "y": 0.5
    },
    "originalSize": {
      "width": 677,
      "height": 467
    },
    "rotated": false,
    "capInsets": [
      0,
      0,
      0,
      0
    ],
    "vertices": {
      "rawPosition": [
        -338.5,
        -233,
        0,
        338.5,
        -233,
        0,
        -338.5,
        233,
        0,
        338.5,
        233,
        0
      ],
      "indexes": [
        0,
        1,
        2,
        2,
        1,
        3
      ],
      "uv": [
        0,
        467,
        677,
        467,
        0,
        1,
        677,
        1
      ],
      "nuv": [
        0,
        0.0021413276231263384,
        1,
        0.0021413276231263384,
        0,
        1,
        1,
        1
      ],
      "minPos": {
        "x": -338.5,
        "y": -233,
        "z": 0
      },
      "maxPos": {
        "x": 338.5,
        "y": 233,
        "z": 0
      }
    },
    "texture": "6a659769-f880-401a-9598-04875a592e24@6c48a",
    "packable": true,
    "pixelsToUnit": 100,
    "pivot": {
      "x": 0.5,
      "y": 0.5
    },
    "meshType": 0
  }
}