{
  "__type__": "cc.SpriteFrame",
  "content": {
    "name": "x",
    "atlas": "",
    "rect": {
      "x": 1,
      "y": 1,
      "width": 64,
      "height": 65
    },
    "offset": {
      "x": 0,
      "y": 0
    },
    "originalSize": {
      "width": 66,
      "height": 67
    },
    "rotated": false,
    "capInsets": [
      0,
      0,
      0,
      0
    ],
    "vertices": {
      "rawPosition": [
        -32,
        -32.5,
        0,
        32,
        -32.5,
        0,
        -32,
        32.5,
        0,
        32,
        32.5,
        0
      ],
      "indexes": [
        0,
        1,
        2,
        2,
        1,
        3
      ],
      "uv": [
        1,
        66,
        65,
        66,
        1,
        1,
        65,
        1
      ],
      "nuv": [
        0.015151515151515152,
        0.014925373134328358,
        0.9848484848484849,
        0.014925373134328358,
        0.015151515151515152,
        0.9850746268656716,
        0.9848484848484849,
        0.9850746268656716
      ],
      "minPos": {
        "x": -32,
        "y": -32.5,
        "z": 0
      },
      "maxPos": {
        "x": 32,
        "y": 32.5,
        "z": 0
      }
    },
    "texture": "712baf5c-5e1e-4d83-b685-5a442ddda064@6c48a",
    "packable": true,
    "pixelsToUnit": 100,
    "pivot": {
      "x": 0.5,
      "y": 0.5
    },
    "meshType": 0
  }
}