{
  "__type__": "cc.SpriteFrame",
  "content": {
    "name": "24",
    "atlas": "",
    "rect": {
      "x": 79,
      "y": 53,
      "width": 758,
      "height": 360
    },
    "offset": {
      "x": 31.5,
      "y": -6
    },
    "originalSize": {
      "width": 853,
      "height": 454
    },
    "rotated": false,
    "capInsets": [
      0,
      0,
      0,
      0
    ],
    "vertices": {
      "rawPosition": [
        -379,
        -180,
        0,
        379,
        -180,
        0,
        -379,
        180,
        0,
        379,
        180,
        0
      ],
      "indexes": [
        0,
        1,
        2,
        2,
        1,
        3
      ],
      "uv": [
        79,
        401,
        837,
        401,
        79,
        41,
        837,
        41
      ],
      "nuv": [
        0.09261430246189918,
        0.09030837004405286,
        0.981242672919109,
        0.09030837004405286,
        0.09261430246189918,
        0.8832599118942731,
        0.981242672919109,
        0.8832599118942731
      ],
      "minPos": {
        "x": -379,
        "y": -180,
        "z": 0
      },
      "maxPos": {
        "x": 379,
        "y": 180,
        "z": 0
      }
    },
    "texture": "71976d88-b2ca-4b7f-9455-7d3f9874e607@6c48a",
    "packable": true,
    "pixelsToUnit": 100,
    "pivot": {
      "x": 0.5,
      "y": 0.5
    },
    "meshType": 0
  }
}