{
  "__type__": "cc.SpriteFrame",
  "content": {
    "name": "DaiLy",
    "atlas": "",
    "rect": {
      "x": 1,
      "y": 1,
      "width": 938,
      "height": 503
    },
    "offset": {
      "x": -42,
      "y": 3.5
    },
    "originalSize": {
      "width": 1024,
      "height": 512
    },
    "rotated": false,
    "capInsets": [
      0,
      0,
      0,
      0
    ],
    "vertices": {
      "rawPosition": [
        -469,
        -251.5,
        0,
        469,
        -251.5,
        0,
        -469,
        251.5,
        0,
        469,
        251.5,
        0
      ],
      "indexes": [
        0,
        1,
        2,
        2,
        1,
        3
      ],
      "uv": [
        1,
        511,
        939,
        511,
        1,
        8,
        939,
        8
      ],
      "nuv": [
        0.0009765625,
        0.015625,
        0.9169921875,
        0.015625,
        0.0009765625,
        0.998046875,
        0.9169921875,
        0.998046875
      ],
      "minPos": {
        "x": -469,
        "y": -251.5,
        "z": 0
      },
      "maxPos": {
        "x": 469,
        "y": 251.5,
        "z": 0
      }
    },
    "texture": "820c015f-ed41-4f96-83e9-bf56c3f9a1d2@6c48a",
    "packable": true,
    "pixelsToUnit": 100,
    "pivot": {
      "x": 0.5,
      "y": 0.5
    },
    "meshType": 0
  }
}