{
  "__type__": "cc.SpriteFrame",
  "content": {
    "name": "jiewenyu_tex",
    "atlas": "",
    "rect": {
      "x": 1,
      "y": 1,
      "width": 503,
      "height": 456
    },
    "offset": {
      "x": -3.5,
      "y": 27
    },
    "originalSize": {
      "width": 512,
      "height": 512
    },
    "rotated": false,
    "capInsets": [
      0,
      0,
      0,
      0
    ],
    "vertices": {
      "rawPosition": [
        -251.5,
        -228,
        0,
        251.5,
        -228,
        0,
        -251.5,
        228,
        0,
        251.5,
        228,
        0
      ],
      "indexes": [
        0,
        1,
        2,
        2,
        1,
        3
      ],
      "uv": [
        1,
        511,
        504,
        511,
        1,
        55,
        504,
        55
      ],
      "nuv": [
        0.001953125,
        0.107421875,
        0.984375,
        0.107421875,
        0.001953125,
        0.998046875,
        0.984375,
        0.998046875
      ],
      "minPos": {
        "x": -251.5,
        "y": -228,
        "z": 0
      },
      "maxPos": {
        "x": 251.5,
        "y": 228,
        "z": 0
      }
    },
    "texture": "821a8a5c-7946-414b-9b5a-8faac27b8081@6c48a",
    "packable": true,
    "pixelsToUnit": 100,
    "pivot": {
      "x": 0.5,
      "y": 0.5
    },
    "meshType": 0
  }
}