{
  "__type__": "cc.SpriteFrame",
  "content": {
    "name": "expanda",
    "atlas": "",
    "rect": {
      "x": 2,
      "y": 2,
      "width": 1230,
      "height": 1110
    },
    "offset": {
      "x": 0,
      "y": 0
    },
    "originalSize": {
      "width": 1234,
      "height": 1114
    },
    "rotated": false,
    "capInsets": [
      0,
      0,
      0,
      0
    ],
    "vertices": {
      "rawPosition": [
        -615,
        -555,
        0,
        615,
        -555,
        0,
        -615,
        555,
        0,
        615,
        555,
        0
      ],
      "indexes": [
        0,
        1,
        2,
        2,
        1,
        3
      ],
      "uv": [
        2,
        1112,
        1232,
        1112,
        2,
        2,
        1232,
        2
      ],
      "nuv": [
        0.0016207455429497568,
        0.0017953321364452424,
        0.9983792544570502,
        0.0017953321364452424,
        0.0016207455429497568,
        0.9982046678635548,
        0.9983792544570502,
        0.9982046678635548
      ],
      "minPos": {
        "x": -615,
        "y": -555,
        "z": 0
      },
      "maxPos": {
        "x": 615,
        "y": 555,
        "z": 0
      }
    },
    "texture": "8237252c-2b0e-42d8-8c57-842537a34456@6c48a",
    "packable": true,
    "pixelsToUnit": 100,
    "pivot": {
      "x": 0.5,
      "y": 0.5
    },
    "meshType": 0
  }
}