{
  "__type__": "cc.SpriteFrame",
  "content": {
    "name": "fontjackpot_font",
    "atlas": "",
    "rect": {
      "x": 0,
      "y": 0,
      "width": 193,
      "height": 195
    },
    "offset": {
      "x": -4,
      "y": 4
    },
    "originalSize": {
      "width": 201,
      "height": 203
    },
    "rotated": false,
    "capInsets": [
      0,
      0,
      0,
      0
    ],
    "vertices": {
      "rawPosition": [
        -96.5,
        -97.5,
        0,
        96.5,
        -97.5,
        0,
        -96.5,
        97.5,
        0,
        96.5,
        97.5,
        0
      ],
      "indexes": [
        0,
        1,
        2,
        2,
        1,
        3
      ],
      "uv": [
        0,
        203,
        193,
        203,
        0,
        8,
        193,
        8
      ],
      "nuv": [
        0,
        0.03940886699507389,
        0.9601990049751243,
        0.03940886699507389,
        0,
        1,
        0.9601990049751243,
        1
      ],
      "minPos": {
        "x": -96.5,
        "y": -97.5,
        "z": 0
      },
      "maxPos": {
        "x": 96.5,
        "y": 97.5,
        "z": 0
      }
    },
    "texture": "825a8e23-379e-41a8-a1a3-2667d12778e1@6c48a",
    "packable": true,
    "pixelsToUnit": 100,
    "pivot": {
      "x": 0.5,
      "y": 0.5
    },
    "meshType": 0
  }
}