{
  "__type__": "cc.SpriteFrame",
  "content": {
    "name": "ThangLon_ani2",
    "atlas": "",
    "rect": {
      "x": 1,
      "y": 39,
      "width": 629,
      "height": 590
    },
    "offset": {
      "x": 0,
      "y": -19
    },
    "originalSize": {
      "width": 631,
      "height": 630
    },
    "rotated": false,
    "capInsets": [
      0,
      0,
      0,
      0
    ],
    "vertices": {
      "rawPosition": [
        -314.5,
        -295,
        0,
        314.5,
        -295,
        0,
        -314.5,
        295,
        0,
        314.5,
        295,
        0
      ],
      "indexes": [
        0,
        1,
        2,
        2,
        1,
        3
      ],
      "uv": [
        1,
        591,
        630,
        591,
        1,
        1,
        630,
        1
      ],
      "nuv": [
        0.001584786053882726,
        0.0015873015873015873,
        0.9984152139461173,
        0.0015873015873015873,
        0.001584786053882726,
        0.9380952380952381,
        0.9984152139461173,
        0.9380952380952381
      ],
      "minPos": {
        "x": -314.5,
        "y": -295,
        "z": 0
      },
      "maxPos": {
        "x": 314.5,
        "y": 295,
        "z": 0
      }
    },
    "texture": "829a60b5-d790-41bf-8d12-83823de84540@6c48a",
    "packable": true,
    "pixelsToUnit": 100,
    "pivot": {
      "x": 0.5,
      "y": 0.5
    },
    "meshType": 0
  }
}