{
  "__type__": "cc.SpriteFrame",
  "content": {
    "name": "skeleton",
    "atlas": "",
    "rect": {
      "x": 112,
      "y": 76,
      "width": 1784,
      "height": 1902
    },
    "offset": {
      "x": -20,
      "y": -3
    },
    "originalSize": {
      "width": 2048,
      "height": 2048
    },
    "rotated": false,
    "capInsets": [
      0,
      0,
      0,
      0
    ],
    "vertices": {
      "rawPosition": [
        -892,
        -951,
        0,
        892,
        -951,
        0,
        -892,
        951,
        0,
        892,
        951,
        0
      ],
      "indexes": [
        0,
        1,
        2,
        2,
        1,
        3
      ],
      "uv": [
        112,
        1972,
        1896,
        1972,
        112,
        70,
        1896,
        70
      ],
      "nuv": [
        0.0546875,
        0.0341796875,
        0.92578125,
        0.0341796875,
        0.0546875,
        0.962890625,
        0.92578125,
        0.962890625
      ],
      "minPos": {
        "x": -892,
        "y": -951,
        "z": 0
      },
      "maxPos": {
        "x": 892,
        "y": 951,
        "z": 0
      }
    },
    "texture": "b22d65f7-398f-42cc-84bf-a0fe957795dc@6c48a",
    "packable": true,
    "pixelsToUnit": 100,
    "pivot": {
      "x": 0.5,
      "y": 0.5
    },
    "meshType": 0
  }
}