{
  "__type__": "cc.SpriteFrame",
  "content": {
    "name": "effect_frame_C_1_tex",
    "atlas": "",
    "rect": {
      "x": 1,
      "y": 1,
      "width": 313,
      "height": 487
    },
    "offset": {
      "x": -98.5,
      "y": 11.5
    },
    "originalSize": {
      "width": 512,
      "height": 512
    },
    "rotated": false,
    "capInsets": [
      0,
      0,
      0,
      0
    ],
    "vertices": {
      "rawPosition": [
        -156.5,
        -243.5,
        0,
        156.5,
        -243.5,
        0,
        -156.5,
        243.5,
        0,
        156.5,
        243.5,
        0
      ],
      "indexes": [
        0,
        1,
        2,
        2,
        1,
        3
      ],
      "uv": [
        1,
        511,
        314,
        511,
        1,
        24,
        314,
        24
      ],
      "nuv": [
        0.001953125,
        0.046875,
        0.61328125,
        0.046875,
        0.001953125,
        0.998046875,
        0.61328125,
        0.998046875
      ],
      "minPos": {
        "x": -156.5,
        "y": -243.5,
        "z": 0
      },
      "maxPos": {
        "x": 156.5,
        "y": 243.5,
        "z": 0
      }
    },
    "texture": "b2681cf1-2741-4bf3-acd6-1cd702e38477@6c48a",
    "packable": true,
    "pixelsToUnit": 100,
    "pivot": {
      "x": 0.5,
      "y": 0.5
    },
    "meshType": 0
  }
}