{
  "__type__": "cc.SpriteFrame",
  "content": {
    "name": "tu than thu",
    "atlas": "",
    "rect": {
      "x": 4,
      "y": 2,
      "width": 1400,
      "height": 275
    },
    "offset": {
      "x": 0,
      "y": 0.5
    },
    "originalSize": {
      "width": 1408,
      "height": 280
    },
    "rotated": false,
    "capInsets": [
      0,
      0,
      0,
      0
    ],
    "vertices": {
      "rawPosition": [
        -700,
        -137.5,
        0,
        700,
        -137.5,
        0,
        -700,
        137.5,
        0,
        700,
        137.5,
        0
      ],
      "indexes": [
        0,
        1,
        2,
        2,
        1,
        3
      ],
      "uv": [
        4,
        278,
        1404,
        278,
        4,
        3,
        1404,
        3
      ],
      "nuv": [
        0.002840909090909091,
        0.010714285714285714,
        0.9971590909090909,
        0.010714285714285714,
        0.002840909090909091,
        0.9928571428571429,
        0.9971590909090909,
        0.9928571428571429
      ],
      "minPos": {
        "x": -700,
        "y": -137.5,
        "z": 0
      },
      "maxPos": {
        "x": 700,
        "y": 137.5,
        "z": 0
      }
    },
    "texture": "b280a9b9-ed68-4de2-ad11-31e69d3b3e11@6c48a",
    "packable": true,
    "pixelsToUnit": 100,
    "pivot": {
      "x": 0.5,
      "y": 0.5
    },
    "meshType": 0
  }
}