{
  "__type__": "cc.SpriteFrame",
  "content": {
    "name": "gif",
    "atlas": "",
    "rect": {
      "x": 0,
      "y": 4,
      "width": 98,
      "height": 94
    },
    "offset": {
      "x": 0,
      "y": 2.5
    },
    "originalSize": {
      "width": 98,
      "height": 107
    },
    "rotated": false,
    "capInsets": [
      0,
      0,
      0,
      0
    ],
    "vertices": {
      "rawPosition": [
        -49,
        -47,
        0,
        49,
        -47,
        0,
        -49,
        47,
        0,
        49,
        47,
        0
      ],
      "indexes": [
        0,
        1,
        2,
        2,
        1,
        3
      ],
      "uv": [
        0,
        103,
        98,
        103,
        0,
        9,
        98,
        9
      ],
      "nuv": [
        0,
        0.08411214953271028,
        1,
        0.08411214953271028,
        0,
        0.9626168224299065,
        1,
        0.9626168224299065
      ],
      "minPos": {
        "x": -49,
        "y": -47,
        "z": 0
      },
      "maxPos": {
        "x": 49,
        "y": 47,
        "z": 0
      }
    },
    "texture": "b2f43567-8609-4bf8-868f-fe2bb1b12e05@6c48a",
    "packable": true,
    "pixelsToUnit": 100,
    "pivot": {
      "x": 0.5,
      "y": 0.5
    },
    "meshType": 0
  }
}