{
  "__type__": "cc.SpriteFrame",
  "content": {
    "name": "mini-toggle",
    "atlas": "",
    "rect": {
      "x": 1,
      "y": 1,
      "width": 22,
      "height": 22
    },
    "offset": {
      "x": 0,
      "y": 0
    },
    "originalSize": {
      "width": 24,
      "height": 24
    },
    "rotated": false,
    "capInsets": [
      0,
      0,
      0,
      0
    ],
    "vertices": {
      "rawPosition": [
        -11,
        -11,
        0,
        11,
        -11,
        0,
        -11,
        11,
        0,
        11,
        11,
        0
      ],
      "indexes": [
        0,
        1,
        2,
        2,
        1,
        3
      ],
      "uv": [
        1,
        23,
        23,
        23,
        1,
        1,
        23,
        1
      ],
      "nuv": [
        0.041666666666666664,
        0.041666666666666664,
        0.9583333333333334,
        0.041666666666666664,
        0.041666666666666664,
        0.9583333333333334,
        0.9583333333333334,
        0.9583333333333334
      ],
      "minPos": {
        "x": -11,
        "y": -11,
        "z": 0
      },
      "maxPos": {
        "x": 11,
        "y": 11,
        "z": 0
      }
    },
    "texture": "b2fdcb1c-8cb4-4be6-91dc-7fcdc861e782@6c48a",
    "packable": true,
    "pixelsToUnit": 100,
    "pivot": {
      "x": 0.5,
      "y": 0.5
    },
    "meshType": 0
  }
}