{
  "__type__": "cc.SpriteFrame",
  "content": {
    "name": "lblXiuSang",
    "atlas": "",
    "rect": {
      "x": 2,
      "y": 1,
      "width": 206,
      "height": 115
    },
    "offset": {
      "x": 0.5,
      "y": 0
    },
    "originalSize": {
      "width": 209,
      "height": 117
    },
    "rotated": false,
    "capInsets": [
      0,
      0,
      0,
      0
    ],
    "vertices": {
      "rawPosition": [
        -103,
        -57.5,
        0,
        103,
        -57.5,
        0,
        -103,
        57.5,
        0,
        103,
        57.5,
        0
      ],
      "indexes": [
        0,
        1,
        2,
        2,
        1,
        3
      ],
      "uv": [
        2,
        116,
        208,
        116,
        2,
        1,
        208,
        1
      ],
      "nuv": [
        0.009569377990430622,
        0.008547008547008548,
        0.9952153110047847,
        0.008547008547008548,
        0.009569377990430622,
        0.9914529914529915,
        0.9952153110047847,
        0.9914529914529915
      ],
      "minPos": {
        "x": -103,
        "y": -57.5,
        "z": 0
      },
      "maxPos": {
        "x": 103,
        "y": 57.5,
        "z": 0
      }
    },
    "texture": "95a4370d-535b-491b-b26d-3bd0f7e8d11c@6c48a",
    "packable": true,
    "pixelsToUnit": 100,
    "pivot": {
      "x": 0.5,
      "y": 0.5
    },
    "meshType": 0
  }
}