{
  "__type__": "cc.SpriteFrame",
  "content": {
    "name": "FIREBG",
    "atlas": "",
    "rect": {
      "x": 2,
      "y": 2,
      "width": 3977,
      "height": 1002
    },
    "offset": {
      "x": -57.5,
      "y": 9
    },
    "originalSize": {
      "width": 4096,
      "height": 1024
    },
    "rotated": false,
    "capInsets": [
      0,
      0,
      0,
      0
    ],
    "vertices": {
      "rawPosition": [
        -1988.5,
        -501,
        0,
        1988.5,
        -501,
        0,
        -1988.5,
        501,
        0,
        1988.5,
        501,
        0
      ],
      "indexes": [
        0,
        1,
        2,
        2,
        1,
        3
      ],
      "uv": [
        2,
        1022,
        3979,
        1022,
        2,
        20,
        3979,
        20
      ],
      "nuv": [
        0.00048828125,
        0.01953125,
        0.971435546875,
        0.01953125,
        0.00048828125,
        0.998046875,
        0.971435546875,
        0.998046875
      ],
      "minPos": {
        "x": -1988.5,
        "y": -501,
        "z": 0
      },
      "maxPos": {
        "x": 1988.5,
        "y": 501,
        "z": 0
      }
    },
    "texture": "21915273-44c9-4dd6-848c-ddf66448a0c2@6c48a",
    "packable": true,
    "pixelsToUnit": 100,
    "pivot": {
      "x": 0.5,
      "y": 0.5
    },
    "meshType": 0
  }
}