{
  "__type__": "cc.SpriteFrame",
  "content": {
    "name": "skeleton",
    "atlas": "",
    "rect": {
      "x": 2,
      "y": 4,
      "width": 566,
      "height": 1017
    },
    "offset": {
      "x": -227,
      "y": -0.5
    },
    "originalSize": {
      "width": 1024,
      "height": 1024
    },
    "rotated": false,
    "capInsets": [
      0,
      0,
      0,
      0
    ],
    "vertices": {
      "rawPosition": [
        -283,
        -508.5,
        0,
        283,
        -508.5,
        0,
        -283,
        508.5,
        0,
        283,
        508.5,
        0
      ],
      "indexes": [
        0,
        1,
        2,
        2,
        1,
        3
      ],
      "uv": [
        2,
        1020,
        568,
        1020,
        2,
        3,
        568,
        3
      ],
      "nuv": [
        0.001953125,
        0.0029296875,
        0.5546875,
        0.0029296875,
        0.001953125,
        0.99609375,
        0.5546875,
        0.99609375
      ],
      "minPos": {
        "x": -283,
        "y": -508.5,
        "z": 0
      },
      "maxPos": {
        "x": 283,
        "y": 508.5,
        "z": 0
      }
    },
    "texture": "21b1dc99-c483-4bac-a732-01e84261a1cc@6c48a",
    "packable": true,
    "pixelsToUnit": 100,
    "pivot": {
      "x": 0.5,
      "y": 0.5
    },
    "meshType": 0
  }
}