{
  "__type__": "cc.SpriteFrame",
  "content": {
    "name": "11",
    "atlas": "",
    "rect": {
      "x": 250,
      "y": 167,
      "width": 840,
      "height": 419
    },
    "offset": {
      "x": 30,
      "y": -16.5
    },
    "originalSize": {
      "width": 1280,
      "height": 720
    },
    "rotated": false,
    "capInsets": [
      0,
      0,
      0,
      0
    ],
    "vertices": {
      "rawPosition": [
        -420,
        -209.5,
        0,
        420,
        -209.5,
        0,
        -420,
        209.5,
        0,
        420,
        209.5,
        0
      ],
      "indexes": [
        0,
        1,
        2,
        2,
        1,
        3
      ],
      "uv": [
        250,
        553,
        1090,
        553,
        250,
        134,
        1090,
        134
      ],
      "nuv": [
        0.1953125,
        0.18611111111111112,
        0.8515625,
        0.18611111111111112,
        0.1953125,
        0.7680555555555556,
        0.8515625,
        0.7680555555555556
      ],
      "minPos": {
        "x": -420,
        "y": -209.5,
        "z": 0
      },
      "maxPos": {
        "x": 420,
        "y": 209.5,
        "z": 0
      }
    },
    "texture": "c763edf4-3b58-4e13-8ea2-655c6f500534@6c48a",
    "packable": true,
    "pixelsToUnit": 100,
    "pivot": {
      "x": 0.5,
      "y": 0.5
    },
    "meshType": 0
  }
}