{
  "__type__": "cc.SpriteFrame",
  "content": {
    "name": "fish_icon_hudieyu",
    "atlas": "",
    "rect": {
      "x": 0,
      "y": 11,
      "width": 88,
      "height": 57
    },
    "offset": {
      "x": 0,
      "y": -4.5
    },
    "originalSize": {
      "width": 88,
      "height": 70
    },
    "rotated": false,
    "capInsets": [
      0,
      0,
      0,
      0
    ],
    "vertices": {
      "rawPosition": [
        -44,
        -28.5,
        0,
        44,
        -28.5,
        0,
        -44,
        28.5,
        0,
        44,
        28.5,
        0
      ],
      "indexes": [
        0,
        1,
        2,
        2,
        1,
        3
      ],
      "uv": [
        0,
        59,
        88,
        59,
        0,
        2,
        88,
        2
      ],
      "nuv": [
        0,
        0.02857142857142857,
        1,
        0.02857142857142857,
        0,
        0.8428571428571429,
        1,
        0.8428571428571429
      ],
      "minPos": {
        "x": -44,
        "y": -28.5,
        "z": 0
      },
      "maxPos": {
        "x": 44,
        "y": 28.5,
        "z": 0
      }
    },
    "texture": "8f1d2310-6fcf-4b59-b2d9-7b365596e8d7@6c48a",
    "packable": true,
    "pixelsToUnit": 100,
    "pivot": {
      "x": 0.5,
      "y": 0.5
    },
    "meshType": 0
  }
}