{
  "__type__": "cc.SpriteFrame",
  "content": {
    "name": "ankangyu_tex",
    "atlas": "",
    "rect": {
      "x": 1,
      "y": 1,
      "width": 355,
      "height": 749
    },
    "offset": {
      "x": -77.5,
      "y": 136.5
    },
    "originalSize": {
      "width": 512,
      "height": 1024
    },
    "rotated": false,
    "capInsets": [
      0,
      0,
      0,
      0
    ],
    "vertices": {
      "rawPosition": [
        -177.5,
        -374.5,
        0,
        177.5,
        -374.5,
        0,
        -177.5,
        374.5,
        0,
        177.5,
        374.5,
        0
      ],
      "indexes": [
        0,
        1,
        2,
        2,
        1,
        3
      ],
      "uv": [
        1,
        1023,
        356,
        1023,
        1,
        274,
        356,
        274
      ],
      "nuv": [
        0.001953125,
        0.267578125,
        0.6953125,
        0.267578125,
        0.001953125,
        0.9990234375,
        0.6953125,
        0.9990234375
      ],
      "minPos": {
        "x": -177.5,
        "y": -374.5,
        "z": 0
      },
      "maxPos": {
        "x": 177.5,
        "y": 374.5,
        "z": 0
      }
    },
    "texture": "8f6a3aa1-9af5-4a27-9e26-453506df45eb@6c48a",
    "packable": true,
    "pixelsToUnit": 100,
    "pivot": {
      "x": 0.5,
      "y": 0.5
    },
    "meshType": 0
  }
}