{
  "__type__": "cc.SpriteFrame",
  "content": {
    "name": "line03",
    "atlas": "",
    "rect": {
      "x": 192,
      "y": 337,
      "width": 1006,
      "height": 303
    },
    "offset": {
      "x": 55,
      "y": -128.5
    },
    "originalSize": {
      "width": 1280,
      "height": 720
    },
    "rotated": false,
    "capInsets": [
      0,
      0,
      0,
      0
    ],
    "vertices": {
      "rawPosition": [
        -503,
        -151.5,
        0,
        503,
        -151.5,
        0,
        -503,
        151.5,
        0,
        503,
        151.5,
        0
      ],
      "indexes": [
        0,
        1,
        2,
        2,
        1,
        3
      ],
      "uv": [
        192,
        383,
        1198,
        383,
        192,
        80,
        1198,
        80
      ],
      "nuv": [
        0.15,
        0.1111111111111111,
        0.9359375,
        0.1111111111111111,
        0.15,
        0.5319444444444444,
        0.9359375,
        0.5319444444444444
      ],
      "minPos": {
        "x": -503,
        "y": -151.5,
        "z": 0
      },
      "maxPos": {
        "x": 503,
        "y": 151.5,
        "z": 0
      }
    },
    "texture": "8f727a8c-d6fb-41df-b46a-42dfb2068b7e@6c48a",
    "packable": true,
    "pixelsToUnit": 100,
    "pivot": {
      "x": 0.5,
      "y": 0.5
    },
    "meshType": 0
  }
}