{
  "__type__": "cc.SpriteFrame",
  "content": {
    "name": "kyby_zidan4-hit_tex",
    "atlas": "",
    "rect": {
      "x": 11,
      "y": 15,
      "width": 1937,
      "height": 971
    },
    "offset": {
      "x": -44.5,
      "y": 11.5
    },
    "originalSize": {
      "width": 2048,
      "height": 1024
    },
    "rotated": false,
    "capInsets": [
      0,
      0,
      0,
      0
    ],
    "vertices": {
      "rawPosition": [
        -968.5,
        -485.5,
        0,
        968.5,
        -485.5,
        0,
        -968.5,
        485.5,
        0,
        968.5,
        485.5,
        0
      ],
      "indexes": [
        0,
        1,
        2,
        2,
        1,
        3
      ],
      "uv": [
        11,
        1009,
        1948,
        1009,
        11,
        38,
        1948,
        38
      ],
      "nuv": [
        0.00537109375,
        0.037109375,
        0.951171875,
        0.037109375,
        0.00537109375,
        0.9853515625,
        0.951171875,
        0.9853515625
      ],
      "minPos": {
        "x": -968.5,
        "y": -485.5,
        "z": 0
      },
      "maxPos": {
        "x": 968.5,
        "y": 485.5,
        "z": 0
      }
    },
    "texture": "8f95c2f3-bccb-438e-8b5b-f96b1909f9eb@6c48a",
    "packable": true,
    "pixelsToUnit": 100,
    "pivot": {
      "x": 0.5,
      "y": 0.5
    },
    "meshType": 0
  }
}