{
  "__type__": "cc.SpriteFrame",
  "content": {
    "name": "top1",
    "atlas": "",
    "rect": {
      "x": 1,
      "y": 1,
      "width": 88,
      "height": 59
    },
    "offset": {
      "x": 0,
      "y": 0
    },
    "originalSize": {
      "width": 90,
      "height": 61
    },
    "rotated": false,
    "capInsets": [
      0,
      0,
      0,
      0
    ],
    "vertices": {
      "rawPosition": [
        -44,
        -29.5,
        0,
        44,
        -29.5,
        0,
        -44,
        29.5,
        0,
        44,
        29.5,
        0
      ],
      "indexes": [
        0,
        1,
        2,
        2,
        1,
        3
      ],
      "uv": [
        1,
        60,
        89,
        60,
        1,
        1,
        89,
        1
      ],
      "nuv": [
        0.011111111111111112,
        0.01639344262295082,
        0.9888888888888889,
        0.01639344262295082,
        0.011111111111111112,
        0.9836065573770492,
        0.9888888888888889,
        0.9836065573770492
      ],
      "minPos": {
        "x": -44,
        "y": -29.5,
        "z": 0
      },
      "maxPos": {
        "x": 44,
        "y": 29.5,
        "z": 0
      }
    },
    "texture": "ff47ebf4-5faf-459b-9de4-b4752c93042b@6c48a",
    "packable": true,
    "pixelsToUnit": 100,
    "pivot": {
      "x": 0.5,
      "y": 0.5
    },
    "meshType": 0
  }
}