{
  "__type__": "cc.SpriteFrame",
  "content": {
    "name": "kyby_hall_bj_jiemian_tex",
    "atlas": "",
    "rect": {
      "x": 1,
      "y": 3,
      "width": 2042,
      "height": 1820
    },
    "offset": {
      "x": -2,
      "y": 111
    },
    "originalSize": {
      "width": 2048,
      "height": 2048
    },
    "rotated": false,
    "capInsets": [
      0,
      0,
      0,
      0
    ],
    "vertices": {
      "rawPosition": [
        -1021,
        -910,
        0,
        1021,
        -910,
        0,
        -1021,
        910,
        0,
        1021,
        910,
        0
      ],
      "indexes": [
        0,
        1,
        2,
        2,
        1,
        3
      ],
      "uv": [
        1,
        2045,
        2043,
        2045,
        1,
        225,
        2043,
        225
      ],
      "nuv": [
        0.00048828125,
        0.10986328125,
        0.99755859375,
        0.10986328125,
        0.00048828125,
        0.99853515625,
        0.99755859375,
        0.99853515625
      ],
      "minPos": {
        "x": -1021,
        "y": -910,
        "z": 0
      },
      "maxPos": {
        "x": 1021,
        "y": 910,
        "z": 0
      }
    },
    "texture": "ffc5a80b-d9d2-4565-a2da-e56bc80da9c2@6c48a",
    "packable": true,
    "pixelsToUnit": 100,
    "pivot": {
      "x": 0.5,
      "y": 0.5
    },
    "meshType": 0
  }
}