{
  "__type__": "cc.SpriteFrame",
  "content": {
    "name": "fish_game_pic_paotaidi",
    "atlas": "",
    "rect": {
      "x": 1,
      "y": 1,
      "width": 337,
      "height": 81
    },
    "offset": {
      "x": 0.5,
      "y": -0.5
    },
    "originalSize": {
      "width": 338,
      "height": 82
    },
    "rotated": false,
    "capInsets": [
      0,
      0,
      0,
      0
    ],
    "vertices": {
      "rawPosition": [
        -168.5,
        -40.5,
        0,
        168.5,
        -40.5,
        0,
        -168.5,
        40.5,
        0,
        168.5,
        40.5,
        0
      ],
      "indexes": [
        0,
        1,
        2,
        2,
        1,
        3
      ],
      "uv": [
        1,
        81,
        338,
        81,
        1,
        0,
        338,
        0
      ],
      "nuv": [
        0.0029585798816568047,
        0,
        1,
        0,
        0.0029585798816568047,
        0.9878048780487805,
        1,
        0.9878048780487805
      ],
      "minPos": {
        "x": -168.5,
        "y": -40.5,
        "z": 0
      },
      "maxPos": {
        "x": 168.5,
        "y": 40.5,
        "z": 0
      }
    },
    "texture": "d492e4c1-9f0e-49f2-b49e-c2cf3966c6d4@6c48a",
    "packable": true,
    "pixelsToUnit": 100,
    "pivot": {
      "x": 0.5,
      "y": 0.5
    },
    "meshType": 0
  }
}