{
  "__type__": "cc.SpriteFrame",
  "content": {
    "name": "candy2",
    "atlas": "",
    "rect": {
      "x": 2,
      "y": 1,
      "width": 101,
      "height": 103
    },
    "offset": {
      "x": 0,
      "y": -0.5
    },
    "originalSize": {
      "width": 105,
      "height": 104
    },
    "rotated": false,
    "capInsets": [
      0,
      0,
      0,
      0
    ],
    "vertices": {
      "rawPosition": [
        -50.5,
        -51.5,
        0,
        50.5,
        -51.5,
        0,
        -50.5,
        51.5,
        0,
        50.5,
        51.5,
        0
      ],
      "indexes": [
        0,
        1,
        2,
        2,
        1,
        3
      ],
      "uv": [
        2,
        103,
        103,
        103,
        2,
        0,
        103,
        0
      ],
      "nuv": [
        0.01904761904761905,
        0,
        0.9809523809523809,
        0,
        0.01904761904761905,
        0.9903846153846154,
        0.9809523809523809,
        0.9903846153846154
      ],
      "minPos": {
        "x": -50.5,
        "y": -51.5,
        "z": 0
      },
      "maxPos": {
        "x": 50.5,
        "y": 51.5,
        "z": 0
      }
    },
    "texture": "81455930-e622-4245-b289-c9308489dba4@6c48a",
    "packable": true,
    "pixelsToUnit": 100,
    "pivot": {
      "x": 0.5,
      "y": 0.5
    },
    "meshType": 0
  }
}