{
  "__type__": "cc.SpriteFrame",
  "content": {
    "name": "BaiCao",
    "atlas": "",
    "rect": {
      "x": 2,
      "y": 2,
      "width": 326,
      "height": 273
    },
    "offset": {
      "x": 0,
      "y": 0
    },
    "originalSize": {
      "width": 330,
      "height": 277
    },
    "rotated": false,
    "capInsets": [
      0,
      0,
      0,
      0
    ],
    "vertices": {
      "rawPosition": [
        -163,
        -136.5,
        0,
        163,
        -136.5,
        0,
        -163,
        136.5,
        0,
        163,
        136.5,
        0
      ],
      "indexes": [
        0,
        1,
        2,
        2,
        1,
        3
      ],
      "uv": [
        2,
        275,
        328,
        275,
        2,
        2,
        328,
        2
      ],
      "nuv": [
        0.006060606060606061,
        0.007220216606498195,
        0.9939393939393939,
        0.007220216606498195,
        0.006060606060606061,
        0.9927797833935018,
        0.9939393939393939,
        0.9927797833935018
      ],
      "minPos": {
        "x": -163,
        "y": -136.5,
        "z": 0
      },
      "maxPos": {
        "x": 163,
        "y": 136.5,
        "z": 0
      }
    },
    "texture": "9ecec6db-774a-44b4-888a-eb2b1f90634c@6c48a",
    "packable": true,
    "pixelsToUnit": 100,
    "pivot": {
      "x": 0.5,
      "y": 0.5
    },
    "meshType": 0
  }
}