{
  "__type__": "cc.SpriteFrame",
  "content": {
    "name": "8",
    "atlas": "",
    "rect": {
      "x": 195,
      "y": 182,
      "width": 798,
      "height": 358
    },
    "offset": {
      "x": -46,
      "y": -1
    },
    "originalSize": {
      "width": 1280,
      "height": 720
    },
    "rotated": false,
    "capInsets": [
      0,
      0,
      0,
      0
    ],
    "vertices": {
      "rawPosition": [
        -399,
        -179,
        0,
        399,
        -179,
        0,
        -399,
        179,
        0,
        399,
        179,
        0
      ],
      "indexes": [
        0,
        1,
        2,
        2,
        1,
        3
      ],
      "uv": [
        195,
        538,
        993,
        538,
        195,
        180,
        993,
        180
      ],
      "nuv": [
        0.15234375,
        0.25,
        0.77578125,
        0.25,
        0.15234375,
        0.7472222222222222,
        0.77578125,
        0.7472222222222222
      ],
      "minPos": {
        "x": -399,
        "y": -179,
        "z": 0
      },
      "maxPos": {
        "x": 399,
        "y": 179,
        "z": 0
      }
    },
    "texture": "9ed8b156-7ee3-4cc5-9953-b4f164973fa2@6c48a",
    "packable": true,
    "pixelsToUnit": 100,
    "pivot": {
      "x": 0.5,
      "y": 0.5
    },
    "meshType": 0
  }
}