{
  "__type__": "cc.SpriteFrame",
  "content": {
    "name": "23",
    "atlas": "",
    "rect": {
      "x": 20,
      "y": 54,
      "width": 760,
      "height": 358
    },
    "offset": {
      "x": -26.5,
      "y": -6
    },
    "originalSize": {
      "width": 853,
      "height": 454
    },
    "rotated": false,
    "capInsets": [
      0,
      0,
      0,
      0
    ],
    "vertices": {
      "rawPosition": [
        -380,
        -179,
        0,
        380,
        -179,
        0,
        -380,
        179,
        0,
        380,
        179,
        0
      ],
      "indexes": [
        0,
        1,
        2,
        2,
        1,
        3
      ],
      "uv": [
        20,
        400,
        780,
        400,
        20,
        42,
        780,
        42
      ],
      "nuv": [
        0.023446658851113716,
        0.09251101321585903,
        0.9144196951934349,
        0.09251101321585903,
        0.023446658851113716,
        0.8810572687224669,
        0.9144196951934349,
        0.8810572687224669
      ],
      "minPos": {
        "x": -380,
        "y": -179,
        "z": 0
      },
      "maxPos": {
        "x": 380,
        "y": 179,
        "z": 0
      }
    },
    "texture": "9eee3343-9959-4371-9a1b-6e49e9cdf19c@6c48a",
    "packable": true,
    "pixelsToUnit": 100,
    "pivot": {
      "x": 0.5,
      "y": 0.5
    },
    "meshType": 0
  }
}