{
  "__type__": "cc.SpriteFrame",
  "content": {
    "name": "android",
    "atlas": "",
    "rect": {
      "x": 1,
      "y": 1,
      "width": 71,
      "height": 71
    },
    "offset": {
      "x": 0,
      "y": 0
    },
    "originalSize": {
      "width": 73,
      "height": 73
    },
    "rotated": false,
    "capInsets": [
      0,
      0,
      0,
      0
    ],
    "vertices": {
      "rawPosition": [
        -35.5,
        -35.5,
        0,
        35.5,
        -35.5,
        0,
        -35.5,
        35.5,
        0,
        35.5,
        35.5,
        0
      ],
      "indexes": [
        0,
        1,
        2,
        2,
        1,
        3
      ],
      "uv": [
        1,
        72,
        72,
        72,
        1,
        1,
        72,
        1
      ],
      "nuv": [
        0.0136986301369863,
        0.0136986301369863,
        0.9863013698630136,
        0.0136986301369863,
        0.0136986301369863,
        0.9863013698630136,
        0.9863013698630136,
        0.9863013698630136
      ],
      "minPos": {
        "x": -35.5,
        "y": -35.5,
        "z": 0
      },
      "maxPos": {
        "x": 35.5,
        "y": 35.5,
        "z": 0
      }
    },
    "texture": "e9531106-b1d6-4f46-b6e7-c03f5a2e54bf@6c48a",
    "packable": true,
    "pixelsToUnit": 100,
    "pivot": {
      "x": 0.5,
      "y": 0.5
    },
    "meshType": 0
  }
}