{
  "__type__": "cc.SpriteFrame",
  "content": {
    "name": "Animation_Western_bonusgame",
    "atlas": "",
    "rect": {
      "x": 2,
      "y": 2,
      "width": 874,
      "height": 874
    },
    "offset": {
      "x": 0,
      "y": 0
    },
    "originalSize": {
      "width": 878,
      "height": 878
    },
    "rotated": false,
    "capInsets": [
      0,
      0,
      0,
      0
    ],
    "vertices": {
      "rawPosition": [
        -437,
        -437,
        0,
        437,
        -437,
        0,
        -437,
        437,
        0,
        437,
        437,
        0
      ],
      "indexes": [
        0,
        1,
        2,
        2,
        1,
        3
      ],
      "uv": [
        2,
        876,
        876,
        876,
        2,
        2,
        876,
        2
      ],
      "nuv": [
        0.002277904328018223,
        0.002277904328018223,
        0.9977220956719818,
        0.002277904328018223,
        0.002277904328018223,
        0.9977220956719818,
        0.9977220956719818,
        0.9977220956719818
      ],
      "minPos": {
        "x": -437,
        "y": -437,
        "z": 0
      },
      "maxPos": {
        "x": 437,
        "y": 437,
        "z": 0
      }
    },
    "texture": "e96a5dbc-ecfa-451c-8a2d-3ae0abc40812@6c48a",
    "packable": true,
    "pixelsToUnit": 100,
    "pivot": {
      "x": 0.5,
      "y": 0.5
    },
    "meshType": 0
  }
}