{
  "__type__": "cc.SpriteFrame",
  "content": {
    "name": "skeleton",
    "atlas": "",
    "rect": {
      "x": 1,
      "y": 1,
      "width": 302,
      "height": 162
    },
    "offset": {
      "x": 0,
      "y": 0
    },
    "originalSize": {
      "width": 304,
      "height": 164
    },
    "rotated": false,
    "capInsets": [
      0,
      0,
      0,
      0
    ],
    "vertices": {
      "rawPosition": [
        -151,
        -81,
        0,
        151,
        -81,
        0,
        -151,
        81,
        0,
        151,
        81,
        0
      ],
      "indexes": [
        0,
        1,
        2,
        2,
        1,
        3
      ],
      "uv": [
        1,
        163,
        303,
        163,
        1,
        1,
        303,
        1
      ],
      "nuv": [
        0.003289473684210526,
        0.006097560975609756,
        0.9967105263157895,
        0.006097560975609756,
        0.003289473684210526,
        0.9939024390243902,
        0.9967105263157895,
        0.9939024390243902
      ],
      "minPos": {
        "x": -151,
        "y": -81,
        "z": 0
      },
      "maxPos": {
        "x": 151,
        "y": 81,
        "z": 0
      }
    },
    "texture": "e9993796-d45a-4253-b32b-8c3d612592cd@6c48a",
    "packable": true,
    "pixelsToUnit": 100,
    "pivot": {
      "x": 0.5,
      "y": 0.5
    },
    "meshType": 0
  }
}