{
  "__type__": "cc.SpriteFrame",
  "content": {
    "name": "49733a80-9049-45e2-b3dd-70c87bf35d4d",
    "atlas": "",
    "rect": {
      "x": 1,
      "y": 0,
      "width": 82,
      "height": 88
    },
    "offset": {
      "x": 0.5,
      "y": 0
    },
    "originalSize": {
      "width": 83,
      "height": 88
    },
    "rotated": false,
    "capInsets": [
      0,
      0,
      0,
      0
    ],
    "vertices": {
      "rawPosition": [
        -41,
        -44,
        0,
        41,
        -44,
        0,
        -41,
        44,
        0,
        41,
        44,
        0
      ],
      "indexes": [
        0,
        1,
        2,
        2,
        1,
        3
      ],
      "uv": [
        1,
        88,
        83,
        88,
        1,
        0,
        83,
        0
      ],
      "nuv": [
        0.012048192771084338,
        0,
        1,
        0,
        0.012048192771084338,
        1,
        1,
        1
      ],
      "minPos": {
        "x": -41,
        "y": -44,
        "z": 0
      },
      "maxPos": {
        "x": 41,
        "y": 44,
        "z": 0
      }
    },
    "texture": "e9b432bc-eeed-47ee-9b16-8b2c5fa2052c@6c48a",
    "packable": true,
    "pixelsToUnit": 100,
    "pivot": {
      "x": 0.5,
      "y": 0.5
    },
    "meshType": 0
  }
}