{
  "__type__": "cc.SpriteFrame",
  "content": {
    "name": "CapThapV2",
    "atlas": "",
    "rect": {
      "x": 0,
      "y": 0,
      "width": 793,
      "height": 764
    },
    "offset": {
      "x": 0,
      "y": 1
    },
    "originalSize": {
      "width": 793,
      "height": 766
    },
    "rotated": false,
    "capInsets": [
      0,
      0,
      0,
      0
    ],
    "vertices": {
      "rawPosition": [
        -396.5,
        -382,
        0,
        396.5,
        -382,
        0,
        -396.5,
        382,
        0,
        396.5,
        382,
        0
      ],
      "indexes": [
        0,
        1,
        2,
        2,
        1,
        3
      ],
      "uv": [
        0,
        766,
        793,
        766,
        0,
        2,
        793,
        2
      ],
      "nuv": [
        0,
        0.0026109660574412533,
        1,
        0.0026109660574412533,
        0,
        1,
        1,
        1
      ],
      "minPos": {
        "x": -396.5,
        "y": -382,
        "z": 0
      },
      "maxPos": {
        "x": 396.5,
        "y": 382,
        "z": 0
      }
    },
    "texture": "e9fb0a32-fbd2-4007-9cc3-aa1f21abd45d@6c48a",
    "packable": true,
    "pixelsToUnit": 100,
    "pivot": {
      "x": 0.5,
      "y": 0.5
    },
    "meshType": 0
  }
}