{
  "__type__": "cc.SpriteFrame",
  "content": {
    "name": "ITEM1",
    "atlas": "",
    "rect": {
      "x": 1,
      "y": 1,
      "width": 135,
      "height": 110
    },
    "offset": {
      "x": 0,
      "y": 0
    },
    "originalSize": {
      "width": 137,
      "height": 112
    },
    "rotated": false,
    "capInsets": [
      0,
      0,
      0,
      0
    ],
    "vertices": {
      "rawPosition": [
        -67.5,
        -55,
        0,
        67.5,
        -55,
        0,
        -67.5,
        55,
        0,
        67.5,
        55,
        0
      ],
      "indexes": [
        0,
        1,
        2,
        2,
        1,
        3
      ],
      "uv": [
        1,
        111,
        136,
        111,
        1,
        1,
        136,
        1
      ],
      "nuv": [
        0.0072992700729927005,
        0.008928571428571428,
        0.9927007299270073,
        0.008928571428571428,
        0.0072992700729927005,
        0.9910714285714286,
        0.9927007299270073,
        0.9910714285714286
      ],
      "minPos": {
        "x": -67.5,
        "y": -55,
        "z": 0
      },
      "maxPos": {
        "x": 67.5,
        "y": 55,
        "z": 0
      }
    },
    "texture": "2b87f91f-8d3b-4e15-b097-b64d5fffe233@6c48a",
    "packable": true,
    "pixelsToUnit": 100,
    "pivot": {
      "x": 0.5,
      "y": 0.5
    },
    "meshType": 0
  }
}