{
  "__type__": "cc.SpriteFrame",
  "content": {
    "name": "lobby_icon",
    "atlas": "",
    "rect": {
      "x": 2,
      "y": 2,
      "width": 299,
      "height": 268
    },
    "offset": {
      "x": -0.5,
      "y": 0
    },
    "originalSize": {
      "width": 304,
      "height": 272
    },
    "rotated": false,
    "capInsets": [
      0,
      0,
      0,
      0
    ],
    "vertices": {
      "rawPosition": [
        -149.5,
        -134,
        0,
        149.5,
        -134,
        0,
        -149.5,
        134,
        0,
        149.5,
        134,
        0
      ],
      "indexes": [
        0,
        1,
        2,
        2,
        1,
        3
      ],
      "uv": [
        2,
        270,
        301,
        270,
        2,
        2,
        301,
        2
      ],
      "nuv": [
        0.006578947368421052,
        0.007352941176470588,
        0.9901315789473685,
        0.007352941176470588,
        0.006578947368421052,
        0.9926470588235294,
        0.9901315789473685,
        0.9926470588235294
      ],
      "minPos": {
        "x": -149.5,
        "y": -134,
        "z": 0
      },
      "maxPos": {
        "x": 149.5,
        "y": 134,
        "z": 0
      }
    },
    "texture": "2bd530e7-8675-4f3a-bc90-a83b3ac8ffb1@6c48a",
    "packable": true,
    "pixelsToUnit": 100,
    "pivot": {
      "x": 0.5,
      "y": 0.5
    },
    "meshType": 0
  }
}