{
  "__type__": "cc.SpriteFrame",
  "content": {
    "name": "7",
    "atlas": "",
    "rect": {
      "x": 1,
      "y": 3,
      "width": 122,
      "height": 116
    },
    "offset": {
      "x": 0.5,
      "y": -1.5
    },
    "originalSize": {
      "width": 123,
      "height": 119
    },
    "rotated": false,
    "capInsets": [
      0,
      0,
      0,
      0
    ],
    "vertices": {
      "rawPosition": [
        -61,
        -58,
        0,
        61,
        -58,
        0,
        -61,
        58,
        0,
        61,
        58,
        0
      ],
      "indexes": [
        0,
        1,
        2,
        2,
        1,
        3
      ],
      "uv": [
        1,
        116,
        123,
        116,
        1,
        0,
        123,
        0
      ],
      "nuv": [
        0.008130081300813009,
        0,
        1,
        0,
        0.008130081300813009,
        0.9747899159663865,
        1,
        0.9747899159663865
      ],
      "minPos": {
        "x": -61,
        "y": -58,
        "z": 0
      },
      "maxPos": {
        "x": 61,
        "y": 58,
        "z": 0
      }
    },
    "texture": "2bf7ef9d-8d06-4768-bcc4-151d071095c5@6c48a",
    "packable": true,
    "pixelsToUnit": 100,
    "pivot": {
      "x": 0.5,
      "y": 0.5
    },
    "meshType": 0
  }
}