{
  "__type__": "cc.SpriteFrame",
  "content": {
    "name": "stop",
    "atlas": "",
    "rect": {
      "x": 1,
      "y": 1,
      "width": 68,
      "height": 68
    },
    "offset": {
      "x": 0,
      "y": 0
    },
    "originalSize": {
      "width": 70,
      "height": 70
    },
    "rotated": false,
    "capInsets": [
      0,
      0,
      0,
      0
    ],
    "vertices": {
      "rawPosition": [
        -34,
        -34,
        0,
        34,
        -34,
        0,
        -34,
        34,
        0,
        34,
        34,
        0
      ],
      "indexes": [
        0,
        1,
        2,
        2,
        1,
        3
      ],
      "uv": [
        1,
        69,
        69,
        69,
        1,
        1,
        69,
        1
      ],
      "nuv": [
        0.014285714285714285,
        0.014285714285714285,
        0.9857142857142858,
        0.014285714285714285,
        0.014285714285714285,
        0.9857142857142858,
        0.9857142857142858,
        0.9857142857142858
      ],
      "minPos": {
        "x": -34,
        "y": -34,
        "z": 0
      },
      "maxPos": {
        "x": 34,
        "y": 34,
        "z": 0
      }
    },
    "texture": "e7462332-958f-414e-ad82-dcfdb51cc40a@6c48a",
    "packable": true,
    "pixelsToUnit": 100,
    "pivot": {
      "x": 0.5,
      "y": 0.5
    },
    "meshType": 0
  }
}