{
  "__type__": "cc.SpriteFrame",
  "content": {
    "name": "5",
    "atlas": "",
    "rect": {
      "x": 0,
      "y": 0,
      "width": 125,
      "height": 124
    },
    "offset": {
      "x": -1,
      "y": 0
    },
    "originalSize": {
      "width": 127,
      "height": 124
    },
    "rotated": false,
    "capInsets": [
      0,
      0,
      0,
      0
    ],
    "vertices": {
      "rawPosition": [
        -62.5,
        -62,
        0,
        62.5,
        -62,
        0,
        -62.5,
        62,
        0,
        62.5,
        62,
        0
      ],
      "indexes": [
        0,
        1,
        2,
        2,
        1,
        3
      ],
      "uv": [
        0,
        124,
        125,
        124,
        0,
        0,
        125,
        0
      ],
      "nuv": [
        0,
        0,
        0.984251968503937,
        0,
        0,
        1,
        0.984251968503937,
        1
      ],
      "minPos": {
        "x": -62.5,
        "y": -62,
        "z": 0
      },
      "maxPos": {
        "x": 62.5,
        "y": 62,
        "z": 0
      }
    },
    "texture": "e75979e0-f69f-4a45-9c6f-0c839b387536@6c48a",
    "packable": true,
    "pixelsToUnit": 100,
    "pivot": {
      "x": 0.5,
      "y": 0.5
    },
    "meshType": 0
  }
}