{
  "__type__": "cc.SpriteFrame",
  "content": {
    "name": "bt_Back",
    "atlas": "",
    "rect": {
      "x": 6,
      "y": 5,
      "width": 82,
      "height": 43
    },
    "offset": {
      "x": -3,
      "y": -0.5
    },
    "originalSize": {
      "width": 100,
      "height": 52
    },
    "rotated": false,
    "capInsets": [
      0,
      0,
      0,
      0
    ],
    "vertices": {
      "rawPosition": [
        -41,
        -21.5,
        0,
        41,
        -21.5,
        0,
        -41,
        21.5,
        0,
        41,
        21.5,
        0
      ],
      "indexes": [
        0,
        1,
        2,
        2,
        1,
        3
      ],
      "uv": [
        6,
        47,
        88,
        47,
        6,
        4,
        88,
        4
      ],
      "nuv": [
        0.06,
        0.07692307692307693,
        0.88,
        0.07692307692307693,
        0.06,
        0.9038461538461539,
        0.88,
        0.9038461538461539
      ],
      "minPos": {
        "x": -41,
        "y": -21.5,
        "z": 0
      },
      "maxPos": {
        "x": 41,
        "y": 21.5,
        "z": 0
      }
    },
    "texture": "8739db73-11e6-4dff-a526-24ff27601375@6c48a",
    "packable": true,
    "pixelsToUnit": 100,
    "pivot": {
      "x": 0.5,
      "y": 0.5
    },
    "meshType": 0
  }
}