{
  "__type__": "cc.SpriteFrame",
  "content": {
    "name": "skeleton",
    "atlas": "",
    "rect": {
      "x": 2,
      "y": 3,
      "width": 962,
      "height": 1019
    },
    "offset": {
      "x": -29,
      "y": -0.5
    },
    "originalSize": {
      "width": 1024,
      "height": 1024
    },
    "rotated": false,
    "capInsets": [
      0,
      0,
      0,
      0
    ],
    "vertices": {
      "rawPosition": [
        -481,
        -509.5,
        0,
        481,
        -509.5,
        0,
        -481,
        509.5,
        0,
        481,
        509.5,
        0
      ],
      "indexes": [
        0,
        1,
        2,
        2,
        1,
        3
      ],
      "uv": [
        2,
        1021,
        964,
        1021,
        2,
        2,
        964,
        2
      ],
      "nuv": [
        0.001953125,
        0.001953125,
        0.94140625,
        0.001953125,
        0.001953125,
        0.9970703125,
        0.94140625,
        0.9970703125
      ],
      "minPos": {
        "x": -481,
        "y": -509.5,
        "z": 0
      },
      "maxPos": {
        "x": 481,
        "y": 509.5,
        "z": 0
      }
    },
    "texture": "87aec46f-00d8-4c0d-9443-66b8d9379e34@6c48a",
    "packable": true,
    "pixelsToUnit": 100,
    "pivot": {
      "x": 0.5,
      "y": 0.5
    },
    "meshType": 0
  }
}