{
  "__type__": "cc.SpriteFrame",
  "content": {
    "name": "duobaoyu_tex",
    "atlas": "",
    "rect": {
      "x": 1,
      "y": 2,
      "width": 246,
      "height": 257
    },
    "offset": {
      "x": -4,
      "y": 125.5
    },
    "originalSize": {
      "width": 256,
      "height": 512
    },
    "rotated": false,
    "capInsets": [
      0,
      0,
      0,
      0
    ],
    "vertices": {
      "rawPosition": [
        -123,
        -128.5,
        0,
        123,
        -128.5,
        0,
        -123,
        128.5,
        0,
        123,
        128.5,
        0
      ],
      "indexes": [
        0,
        1,
        2,
        2,
        1,
        3
      ],
      "uv": [
        1,
        510,
        247,
        510,
        1,
        253,
        247,
        253
      ],
      "nuv": [
        0.00390625,
        0.494140625,
        0.96484375,
        0.494140625,
        0.00390625,
        0.99609375,
        0.96484375,
        0.99609375
      ],
      "minPos": {
        "x": -123,
        "y": -128.5,
        "z": 0
      },
      "maxPos": {
        "x": 123,
        "y": 128.5,
        "z": 0
      }
    },
    "texture": "6d38f379-6907-4177-94bf-7500094df7da@6c48a",
    "packable": true,
    "pixelsToUnit": 100,
    "pivot": {
      "x": 0.5,
      "y": 0.5
    },
    "meshType": 0
  }
}