{
  "__type__": "cc.SpriteFrame",
  "content": {
    "name": "bg-text",
    "atlas": "",
    "rect": {
      "x": 1,
      "y": 0,
      "width": 265,
      "height": 38
    },
    "offset": {
      "x": 0.5,
      "y": 0
    },
    "originalSize": {
      "width": 266,
      "height": 38
    },
    "rotated": false,
    "capInsets": [
      0,
      0,
      0,
      0
    ],
    "vertices": {
      "rawPosition": [
        -132.5,
        -19,
        0,
        132.5,
        -19,
        0,
        -132.5,
        19,
        0,
        132.5,
        19,
        0
      ],
      "indexes": [
        0,
        1,
        2,
        2,
        1,
        3
      ],
      "uv": [
        1,
        38,
        266,
        38,
        1,
        0,
        266,
        0
      ],
      "nuv": [
        0.0037593984962406013,
        0,
        1,
        0,
        0.0037593984962406013,
        1,
        1,
        1
      ],
      "minPos": {
        "x": -132.5,
        "y": -19,
        "z": 0
      },
      "maxPos": {
        "x": 132.5,
        "y": 19,
        "z": 0
      }
    },
    "texture": "6d66261c-595e-4b10-898f-e212665bf0ef@6c48a",
    "packable": true,
    "pixelsToUnit": 100,
    "pivot": {
      "x": 0.5,
      "y": 0.5
    },
    "meshType": 0
  }
}