{
  "__type__": "cc.SpriteFrame",
  "content": {
    "name": "top_hu",
    "atlas": "",
    "rect": {
      "x": 3,
      "y": 3,
      "width": 496,
      "height": 116
    },
    "offset": {
      "x": -5,
      "y": 3
    },
    "originalSize": {
      "width": 512,
      "height": 128
    },
    "rotated": false,
    "capInsets": [
      0,
      0,
      0,
      0
    ],
    "vertices": {
      "rawPosition": [
        -248,
        -58,
        0,
        248,
        -58,
        0,
        -248,
        58,
        0,
        248,
        58,
        0
      ],
      "indexes": [
        0,
        1,
        2,
        2,
        1,
        3
      ],
      "uv": [
        3,
        125,
        499,
        125,
        3,
        9,
        499,
        9
      ],
      "nuv": [
        0.005859375,
        0.0703125,
        0.974609375,
        0.0703125,
        0.005859375,
        0.9765625,
        0.974609375,
        0.9765625
      ],
      "minPos": {
        "x": -248,
        "y": -58,
        "z": 0
      },
      "maxPos": {
        "x": 248,
        "y": 58,
        "z": 0
      }
    },
    "texture": "6de42641-ddef-46b7-92a9-611eaca07cff@6c48a",
    "packable": true,
    "pixelsToUnit": 100,
    "pivot": {
      "x": 0.5,
      "y": 0.5
    },
    "meshType": 0
  }
}