{
  "__type__": "cc.SpriteFrame",
  "content": {
    "name": "TLMN-Character-NoHu",
    "atlas": "",
    "rect": {
      "x": 2,
      "y": 2,
      "width": 499,
      "height": 249
    },
    "offset": {
      "x": -4.5,
      "y": 1.5
    },
    "originalSize": {
      "width": 512,
      "height": 256
    },
    "rotated": false,
    "capInsets": [
      0,
      0,
      0,
      0
    ],
    "vertices": {
      "rawPosition": [
        -249.5,
        -124.5,
        0,
        249.5,
        -124.5,
        0,
        -249.5,
        124.5,
        0,
        249.5,
        124.5,
        0
      ],
      "indexes": [
        0,
        1,
        2,
        2,
        1,
        3
      ],
      "uv": [
        2,
        254,
        501,
        254,
        2,
        5,
        501,
        5
      ],
      "nuv": [
        0.00390625,
        0.01953125,
        0.978515625,
        0.01953125,
        0.00390625,
        0.9921875,
        0.978515625,
        0.9921875
      ],
      "minPos": {
        "x": -249.5,
        "y": -124.5,
        "z": 0
      },
      "maxPos": {
        "x": 249.5,
        "y": 124.5,
        "z": 0
      }
    },
    "texture": "af22ceda-40bd-4892-9751-9ea078c23a30@6c48a",
    "packable": true,
    "pixelsToUnit": 100,
    "pivot": {
      "x": 0.5,
      "y": 0.5
    },
    "meshType": 0
  }
}