{
  "__type__": "cc.SpriteFrame",
  "content": {
    "name": "aladdin_item_main",
    "atlas": "",
    "rect": {
      "x": 0,
      "y": 0,
      "width": 462,
      "height": 571
    },
    "offset": {
      "x": -0.5,
      "y": 0.5
    },
    "originalSize": {
      "width": 463,
      "height": 572
    },
    "rotated": false,
    "capInsets": [
      0,
      0,
      0,
      0
    ],
    "vertices": {
      "rawPosition": [
        -231,
        -285.5,
        0,
        231,
        -285.5,
        0,
        -231,
        285.5,
        0,
        231,
        285.5,
        0
      ],
      "indexes": [
        0,
        1,
        2,
        2,
        1,
        3
      ],
      "uv": [
        0,
        572,
        462,
        572,
        0,
        1,
        462,
        1
      ],
      "nuv": [
        0,
        0.0017482517482517483,
        0.9978401727861771,
        0.0017482517482517483,
        0,
        1,
        0.9978401727861771,
        1
      ],
      "minPos": {
        "x": -231,
        "y": -285.5,
        "z": 0
      },
      "maxPos": {
        "x": 231,
        "y": 285.5,
        "z": 0
      }
    },
    "texture": "af51b952-9122-4ce1-b348-7305c56a4b04@6c48a",
    "packable": true,
    "pixelsToUnit": 100,
    "pivot": {
      "x": 0.5,
      "y": 0.5
    },
    "meshType": 0
  }
}