{
  "__type__": "cc.SpriteFrame",
  "content": {
    "name": "9",
    "atlas": "",
    "rect": {
      "x": 190,
      "y": 180,
      "width": 801,
      "height": 359
    },
    "offset": {
      "x": -49.5,
      "y": 0.5
    },
    "originalSize": {
      "width": 1280,
      "height": 720
    },
    "rotated": false,
    "capInsets": [
      0,
      0,
      0,
      0
    ],
    "vertices": {
      "rawPosition": [
        -400.5,
        -179.5,
        0,
        400.5,
        -179.5,
        0,
        -400.5,
        179.5,
        0,
        400.5,
        179.5,
        0
      ],
      "indexes": [
        0,
        1,
        2,
        2,
        1,
        3
      ],
      "uv": [
        190,
        540,
        991,
        540,
        190,
        181,
        991,
        181
      ],
      "nuv": [
        0.1484375,
        0.2513888888888889,
        0.77421875,
        0.2513888888888889,
        0.1484375,
        0.75,
        0.77421875,
        0.75
      ],
      "minPos": {
        "x": -400.5,
        "y": -179.5,
        "z": 0
      },
      "maxPos": {
        "x": 400.5,
        "y": 179.5,
        "z": 0
      }
    },
    "texture": "ead52c91-634d-40b1-b90f-cf2487b4c00d@6c48a",
    "packable": true,
    "pixelsToUnit": 100,
    "pivot": {
      "x": 0.5,
      "y": 0.5
    },
    "meshType": 0
  }
}