{
  "__type__": "cc.SpriteFrame",
  "content": {
    "name": "Frame",
    "atlas": "",
    "rect": {
      "x": 34,
      "y": 18,
      "width": 1244,
      "height": 702
    },
    "offset": {
      "x": 16,
      "y": -9
    },
    "originalSize": {
      "width": 1280,
      "height": 720
    },
    "rotated": false,
    "capInsets": [
      0,
      0,
      0,
      0
    ],
    "vertices": {
      "rawPosition": [
        -622,
        -351,
        0,
        622,
        -351,
        0,
        -622,
        351,
        0,
        622,
        351,
        0
      ],
      "indexes": [
        0,
        1,
        2,
        2,
        1,
        3
      ],
      "uv": [
        34,
        702,
        1278,
        702,
        34,
        0,
        1278,
        0
      ],
      "nuv": [
        0.0265625,
        0,
        0.9984375,
        0,
        0.0265625,
        0.975,
        0.9984375,
        0.975
      ],
      "minPos": {
        "x": -622,
        "y": -351,
        "z": 0
      },
      "maxPos": {
        "x": 622,
        "y": 351,
        "z": 0
      }
    },
    "texture": "390867a9-3d5e-4685-b47d-535f4930396f@6c48a",
    "packable": true,
    "pixelsToUnit": 100,
    "pivot": {
      "x": 0.5,
      "y": 0.5
    },
    "meshType": 0
  }
}