{
  "__type__": "cc.SpriteFrame",
  "content": {
    "name": "7",
    "atlas": "",
    "rect": {
      "x": 14,
      "y": 187,
      "width": 765,
      "height": 226
    },
    "offset": {
      "x": -30,
      "y": -73
    },
    "originalSize": {
      "width": 853,
      "height": 454
    },
    "rotated": false,
    "capInsets": [
      0,
      0,
      0,
      0
    ],
    "vertices": {
      "rawPosition": [
        -382.5,
        -113,
        0,
        382.5,
        -113,
        0,
        -382.5,
        113,
        0,
        382.5,
        113,
        0
      ],
      "indexes": [
        0,
        1,
        2,
        2,
        1,
        3
      ],
      "uv": [
        14,
        267,
        779,
        267,
        14,
        41,
        779,
        41
      ],
      "nuv": [
        0.016412661195779603,
        0.09030837004405286,
        0.9132473622508792,
        0.09030837004405286,
        0.016412661195779603,
        0.5881057268722467,
        0.9132473622508792,
        0.5881057268722467
      ],
      "minPos": {
        "x": -382.5,
        "y": -113,
        "z": 0
      },
      "maxPos": {
        "x": 382.5,
        "y": 113,
        "z": 0
      }
    },
    "texture": "396768ae-614d-465a-a06c-c85c5a071d3f@6c48a",
    "packable": true,
    "pixelsToUnit": 100,
    "pivot": {
      "x": 0.5,
      "y": 0.5
    },
    "meshType": 0
  }
}