{
  "__type__": "cc.SpriteFrame",
  "content": {
    "name": "pokemon",
    "atlas": "",
    "rect": {
      "x": 3,
      "y": 3,
      "width": 2039,
      "height": 2043
    },
    "offset": {
      "x": -1.5,
      "y": -0.5
    },
    "originalSize": {
      "width": 2048,
      "height": 2048
    },
    "rotated": false,
    "capInsets": [
      0,
      0,
      0,
      0
    ],
    "vertices": {
      "rawPosition": [
        -1019.5,
        -1021.5,
        0,
        1019.5,
        -1021.5,
        0,
        -1019.5,
        1021.5,
        0,
        1019.5,
        1021.5,
        0
      ],
      "indexes": [
        0,
        1,
        2,
        2,
        1,
        3
      ],
      "uv": [
        3,
        2045,
        2042,
        2045,
        3,
        2,
        2042,
        2
      ],
      "nuv": [
        0.00146484375,
        0.0009765625,
        0.9970703125,
        0.0009765625,
        0.00146484375,
        0.99853515625,
        0.9970703125,
        0.99853515625
      ],
      "minPos": {
        "x": -1019.5,
        "y": -1021.5,
        "z": 0
      },
      "maxPos": {
        "x": 1019.5,
        "y": 1021.5,
        "z": 0
      }
    },
    "texture": "050b0100-5a42-4b81-9f95-f5c8860540f2@6c48a",
    "packable": true,
    "pixelsToUnit": 100,
    "pivot": {
      "x": 0.5,
      "y": 0.5
    },
    "meshType": 0
  }
}