{
  "__type__": "cc.SpriteFrame",
  "content": {
    "name": "candy6",
    "atlas": "",
    "rect": {
      "x": 2,
      "y": 1,
      "width": 106,
      "height": 106
    },
    "offset": {
      "x": 0,
      "y": -0.5
    },
    "originalSize": {
      "width": 110,
      "height": 107
    },
    "rotated": false,
    "capInsets": [
      0,
      0,
      0,
      0
    ],
    "vertices": {
      "rawPosition": [
        -53,
        -53,
        0,
        53,
        -53,
        0,
        -53,
        53,
        0,
        53,
        53,
        0
      ],
      "indexes": [
        0,
        1,
        2,
        2,
        1,
        3
      ],
      "uv": [
        2,
        106,
        108,
        106,
        2,
        0,
        108,
        0
      ],
      "nuv": [
        0.01818181818181818,
        0,
        0.9818181818181818,
        0,
        0.01818181818181818,
        0.9906542056074766,
        0.9818181818181818,
        0.9906542056074766
      ],
      "minPos": {
        "x": -53,
        "y": -53,
        "z": 0
      },
      "maxPos": {
        "x": 53,
        "y": 53,
        "z": 0
      }
    },
    "texture": "05a84f07-592b-48dc-b7ec-8ca5aed15102@6c48a",
    "packable": true,
    "pixelsToUnit": 100,
    "pivot": {
      "x": 0.5,
      "y": 0.5
    },
    "meshType": 0
  }
}