{
  "__type__": "cc.SpriteFrame",
  "content": {
    "name": "cuop bien",
    "atlas": "",
    "rect": {
      "x": 2,
      "y": 2,
      "width": 1274,
      "height": 507
    },
    "offset": {
      "x": -385,
      "y": 0.5
    },
    "originalSize": {
      "width": 2048,
      "height": 512
    },
    "rotated": false,
    "capInsets": [
      0,
      0,
      0,
      0
    ],
    "vertices": {
      "rawPosition": [
        -637,
        -253.5,
        0,
        637,
        -253.5,
        0,
        -637,
        253.5,
        0,
        637,
        253.5,
        0
      ],
      "indexes": [
        0,
        1,
        2,
        2,
        1,
        3
      ],
      "uv": [
        2,
        510,
        1276,
        510,
        2,
        3,
        1276,
        3
      ],
      "nuv": [
        0.0009765625,
        0.005859375,
        0.623046875,
        0.005859375,
        0.0009765625,
        0.99609375,
        0.623046875,
        0.99609375
      ],
      "minPos": {
        "x": -637,
        "y": -253.5,
        "z": 0
      },
      "maxPos": {
        "x": 637,
        "y": 253.5,
        "z": 0
      }
    },
    "texture": "05b160a7-c37e-4a97-8a38-d5153c61456c@6c48a",
    "packable": true,
    "pixelsToUnit": 100,
    "pivot": {
      "x": 0.5,
      "y": 0.5
    },
    "meshType": 0
  }
}