{
  "__type__": "cc.SpriteFrame",
  "content": {
    "name": "2",
    "atlas": "",
    "rect": {
      "x": 2,
      "y": 140,
      "width": 330,
      "height": 51
    },
    "offset": {
      "x": 0.5,
      "y": 0.5
    },
    "originalSize": {
      "width": 333,
      "height": 332
    },
    "rotated": false,
    "capInsets": [
      0,
      0,
      0,
      0
    ],
    "vertices": {
      "rawPosition": [
        -165,
        -25.5,
        0,
        165,
        -25.5,
        0,
        -165,
        25.5,
        0,
        165,
        25.5,
        0
      ],
      "indexes": [
        0,
        1,
        2,
        2,
        1,
        3
      ],
      "uv": [
        2,
        192,
        332,
        192,
        2,
        141,
        332,
        141
      ],
      "nuv": [
        0.006006006006006006,
        0.4246987951807229,
        0.996996996996997,
        0.4246987951807229,
        0.006006006006006006,
        0.5783132530120482,
        0.996996996996997,
        0.5783132530120482
      ],
      "minPos": {
        "x": -165,
        "y": -25.5,
        "z": 0
      },
      "maxPos": {
        "x": 165,
        "y": 25.5,
        "z": 0
      }
    },
    "texture": "05f44e9c-3500-4c9a-9cf4-0544328d09a2@6c48a",
    "packable": true,
    "pixelsToUnit": 100,
    "pivot": {
      "x": 0.5,
      "y": 0.5
    },
    "meshType": 0
  }
}