{
  "__type__": "cc.SpriteFrame",
  "content": {
    "name": "jinlongyu_shadow_tex",
    "atlas": "",
    "rect": {
      "x": 1,
      "y": 1,
      "width": 455,
      "height": 505
    },
    "offset": {
      "x": -27.5,
      "y": 2.5
    },
    "originalSize": {
      "width": 512,
      "height": 512
    },
    "rotated": false,
    "capInsets": [
      0,
      0,
      0,
      0
    ],
    "vertices": {
      "rawPosition": [
        -227.5,
        -252.5,
        0,
        227.5,
        -252.5,
        0,
        -227.5,
        252.5,
        0,
        227.5,
        252.5,
        0
      ],
      "indexes": [
        0,
        1,
        2,
        2,
        1,
        3
      ],
      "uv": [
        1,
        511,
        456,
        511,
        1,
        6,
        456,
        6
      ],
      "nuv": [
        0.001953125,
        0.01171875,
        0.890625,
        0.01171875,
        0.001953125,
        0.998046875,
        0.890625,
        0.998046875
      ],
      "minPos": {
        "x": -227.5,
        "y": -252.5,
        "z": 0
      },
      "maxPos": {
        "x": 227.5,
        "y": 252.5,
        "z": 0
      }
    },
    "texture": "0320a53d-2fe3-42a4-a83b-204301d4c828@6c48a",
    "packable": true,
    "pixelsToUnit": 100,
    "pivot": {
      "x": 0.5,
      "y": 0.5
    },
    "meshType": 0
  }
}