{
  "__type__": "cc.SpriteFrame",
  "content": {
    "name": "bgLine",
    "atlas": "",
    "rect": {
      "x": 1,
      "y": 1,
      "width": 280,
      "height": 232
    },
    "offset": {
      "x": 0,
      "y": 0
    },
    "originalSize": {
      "width": 282,
      "height": 234
    },
    "rotated": false,
    "capInsets": [
      0,
      0,
      0,
      0
    ],
    "vertices": {
      "rawPosition": [
        -140,
        -116,
        0,
        140,
        -116,
        0,
        -140,
        116,
        0,
        140,
        116,
        0
      ],
      "indexes": [
        0,
        1,
        2,
        2,
        1,
        3
      ],
      "uv": [
        1,
        233,
        281,
        233,
        1,
        1,
        281,
        1
      ],
      "nuv": [
        0.0035460992907801418,
        0.004273504273504274,
        0.9964539007092199,
        0.004273504273504274,
        0.0035460992907801418,
        0.9957264957264957,
        0.9964539007092199,
        0.9957264957264957
      ],
      "minPos": {
        "x": -140,
        "y": -116,
        "z": 0
      },
      "maxPos": {
        "x": 140,
        "y": 116,
        "z": 0
      }
    },
    "texture": "03474c6c-521f-4846-a2c2-1a92ccb17441@6c48a",
    "packable": true,
    "pixelsToUnit": 100,
    "pivot": {
      "x": 0.5,
      "y": 0.5
    },
    "meshType": 0
  }
}