{
  "__type__": "cc.SpriteFrame",
  "content": {
    "name": "line13",
    "atlas": "",
    "rect": {
      "x": 292,
      "y": 182,
      "width": 988,
      "height": 441
    },
    "offset": {
      "x": 146,
      "y": -42.5
    },
    "originalSize": {
      "width": 1280,
      "height": 720
    },
    "rotated": false,
    "capInsets": [
      0,
      0,
      0,
      0
    ],
    "vertices": {
      "rawPosition": [
        -494,
        -220.5,
        0,
        494,
        -220.5,
        0,
        -494,
        220.5,
        0,
        494,
        220.5,
        0
      ],
      "indexes": [
        0,
        1,
        2,
        2,
        1,
        3
      ],
      "uv": [
        292,
        538,
        1280,
        538,
        292,
        97,
        1280,
        97
      ],
      "nuv": [
        0.228125,
        0.13472222222222222,
        1,
        0.13472222222222222,
        0.228125,
        0.7472222222222222,
        1,
        0.7472222222222222
      ],
      "minPos": {
        "x": -494,
        "y": -220.5,
        "z": 0
      },
      "maxPos": {
        "x": 494,
        "y": 220.5,
        "z": 0
      }
    },
    "texture": "0349c2ed-70e6-415b-ba30-79a361bba998@6c48a",
    "packable": true,
    "pixelsToUnit": 100,
    "pivot": {
      "x": 0.5,
      "y": 0.5
    },
    "meshType": 0
  }
}