{
  "__type__": "cc.SpriteFrame",
  "content": {
    "name": "MegaJackpot",
    "atlas": "",
    "rect": {
      "x": 0,
      "y": 0,
      "width": 492,
      "height": 1340
    },
    "offset": {
      "x": -1,
      "y": 1
    },
    "originalSize": {
      "width": 494,
      "height": 1342
    },
    "rotated": false,
    "capInsets": [
      0,
      0,
      0,
      0
    ],
    "vertices": {
      "rawPosition": [
        -246,
        -670,
        0,
        246,
        -670,
        0,
        -246,
        670,
        0,
        246,
        670,
        0
      ],
      "indexes": [
        0,
        1,
        2,
        2,
        1,
        3
      ],
      "uv": [
        0,
        1342,
        492,
        1342,
        0,
        2,
        492,
        2
      ],
      "nuv": [
        0,
        0.0014903129657228018,
        0.9959514170040485,
        0.0014903129657228018,
        0,
        1,
        0.9959514170040485,
        1
      ],
      "minPos": {
        "x": -246,
        "y": -670,
        "z": 0
      },
      "maxPos": {
        "x": 246,
        "y": 670,
        "z": 0
      }
    },
    "texture": "2a9d45ed-9967-4fc3-9507-03a51ff005ae@6c48a",
    "packable": true,
    "pixelsToUnit": 100,
    "pivot": {
      "x": 0.5,
      "y": 0.5
    },
    "meshType": 0
  }
}