{
  "__type__": "cc.SpriteFrame",
  "content": {
    "name": "ev",
    "atlas": "",
    "rect": {
      "x": 2,
      "y": 0,
      "width": 88,
      "height": 92
    },
    "offset": {
      "x": 0.5,
      "y": 0.5
    },
    "originalSize": {
      "width": 91,
      "height": 93
    },
    "rotated": false,
    "capInsets": [
      0,
      0,
      0,
      0
    ],
    "vertices": {
      "rawPosition": [
        -44,
        -46,
        0,
        44,
        -46,
        0,
        -44,
        46,
        0,
        44,
        46,
        0
      ],
      "indexes": [
        0,
        1,
        2,
        2,
        1,
        3
      ],
      "uv": [
        2,
        93,
        90,
        93,
        2,
        1,
        90,
        1
      ],
      "nuv": [
        0.02197802197802198,
        0.010752688172043012,
        0.989010989010989,
        0.010752688172043012,
        0.02197802197802198,
        1,
        0.989010989010989,
        1
      ],
      "minPos": {
        "x": -44,
        "y": -46,
        "z": 0
      },
      "maxPos": {
        "x": 44,
        "y": 46,
        "z": 0
      }
    },
    "texture": "07d9a59e-07db-4e2c-bd54-a9c80a35206a@6c48a",
    "packable": true,
    "pixelsToUnit": 100,
    "pivot": {
      "x": 0.5,
      "y": 0.5
    },
    "meshType": 0
  }
}