{
  "__type__": "cc.SpriteFrame",
  "content": {
    "name": "background",
    "atlas": "",
    "rect": {
      "x": 2,
      "y": 2,
      "width": 2028,
      "height": 2034
    },
    "offset": {
      "x": -8,
      "y": 5
    },
    "originalSize": {
      "width": 2048,
      "height": 2048
    },
    "rotated": false,
    "capInsets": [
      0,
      0,
      0,
      0
    ],
    "vertices": {
      "rawPosition": [
        -1014,
        -1017,
        0,
        1014,
        -1017,
        0,
        -1014,
        1017,
        0,
        1014,
        1017,
        0
      ],
      "indexes": [
        0,
        1,
        2,
        2,
        1,
        3
      ],
      "uv": [
        2,
        2046,
        2030,
        2046,
        2,
        12,
        2030,
        12
      ],
      "nuv": [
        0.0009765625,
        0.005859375,
        0.9912109375,
        0.005859375,
        0.0009765625,
        0.9990234375,
        0.9912109375,
        0.9990234375
      ],
      "minPos": {
        "x": -1014,
        "y": -1017,
        "z": 0
      },
      "maxPos": {
        "x": 1014,
        "y": 1017,
        "z": 0
      }
    },
    "texture": "07e1490a-6c16-444e-9b2a-fae8107e6dd4@6c48a",
    "packable": true,
    "pixelsToUnit": 100,
    "pivot": {
      "x": 0.5,
      "y": 0.5
    },
    "meshType": 0
  }
}