{
  "__type__": "cc.SpriteFrame",
  "content": {
    "name": "tien",
    "atlas": "",
    "rect": {
      "x": 16,
      "y": 7,
      "width": 48,
      "height": 48
    },
    "offset": {
      "x": 0,
      "y": -1
    },
    "originalSize": {
      "width": 80,
      "height": 60
    },
    "rotated": false,
    "capInsets": [
      0,
      0,
      0,
      0
    ],
    "vertices": {
      "rawPosition": [
        -24,
        -24,
        0,
        24,
        -24,
        0,
        -24,
        24,
        0,
        24,
        24,
        0
      ],
      "indexes": [
        0,
        1,
        2,
        2,
        1,
        3
      ],
      "uv": [
        16,
        53,
        64,
        53,
        16,
        5,
        64,
        5
      ],
      "nuv": [
        0.2,
        0.08333333333333333,
        0.8,
        0.08333333333333333,
        0.2,
        0.8833333333333333,
        0.8,
        0.8833333333333333
      ],
      "minPos": {
        "x": -24,
        "y": -24,
        "z": 0
      },
      "maxPos": {
        "x": 24,
        "y": 24,
        "z": 0
      }
    },
    "texture": "eb88471d-5cfa-49a4-9721-18cf5bd434ec@6c48a",
    "packable": true,
    "pixelsToUnit": 100,
    "pivot": {
      "x": 0.5,
      "y": 0.5
    },
    "meshType": 0
  }
}