{
  "__type__": "cc.SpriteFrame",
  "content": {
    "name": "kyby_paotai5_tex",
    "atlas": "",
    "rect": {
      "x": 1,
      "y": 1,
      "width": 694,
      "height": 507
    },
    "offset": {
      "x": -164,
      "y": 1.5
    },
    "originalSize": {
      "width": 1024,
      "height": 512
    },
    "rotated": false,
    "capInsets": [
      0,
      0,
      0,
      0
    ],
    "vertices": {
      "rawPosition": [
        -347,
        -253.5,
        0,
        347,
        -253.5,
        0,
        -347,
        253.5,
        0,
        347,
        253.5,
        0
      ],
      "indexes": [
        0,
        1,
        2,
        2,
        1,
        3
      ],
      "uv": [
        1,
        511,
        695,
        511,
        1,
        4,
        695,
        4
      ],
      "nuv": [
        0.0009765625,
        0.0078125,
        0.6787109375,
        0.0078125,
        0.0009765625,
        0.998046875,
        0.6787109375,
        0.998046875
      ],
      "minPos": {
        "x": -347,
        "y": -253.5,
        "z": 0
      },
      "maxPos": {
        "x": 347,
        "y": 253.5,
        "z": 0
      }
    },
    "texture": "633b1e65-87b6-4554-a4b2-050668178a88@6c48a",
    "packable": true,
    "pixelsToUnit": 100,
    "pivot": {
      "x": 0.5,
      "y": 0.5
    },
    "meshType": 0
  }
}