{
  "__type__": "cc.SpriteFrame",
  "content": {
    "name": "fish_icon_shenhaifufengwwang",
    "atlas": "",
    "rect": {
      "x": 6,
      "y": 3,
      "width": 79,
      "height": 66
    },
    "offset": {
      "x": 1.5,
      "y": -1
    },
    "originalSize": {
      "width": 88,
      "height": 70
    },
    "rotated": false,
    "capInsets": [
      0,
      0,
      0,
      0
    ],
    "vertices": {
      "rawPosition": [
        -39.5,
        -33,
        0,
        39.5,
        -33,
        0,
        -39.5,
        33,
        0,
        39.5,
        33,
        0
      ],
      "indexes": [
        0,
        1,
        2,
        2,
        1,
        3
      ],
      "uv": [
        6,
        67,
        85,
        67,
        6,
        1,
        85,
        1
      ],
      "nuv": [
        0.06818181818181818,
        0.014285714285714285,
        0.9659090909090909,
        0.014285714285714285,
        0.06818181818181818,
        0.9571428571428572,
        0.9659090909090909,
        0.9571428571428572
      ],
      "minPos": {
        "x": -39.5,
        "y": -33,
        "z": 0
      },
      "maxPos": {
        "x": 39.5,
        "y": 33,
        "z": 0
      }
    },
    "texture": "6347db85-9d4e-40ad-9d03-b318143efb25@6c48a",
    "packable": true,
    "pixelsToUnit": 100,
    "pivot": {
      "x": 0.5,
      "y": 0.5
    },
    "meshType": 0
  }
}