{
  "__type__": "cc.SpriteFrame",
  "content": {
    "name": "skeleton",
    "atlas": "",
    "rect": {
      "x": 2,
      "y": 2,
      "width": 792,
      "height": 499
    },
    "offset": {
      "x": -114,
      "y": 4.5
    },
    "originalSize": {
      "width": 1024,
      "height": 512
    },
    "rotated": false,
    "capInsets": [
      0,
      0,
      0,
      0
    ],
    "vertices": {
      "rawPosition": [
        -396,
        -249.5,
        0,
        396,
        -249.5,
        0,
        -396,
        249.5,
        0,
        396,
        249.5,
        0
      ],
      "indexes": [
        0,
        1,
        2,
        2,
        1,
        3
      ],
      "uv": [
        2,
        510,
        794,
        510,
        2,
        11,
        794,
        11
      ],
      "nuv": [
        0.001953125,
        0.021484375,
        0.775390625,
        0.021484375,
        0.001953125,
        0.99609375,
        0.775390625,
        0.99609375
      ],
      "minPos": {
        "x": -396,
        "y": -249.5,
        "z": 0
      },
      "maxPos": {
        "x": 396,
        "y": 249.5,
        "z": 0
      }
    },
    "texture": "63a31e25-5c4e-41f3-b8ab-1de798df4d86@6c48a",
    "packable": true,
    "pixelsToUnit": 100,
    "pivot": {
      "x": 0.5,
      "y": 0.5
    },
    "meshType": 0
  }
}