{
  "__type__": "cc.SpriteFrame",
  "content": {
    "name": "kyby_eff_bomb_tex",
    "atlas": "",
    "rect": {
      "x": 3,
      "y": 7,
      "width": 2036,
      "height": 1198
    },
    "offset": {
      "x": -3,
      "y": 418
    },
    "originalSize": {
      "width": 2048,
      "height": 2048
    },
    "rotated": false,
    "capInsets": [
      0,
      0,
      0,
      0
    ],
    "vertices": {
      "rawPosition": [
        -1018,
        -599,
        0,
        1018,
        -599,
        0,
        -1018,
        599,
        0,
        1018,
        599,
        0
      ],
      "indexes": [
        0,
        1,
        2,
        2,
        1,
        3
      ],
      "uv": [
        3,
        2041,
        2039,
        2041,
        3,
        843,
        2039,
        843
      ],
      "nuv": [
        0.00146484375,
        0.41162109375,
        0.99560546875,
        0.41162109375,
        0.00146484375,
        0.99658203125,
        0.99560546875,
        0.99658203125
      ],
      "minPos": {
        "x": -1018,
        "y": -599,
        "z": 0
      },
      "maxPos": {
        "x": 1018,
        "y": 599,
        "z": 0
      }
    },
    "texture": "63b7401d-303c-4f66-83ee-44172da3cccb@6c48a",
    "packable": true,
    "pixelsToUnit": 100,
    "pivot": {
      "x": 0.5,
      "y": 0.5
    },
    "meshType": 0
  }
}