{
  "__type__": "cc.SpriteFrame",
  "content": {
    "name": "phong2_ani",
    "atlas": "",
    "rect": {
      "x": 1,
      "y": 6,
      "width": 501,
      "height": 495
    },
    "offset": {
      "x": 0,
      "y": -2.5
    },
    "originalSize": {
      "width": 503,
      "height": 502
    },
    "rotated": false,
    "capInsets": [
      0,
      0,
      0,
      0
    ],
    "vertices": {
      "rawPosition": [
        -250.5,
        -247.5,
        0,
        250.5,
        -247.5,
        0,
        -250.5,
        247.5,
        0,
        250.5,
        247.5,
        0
      ],
      "indexes": [
        0,
        1,
        2,
        2,
        1,
        3
      ],
      "uv": [
        1,
        496,
        502,
        496,
        1,
        1,
        502,
        1
      ],
      "nuv": [
        0.0019880715705765406,
        0.00199203187250996,
        0.9980119284294234,
        0.00199203187250996,
        0.0019880715705765406,
        0.9880478087649402,
        0.9980119284294234,
        0.9880478087649402
      ],
      "minPos": {
        "x": -250.5,
        "y": -247.5,
        "z": 0
      },
      "maxPos": {
        "x": 250.5,
        "y": 247.5,
        "z": 0
      }
    },
    "texture": "0a5d5212-2315-42c7-8569-9b33a3ce8e6c@6c48a",
    "packable": true,
    "pixelsToUnit": 100,
    "pivot": {
      "x": 0.5,
      "y": 0.5
    },
    "meshType": 0
  }
}