{
  "__type__": "cc.SpriteFrame",
  "content": {
    "name": "fish_icon_xiaochouyu",
    "atlas": "",
    "rect": {
      "x": 25,
      "y": 1,
      "width": 42,
      "height": 69
    },
    "offset": {
      "x": 2,
      "y": -0.5
    },
    "originalSize": {
      "width": 88,
      "height": 70
    },
    "rotated": false,
    "capInsets": [
      0,
      0,
      0,
      0
    ],
    "vertices": {
      "rawPosition": [
        -21,
        -34.5,
        0,
        21,
        -34.5,
        0,
        -21,
        34.5,
        0,
        21,
        34.5,
        0
      ],
      "indexes": [
        0,
        1,
        2,
        2,
        1,
        3
      ],
      "uv": [
        25,
        69,
        67,
        69,
        25,
        0,
        67,
        0
      ],
      "nuv": [
        0.2840909090909091,
        0,
        0.7613636363636364,
        0,
        0.2840909090909091,
        0.9857142857142858,
        0.7613636363636364,
        0.9857142857142858
      ],
      "minPos": {
        "x": -21,
        "y": -34.5,
        "z": 0
      },
      "maxPos": {
        "x": 21,
        "y": 34.5,
        "z": 0
      }
    },
    "texture": "0acb1802-5ddf-46f3-aa80-65e20d9e39e9@6c48a",
    "packable": true,
    "pixelsToUnit": 100,
    "pivot": {
      "x": 0.5,
      "y": 0.5
    },
    "meshType": 0
  }
}