{
  "__type__": "cc.SpriteFrame",
  "content": {
    "name": "TLMNsolo",
    "atlas": "",
    "rect": {
      "x": 2,
      "y": 2,
      "width": 424,
      "height": 598
    },
    "offset": {
      "x": 0,
      "y": 0
    },
    "originalSize": {
      "width": 428,
      "height": 602
    },
    "rotated": false,
    "capInsets": [
      0,
      0,
      0,
      0
    ],
    "vertices": {
      "rawPosition": [
        -212,
        -299,
        0,
        212,
        -299,
        0,
        -212,
        299,
        0,
        212,
        299,
        0
      ],
      "indexes": [
        0,
        1,
        2,
        2,
        1,
        3
      ],
      "uv": [
        2,
        600,
        426,
        600,
        2,
        2,
        426,
        2
      ],
      "nuv": [
        0.004672897196261682,
        0.0033222591362126247,
        0.9953271028037384,
        0.0033222591362126247,
        0.004672897196261682,
        0.9966777408637874,
        0.9953271028037384,
        0.9966777408637874
      ],
      "minPos": {
        "x": -212,
        "y": -299,
        "z": 0
      },
      "maxPos": {
        "x": 212,
        "y": 299,
        "z": 0
      }
    },
    "texture": "0ae4ac78-9e5c-4933-8092-655d9ea673b7@6c48a",
    "packable": true,
    "pixelsToUnit": 100,
    "pivot": {
      "x": 0.5,
      "y": 0.5
    },
    "meshType": 0
  }
}