{
  "__type__": "cc.SpriteFrame",
  "content": {
    "name": "minipoker",
    "atlas": "",
    "rect": {
      "x": 0,
      "y": 5,
      "width": 501,
      "height": 336
    },
    "offset": {
      "x": 0,
      "y": -2.5
    },
    "originalSize": {
      "width": 501,
      "height": 341
    },
    "rotated": false,
    "capInsets": [
      0,
      0,
      0,
      0
    ],
    "vertices": {
      "rawPosition": [
        -250.5,
        -168,
        0,
        250.5,
        -168,
        0,
        -250.5,
        168,
        0,
        250.5,
        168,
        0
      ],
      "indexes": [
        0,
        1,
        2,
        2,
        1,
        3
      ],
      "uv": [
        0,
        336,
        501,
        336,
        0,
        0,
        501,
        0
      ],
      "nuv": [
        0,
        0,
        1,
        0,
        0,
        0.9853372434017595,
        1,
        0.9853372434017595
      ],
      "minPos": {
        "x": -250.5,
        "y": -168,
        "z": 0
      },
      "maxPos": {
        "x": 250.5,
        "y": 168,
        "z": 0
      }
    },
    "texture": "ad670842-d84b-4719-8065-890a435ffb41@6c48a",
    "packable": true,
    "pixelsToUnit": 100,
    "pivot": {
      "x": 0.5,
      "y": 0.5
    },
    "meshType": 0
  }
}