{
  "__type__": "cc.SpriteFrame",
  "content": {
    "name": "Animation_item_lol",
    "atlas": "",
    "rect": {
      "x": 2,
      "y": 2,
      "width": 804,
      "height": 804
    },
    "offset": {
      "x": 0,
      "y": 0
    },
    "originalSize": {
      "width": 808,
      "height": 808
    },
    "rotated": false,
    "capInsets": [
      0,
      0,
      0,
      0
    ],
    "vertices": {
      "rawPosition": [
        -402,
        -402,
        0,
        402,
        -402,
        0,
        -402,
        402,
        0,
        402,
        402,
        0
      ],
      "indexes": [
        0,
        1,
        2,
        2,
        1,
        3
      ],
      "uv": [
        2,
        806,
        806,
        806,
        2,
        2,
        806,
        2
      ],
      "nuv": [
        0.0024752475247524753,
        0.0024752475247524753,
        0.9975247524752475,
        0.0024752475247524753,
        0.0024752475247524753,
        0.9975247524752475,
        0.9975247524752475,
        0.9975247524752475
      ],
      "minPos": {
        "x": -402,
        "y": -402,
        "z": 0
      },
      "maxPos": {
        "x": 402,
        "y": 402,
        "z": 0
      }
    },
    "texture": "ad868e10-e796-431c-b864-a9cf926e96bd@6c48a",
    "packable": true,
    "pixelsToUnit": 100,
    "pivot": {
      "x": 0.5,
      "y": 0.5
    },
    "meshType": 0
  }
}