{
  "__type__": "cc.SpriteFrame",
  "content": {
    "name": "57c4f08f-b119-4892-94e4-9f335a3a51b0",
    "atlas": "",
    "rect": {
      "x": 2,
      "y": 0,
      "width": 650,
      "height": 199
    },
    "offset": {
      "x": 1,
      "y": 0.5
    },
    "originalSize": {
      "width": 652,
      "height": 200
    },
    "rotated": false,
    "capInsets": [
      0,
      0,
      0,
      0
    ],
    "vertices": {
      "rawPosition": [
        -325,
        -99.5,
        0,
        325,
        -99.5,
        0,
        -325,
        99.5,
        0,
        325,
        99.5,
        0
      ],
      "indexes": [
        0,
        1,
        2,
        2,
        1,
        3
      ],
      "uv": [
        2,
        200,
        652,
        200,
        2,
        1,
        652,
        1
      ],
      "nuv": [
        0.003067484662576687,
        0.005,
        1,
        0.005,
        0.003067484662576687,
        1,
        1,
        1
      ],
      "minPos": {
        "x": -325,
        "y": -99.5,
        "z": 0
      },
      "maxPos": {
        "x": 325,
        "y": 99.5,
        "z": 0
      }
    },
    "texture": "7a565d30-bfa7-4e1e-b55c-ec7cf4c73bf4@6c48a",
    "packable": true,
    "pixelsToUnit": 100,
    "pivot": {
      "x": 0.5,
      "y": 0.5
    },
    "meshType": 0
  }
}