{
  "__type__": "cc.SpriteFrame",
  "content": {
    "name": "line12",
    "atlas": "",
    "rect": {
      "x": 288,
      "y": 26,
      "width": 992,
      "height": 464
    },
    "offset": {
      "x": 144,
      "y": 102
    },
    "originalSize": {
      "width": 1280,
      "height": 720
    },
    "rotated": false,
    "capInsets": [
      0,
      0,
      0,
      0
    ],
    "vertices": {
      "rawPosition": [
        -496,
        -232,
        0,
        496,
        -232,
        0,
        -496,
        232,
        0,
        496,
        232,
        0
      ],
      "indexes": [
        0,
        1,
        2,
        2,
        1,
        3
      ],
      "uv": [
        288,
        694,
        1280,
        694,
        288,
        230,
        1280,
        230
      ],
      "nuv": [
        0.225,
        0.3194444444444444,
        1,
        0.3194444444444444,
        0.225,
        0.9638888888888889,
        1,
        0.9638888888888889
      ],
      "minPos": {
        "x": -496,
        "y": -232,
        "z": 0
      },
      "maxPos": {
        "x": 496,
        "y": 232,
        "z": 0
      }
    },
    "texture": "7acfa076-70a0-4dc4-97d7-1d20a0a3108a@6c48a",
    "packable": true,
    "pixelsToUnit": 100,
    "pivot": {
      "x": 0.5,
      "y": 0.5
    },
    "meshType": 0
  }
}