{
  "__type__": "cc.SpriteFrame",
  "content": {
    "name": "font_money",
    "atlas": "",
    "rect": {
      "x": 0,
      "y": 0,
      "width": 373,
      "height": 511
    },
    "offset": {
      "x": -69.5,
      "y": 0.5
    },
    "originalSize": {
      "width": 512,
      "height": 512
    },
    "rotated": false,
    "capInsets": [
      0,
      0,
      0,
      0
    ],
    "vertices": {
      "rawPosition": [
        -186.5,
        -255.5,
        0,
        186.5,
        -255.5,
        0,
        -186.5,
        255.5,
        0,
        186.5,
        255.5,
        0
      ],
      "indexes": [
        0,
        1,
        2,
        2,
        1,
        3
      ],
      "uv": [
        0,
        512,
        373,
        512,
        0,
        1,
        373,
        1
      ],
      "nuv": [
        0,
        0.001953125,
        0.728515625,
        0.001953125,
        0,
        1,
        0.728515625,
        1
      ],
      "minPos": {
        "x": -186.5,
        "y": -255.5,
        "z": 0
      },
      "maxPos": {
        "x": 186.5,
        "y": 255.5,
        "z": 0
      }
    },
    "texture": "081903db-345a-4f3f-a7cd-8951b98a5918@6c48a",
    "packable": true,
    "pixelsToUnit": 100,
    "pivot": {
      "x": 0.5,
      "y": 0.5
    },
    "meshType": 0
  }
}