{
  "__type__": "cc.SpriteFrame",
  "content": {
    "name": "10000",
    "atlas": "",
    "rect": {
      "x": 3,
      "y": 3,
      "width": 2025,
      "height": 1002
    },
    "offset": {
      "x": -8.5,
      "y": 8
    },
    "originalSize": {
      "width": 2048,
      "height": 1024
    },
    "rotated": false,
    "capInsets": [
      0,
      0,
      0,
      0
    ],
    "vertices": {
      "rawPosition": [
        -1012.5,
        -501,
        0,
        1012.5,
        -501,
        0,
        -1012.5,
        501,
        0,
        1012.5,
        501,
        0
      ],
      "indexes": [
        0,
        1,
        2,
        2,
        1,
        3
      ],
      "uv": [
        3,
        1021,
        2028,
        1021,
        3,
        19,
        2028,
        19
      ],
      "nuv": [
        0.00146484375,
        0.0185546875,
        0.990234375,
        0.0185546875,
        0.00146484375,
        0.9970703125,
        0.990234375,
        0.9970703125
      ],
      "minPos": {
        "x": -1012.5,
        "y": -501,
        "z": 0
      },
      "maxPos": {
        "x": 1012.5,
        "y": 501,
        "z": 0
      }
    },
    "texture": "083b7774-0b65-4123-b1cf-5f40e63c9b77@6c48a",
    "packable": true,
    "pixelsToUnit": 100,
    "pivot": {
      "x": 0.5,
      "y": 0.5
    },
    "meshType": 0
  }
}