{
  "__type__": "cc.SpriteFrame",
  "content": {
    "name": "BAUCUA",
    "atlas": "",
    "rect": {
      "x": 49,
      "y": 152,
      "width": 1258,
      "height": 1724
    },
    "offset": {
      "x": -346,
      "y": 10
    },
    "originalSize": {
      "width": 2048,
      "height": 2048
    },
    "rotated": false,
    "capInsets": [
      0,
      0,
      0,
      0
    ],
    "vertices": {
      "rawPosition": [
        -629,
        -862,
        0,
        629,
        -862,
        0,
        -629,
        862,
        0,
        629,
        862,
        0
      ],
      "indexes": [
        0,
        1,
        2,
        2,
        1,
        3
      ],
      "uv": [
        49,
        1896,
        1307,
        1896,
        49,
        172,
        1307,
        172
      ],
      "nuv": [
        0.02392578125,
        0.083984375,
        0.63818359375,
        0.083984375,
        0.02392578125,
        0.92578125,
        0.63818359375,
        0.92578125
      ],
      "minPos": {
        "x": -629,
        "y": -862,
        "z": 0
      },
      "maxPos": {
        "x": 629,
        "y": 862,
        "z": 0
      }
    },
    "texture": "61088fae-b87a-4975-b4dc-560fa7a4a73f@6c48a",
    "packable": true,
    "pixelsToUnit": 100,
    "pivot": {
      "x": 0.5,
      "y": 0.5
    },
    "meshType": 0
  }
}