{
  "__type__": "cc.SpriteFrame",
  "content": {
    "name": "bt_ChangeMa",
    "atlas": "",
    "rect": {
      "x": 4,
      "y": 2,
      "width": 52,
      "height": 56
    },
    "offset": {
      "x": 0,
      "y": 0
    },
    "originalSize": {
      "width": 60,
      "height": 60
    },
    "rotated": false,
    "capInsets": [
      0,
      0,
      0,
      0
    ],
    "vertices": {
      "rawPosition": [
        -26,
        -28,
        0,
        26,
        -28,
        0,
        -26,
        28,
        0,
        26,
        28,
        0
      ],
      "indexes": [
        0,
        1,
        2,
        2,
        1,
        3
      ],
      "uv": [
        4,
        58,
        56,
        58,
        4,
        2,
        56,
        2
      ],
      "nuv": [
        0.06666666666666667,
        0.03333333333333333,
        0.9333333333333333,
        0.03333333333333333,
        0.06666666666666667,
        0.9666666666666667,
        0.9333333333333333,
        0.9666666666666667
      ],
      "minPos": {
        "x": -26,
        "y": -28,
        "z": 0
      },
      "maxPos": {
        "x": 26,
        "y": 28,
        "z": 0
      }
    },
    "texture": "6181f8f2-48b7-4218-8470-8dd8e553fec9@6c48a",
    "packable": true,
    "pixelsToUnit": 100,
    "pivot": {
      "x": 0.5,
      "y": 0.5
    },
    "meshType": 0
  }
}