{
  "__type__": "cc.SpriteFrame",
  "content": {
    "name": "icon slot",
    "atlas": "",
    "rect": {
      "x": 2,
      "y": 2,
      "width": 138,
      "height": 122
    },
    "offset": {
      "x": -57,
      "y": 1
    },
    "originalSize": {
      "width": 256,
      "height": 128
    },
    "rotated": false,
    "capInsets": [
      0,
      0,
      0,
      0
    ],
    "vertices": {
      "rawPosition": [
        -69,
        -61,
        0,
        69,
        -61,
        0,
        -69,
        61,
        0,
        69,
        61,
        0
      ],
      "indexes": [
        0,
        1,
        2,
        2,
        1,
        3
      ],
      "uv": [
        2,
        126,
        140,
        126,
        2,
        4,
        140,
        4
      ],
      "nuv": [
        0.0078125,
        0.03125,
        0.546875,
        0.03125,
        0.0078125,
        0.984375,
        0.546875,
        0.984375
      ],
      "minPos": {
        "x": -69,
        "y": -61,
        "z": 0
      },
      "maxPos": {
        "x": 69,
        "y": 61,
        "z": 0
      }
    },
    "texture": "6185695a-051a-4e0c-a926-0fdefd172a27@6c48a",
    "packable": true,
    "pixelsToUnit": 100,
    "pivot": {
      "x": 0.5,
      "y": 0.5
    },
    "meshType": 0
  }
}