{
  "__type__": "cc.SpriteFrame",
  "content": {
    "name": "skeleton",
    "atlas": "",
    "rect": {
      "x": 1,
      "y": 1,
      "width": 754,
      "height": 351
    },
    "offset": {
      "x": 0,
      "y": 0
    },
    "originalSize": {
      "width": 756,
      "height": 353
    },
    "rotated": false,
    "capInsets": [
      0,
      0,
      0,
      0
    ],
    "vertices": {
      "rawPosition": [
        -377,
        -175.5,
        0,
        377,
        -175.5,
        0,
        -377,
        175.5,
        0,
        377,
        175.5,
        0
      ],
      "indexes": [
        0,
        1,
        2,
        2,
        1,
        3
      ],
      "uv": [
        1,
        352,
        755,
        352,
        1,
        1,
        755,
        1
      ],
      "nuv": [
        0.0013227513227513227,
        0.0028328611898017,
        0.9986772486772487,
        0.0028328611898017,
        0.0013227513227513227,
        0.9971671388101983,
        0.9986772486772487,
        0.9971671388101983
      ],
      "minPos": {
        "x": -377,
        "y": -175.5,
        "z": 0
      },
      "maxPos": {
        "x": 377,
        "y": 175.5,
        "z": 0
      }
    },
    "texture": "61d5c2f9-740e-4aa6-a836-706fb55369aa@6c48a",
    "packable": true,
    "pixelsToUnit": 100,
    "pivot": {
      "x": 0.5,
      "y": 0.5
    },
    "meshType": 0
  }
}