{
  "__type__": "cc.SpriteFrame",
  "content": {
    "name": "huongdan",
    "atlas": "",
    "rect": {
      "x": 3,
      "y": 2,
      "width": 67,
      "height": 64
    },
    "offset": {
      "x": 1.5,
      "y": 1
    },
    "originalSize": {
      "width": 70,
      "height": 70
    },
    "rotated": false,
    "capInsets": [
      0,
      0,
      0,
      0
    ],
    "vertices": {
      "rawPosition": [
        -33.5,
        -32,
        0,
        33.5,
        -32,
        0,
        -33.5,
        32,
        0,
        33.5,
        32,
        0
      ],
      "indexes": [
        0,
        1,
        2,
        2,
        1,
        3
      ],
      "uv": [
        3,
        68,
        70,
        68,
        3,
        4,
        70,
        4
      ],
      "nuv": [
        0.04285714285714286,
        0.05714285714285714,
        1,
        0.05714285714285714,
        0.04285714285714286,
        0.9714285714285714,
        1,
        0.9714285714285714
      ],
      "minPos": {
        "x": -33.5,
        "y": -32,
        "z": 0
      },
      "maxPos": {
        "x": 33.5,
        "y": 32,
        "z": 0
      }
    },
    "texture": "79e2332e-894b-41aa-9910-d3609241cd7e@6c48a",
    "packable": true,
    "pixelsToUnit": 100,
    "pivot": {
      "x": 0.5,
      "y": 0.5
    },
    "meshType": 0
  }
}