{
  "__type__": "cc.SpriteFrame",
  "content": {
    "name": "icon_03",
    "atlas": "",
    "rect": {
      "x": 2,
      "y": 17,
      "width": 146,
      "height": 107
    },
    "offset": {
      "x": 1,
      "y": 4.5
    },
    "originalSize": {
      "width": 148,
      "height": 150
    },
    "rotated": false,
    "capInsets": [
      0,
      0,
      0,
      0
    ],
    "vertices": {
      "rawPosition": [
        -73,
        -53.5,
        0,
        73,
        -53.5,
        0,
        -73,
        53.5,
        0,
        73,
        53.5,
        0
      ],
      "indexes": [
        0,
        1,
        2,
        2,
        1,
        3
      ],
      "uv": [
        2,
        133,
        148,
        133,
        2,
        26,
        148,
        26
      ],
      "nuv": [
        0.013513513513513514,
        0.17333333333333334,
        1,
        0.17333333333333334,
        0.013513513513513514,
        0.8866666666666667,
        1,
        0.8866666666666667
      ],
      "minPos": {
        "x": -73,
        "y": -53.5,
        "z": 0
      },
      "maxPos": {
        "x": 73,
        "y": 53.5,
        "z": 0
      }
    },
    "texture": "0dca2e0b-5eb7-4511-bf86-2b6e5ffc5bf4@6c48a",
    "packable": true,
    "pixelsToUnit": 100,
    "pivot": {
      "x": 0.5,
      "y": 0.5
    },
    "meshType": 0
  }
}