{
  "__type__": "cc.SpriteFrame",
  "content": {
    "name": "bau",
    "atlas": "",
    "rect": {
      "x": 3,
      "y": 3,
      "width": 456,
      "height": 245
    },
    "offset": {
      "x": -25,
      "y": 2.5
    },
    "originalSize": {
      "width": 512,
      "height": 256
    },
    "rotated": false,
    "capInsets": [
      0,
      0,
      0,
      0
    ],
    "vertices": {
      "rawPosition": [
        -228,
        -122.5,
        0,
        228,
        -122.5,
        0,
        -228,
        122.5,
        0,
        228,
        122.5,
        0
      ],
      "indexes": [
        0,
        1,
        2,
        2,
        1,
        3
      ],
      "uv": [
        3,
        253,
        459,
        253,
        3,
        8,
        459,
        8
      ],
      "nuv": [
        0.005859375,
        0.03125,
        0.896484375,
        0.03125,
        0.005859375,
        0.98828125,
        0.896484375,
        0.98828125
      ],
      "minPos": {
        "x": -228,
        "y": -122.5,
        "z": 0
      },
      "maxPos": {
        "x": 228,
        "y": 122.5,
        "z": 0
      }
    },
    "texture": "0df1c1a9-8029-46f2-bbb9-a78919b42883@6c48a",
    "packable": true,
    "pixelsToUnit": 100,
    "pivot": {
      "x": 0.5,
      "y": 0.5
    },
    "meshType": 0
  }
}