{
  "__type__": "cc.SpriteFrame",
  "content": {
    "name": "line04",
    "atlas": "",
    "rect": {
      "x": 290,
      "y": 36,
      "width": 990,
      "height": 590
    },
    "offset": {
      "x": 145,
      "y": 29
    },
    "originalSize": {
      "width": 1280,
      "height": 720
    },
    "rotated": false,
    "capInsets": [
      0,
      0,
      0,
      0
    ],
    "vertices": {
      "rawPosition": [
        -495,
        -295,
        0,
        495,
        -295,
        0,
        -495,
        295,
        0,
        495,
        295,
        0
      ],
      "indexes": [
        0,
        1,
        2,
        2,
        1,
        3
      ],
      "uv": [
        290,
        684,
        1280,
        684,
        290,
        94,
        1280,
        94
      ],
      "nuv": [
        0.2265625,
        0.13055555555555556,
        1,
        0.13055555555555556,
        0.2265625,
        0.95,
        1,
        0.95
      ],
      "minPos": {
        "x": -495,
        "y": -295,
        "z": 0
      },
      "maxPos": {
        "x": 495,
        "y": 295,
        "z": 0
      }
    },
    "texture": "cc5567c2-0d2c-406f-be55-658f119218d8@6c48a",
    "packable": true,
    "pixelsToUnit": 100,
    "pivot": {
      "x": 0.5,
      "y": 0.5
    },
    "meshType": 0
  }
}