{
  "__type__": "cc.SpriteFrame",
  "content": {
    "name": "vip4",
    "atlas": "",
    "rect": {
      "x": 1,
      "y": 1,
      "width": 89,
      "height": 167
    },
    "offset": {
      "x": 0,
      "y": 0
    },
    "originalSize": {
      "width": 91,
      "height": 169
    },
    "rotated": false,
    "capInsets": [
      0,
      0,
      0,
      0
    ],
    "vertices": {
      "rawPosition": [
        -44.5,
        -83.5,
        0,
        44.5,
        -83.5,
        0,
        -44.5,
        83.5,
        0,
        44.5,
        83.5,
        0
      ],
      "indexes": [
        0,
        1,
        2,
        2,
        1,
        3
      ],
      "uv": [
        1,
        168,
        90,
        168,
        1,
        1,
        90,
        1
      ],
      "nuv": [
        0.01098901098901099,
        0.005917159763313609,
        0.989010989010989,
        0.005917159763313609,
        0.01098901098901099,
        0.9940828402366864,
        0.989010989010989,
        0.9940828402366864
      ],
      "minPos": {
        "x": -44.5,
        "y": -83.5,
        "z": 0
      },
      "maxPos": {
        "x": 44.5,
        "y": 83.5,
        "z": 0
      }
    },
    "texture": "ccf4b532-910d-4ba3-b59c-27ab784d0e8e@6c48a",
    "packable": true,
    "pixelsToUnit": 100,
    "pivot": {
      "x": 0.5,
      "y": 0.5
    },
    "meshType": 0
  }
}