{
  "__type__": "cc.SpriteFrame",
  "content": {
    "name": "HaiTac",
    "atlas": "",
    "rect": {
      "x": 1,
      "y": 1,
      "width": 979,
      "height": 1018
    },
    "offset": {
      "x": -21.5,
      "y": 2
    },
    "originalSize": {
      "width": 1024,
      "height": 1024
    },
    "rotated": false,
    "capInsets": [
      0,
      0,
      0,
      0
    ],
    "vertices": {
      "rawPosition": [
        -489.5,
        -509,
        0,
        489.5,
        -509,
        0,
        -489.5,
        509,
        0,
        489.5,
        509,
        0
      ],
      "indexes": [
        0,
        1,
        2,
        2,
        1,
        3
      ],
      "uv": [
        1,
        1023,
        980,
        1023,
        1,
        5,
        980,
        5
      ],
      "nuv": [
        0.0009765625,
        0.0048828125,
        0.95703125,
        0.0048828125,
        0.0009765625,
        0.9990234375,
        0.95703125,
        0.9990234375
      ],
      "minPos": {
        "x": -489.5,
        "y": -509,
        "z": 0
      },
      "maxPos": {
        "x": 489.5,
        "y": 509,
        "z": 0
      }
    },
    "texture": "9f03f5a7-1ae2-41b2-bc73-7febd8277598@6c48a",
    "packable": true,
    "pixelsToUnit": 100,
    "pivot": {
      "x": 0.5,
      "y": 0.5
    },
    "meshType": 0
  }
}