{
  "__type__": "cc.SpriteFrame",
  "content": {
    "name": "4",
    "atlas": "",
    "rect": {
      "x": 77,
      "y": 53,
      "width": 754,
      "height": 358
    },
    "offset": {
      "x": 27.5,
      "y": -5
    },
    "originalSize": {
      "width": 853,
      "height": 454
    },
    "rotated": false,
    "capInsets": [
      0,
      0,
      0,
      0
    ],
    "vertices": {
      "rawPosition": [
        -377,
        -179,
        0,
        377,
        -179,
        0,
        -377,
        179,
        0,
        377,
        179,
        0
      ],
      "indexes": [
        0,
        1,
        2,
        2,
        1,
        3
      ],
      "uv": [
        77,
        401,
        831,
        401,
        77,
        43,
        831,
        43
      ],
      "nuv": [
        0.09026963657678781,
        0.0947136563876652,
        0.9742086752637749,
        0.0947136563876652,
        0.09026963657678781,
        0.8832599118942731,
        0.9742086752637749,
        0.8832599118942731
      ],
      "minPos": {
        "x": -377,
        "y": -179,
        "z": 0
      },
      "maxPos": {
        "x": 377,
        "y": 179,
        "z": 0
      }
    },
    "texture": "9f27f29e-f6af-4ed9-80a3-7bbdaf66148c@6c48a",
    "packable": true,
    "pixelsToUnit": 100,
    "pivot": {
      "x": 0.5,
      "y": 0.5
    },
    "meshType": 0
  }
}