{
  "__type__": "cc.SpriteFrame",
  "content": {
    "name": "xiaochouyu_shadow_tex",
    "atlas": "",
    "rect": {
      "x": 1,
      "y": 1,
      "width": 952,
      "height": 447
    },
    "offset": {
      "x": -35,
      "y": 31.5
    },
    "originalSize": {
      "width": 1024,
      "height": 512
    },
    "rotated": false,
    "capInsets": [
      0,
      0,
      0,
      0
    ],
    "vertices": {
      "rawPosition": [
        -476,
        -223.5,
        0,
        476,
        -223.5,
        0,
        -476,
        223.5,
        0,
        476,
        223.5,
        0
      ],
      "indexes": [
        0,
        1,
        2,
        2,
        1,
        3
      ],
      "uv": [
        1,
        511,
        953,
        511,
        1,
        64,
        953,
        64
      ],
      "nuv": [
        0.0009765625,
        0.125,
        0.9306640625,
        0.125,
        0.0009765625,
        0.998046875,
        0.9306640625,
        0.998046875
      ],
      "minPos": {
        "x": -476,
        "y": -223.5,
        "z": 0
      },
      "maxPos": {
        "x": 476,
        "y": 223.5,
        "z": 0
      }
    },
    "texture": "2f18da59-48f4-45a0-bd96-8932c6c744bc@6c48a",
    "packable": true,
    "pixelsToUnit": 100,
    "pivot": {
      "x": 0.5,
      "y": 0.5
    },
    "meshType": 0
  }
}