{
  "__type__": "cc.SpriteFrame",
  "content": {
    "name": "border2",
    "atlas": "",
    "rect": {
      "x": 1,
      "y": 1,
      "width": 131,
      "height": 131
    },
    "offset": {
      "x": 0,
      "y": 0
    },
    "originalSize": {
      "width": 133,
      "height": 133
    },
    "rotated": false,
    "capInsets": [
      0,
      0,
      0,
      0
    ],
    "vertices": {
      "rawPosition": [
        -65.5,
        -65.5,
        0,
        65.5,
        -65.5,
        0,
        -65.5,
        65.5,
        0,
        65.5,
        65.5,
        0
      ],
      "indexes": [
        0,
        1,
        2,
        2,
        1,
        3
      ],
      "uv": [
        1,
        132,
        132,
        132,
        1,
        1,
        132,
        1
      ],
      "nuv": [
        0.007518796992481203,
        0.007518796992481203,
        0.9924812030075187,
        0.007518796992481203,
        0.007518796992481203,
        0.9924812030075187,
        0.9924812030075187,
        0.9924812030075187
      ],
      "minPos": {
        "x": -65.5,
        "y": -65.5,
        "z": 0
      },
      "maxPos": {
        "x": 65.5,
        "y": 65.5,
        "z": 0
      }
    },
    "texture": "2f6025cb-414e-4ed8-9f11-c370007f835a@6c48a",
    "packable": true,
    "pixelsToUnit": 100,
    "pivot": {
      "x": 0.5,
      "y": 0.5
    },
    "meshType": 0
  }
}