{
  "__type__": "cc.SpriteFrame",
  "content": {
    "name": "7",
    "atlas": "",
    "rect": {
      "x": 188,
      "y": 341,
      "width": 805,
      "height": 235
    },
    "offset": {
      "x": -49.5,
      "y": -98.5
    },
    "originalSize": {
      "width": 1280,
      "height": 720
    },
    "rotated": false,
    "capInsets": [
      0,
      0,
      0,
      0
    ],
    "vertices": {
      "rawPosition": [
        -402.5,
        -117.5,
        0,
        402.5,
        -117.5,
        0,
        -402.5,
        117.5,
        0,
        402.5,
        117.5,
        0
      ],
      "indexes": [
        0,
        1,
        2,
        2,
        1,
        3
      ],
      "uv": [
        188,
        379,
        993,
        379,
        188,
        144,
        993,
        144
      ],
      "nuv": [
        0.146875,
        0.2,
        0.77578125,
        0.2,
        0.146875,
        0.5263888888888889,
        0.77578125,
        0.5263888888888889
      ],
      "minPos": {
        "x": -402.5,
        "y": -117.5,
        "z": 0
      },
      "maxPos": {
        "x": 402.5,
        "y": 117.5,
        "z": 0
      }
    },
    "texture": "fe1389b9-1a0d-4cf7-9485-643bbcf7aad0@6c48a",
    "packable": true,
    "pixelsToUnit": 100,
    "pivot": {
      "x": 0.5,
      "y": 0.5
    },
    "meshType": 0
  }
}