{
  "__type__": "cc.SpriteFrame",
  "content": {
    "name": "icon slot",
    "atlas": "",
    "rect": {
      "x": 2,
      "y": 2,
      "width": 1847,
      "height": 942
    },
    "offset": {
      "x": -98.5,
      "y": 39
    },
    "originalSize": {
      "width": 2048,
      "height": 1024
    },
    "rotated": false,
    "capInsets": [
      0,
      0,
      0,
      0
    ],
    "vertices": {
      "rawPosition": [
        -923.5,
        -471,
        0,
        923.5,
        -471,
        0,
        -923.5,
        471,
        0,
        923.5,
        471,
        0
      ],
      "indexes": [
        0,
        1,
        2,
        2,
        1,
        3
      ],
      "uv": [
        2,
        1022,
        1849,
        1022,
        2,
        80,
        1849,
        80
      ],
      "nuv": [
        0.0009765625,
        0.078125,
        0.90283203125,
        0.078125,
        0.0009765625,
        0.998046875,
        0.90283203125,
        0.998046875
      ],
      "minPos": {
        "x": -923.5,
        "y": -471,
        "z": 0
      },
      "maxPos": {
        "x": 923.5,
        "y": 471,
        "z": 0
      }
    },
    "texture": "fe6156fb-0420-47d3-93a7-5a03fcf6f606@6c48a",
    "packable": true,
    "pixelsToUnit": 100,
    "pivot": {
      "x": 0.5,
      "y": 0.5
    },
    "meshType": 0
  }
}