{
  "__type__": "cc.SpriteFrame",
  "content": {
    "name": "kyby_chibang3_tex",
    "atlas": "",
    "rect": {
      "x": 1,
      "y": 2,
      "width": 506,
      "height": 881
    },
    "offset": {
      "x": -2,
      "y": 69.5
    },
    "originalSize": {
      "width": 512,
      "height": 1024
    },
    "rotated": false,
    "capInsets": [
      0,
      0,
      0,
      0
    ],
    "vertices": {
      "rawPosition": [
        -253,
        -440.5,
        0,
        253,
        -440.5,
        0,
        -253,
        440.5,
        0,
        253,
        440.5,
        0
      ],
      "indexes": [
        0,
        1,
        2,
        2,
        1,
        3
      ],
      "uv": [
        1,
        1022,
        507,
        1022,
        1,
        141,
        507,
        141
      ],
      "nuv": [
        0.001953125,
        0.1376953125,
        0.990234375,
        0.1376953125,
        0.001953125,
        0.998046875,
        0.990234375,
        0.998046875
      ],
      "minPos": {
        "x": -253,
        "y": -440.5,
        "z": 0
      },
      "maxPos": {
        "x": 253,
        "y": 440.5,
        "z": 0
      }
    },
    "texture": "fe6a2c40-ebba-4fdd-8b04-eea5ad78536c@6c48a",
    "packable": true,
    "pixelsToUnit": 100,
    "pivot": {
      "x": 0.5,
      "y": 0.5
    },
    "meshType": 0
  }
}