{
  "__type__": "cc.SpriteFrame",
  "content": {
    "name": "duobaoyu_shadow_tex",
    "atlas": "",
    "rect": {
      "x": 1,
      "y": 1,
      "width": 246,
      "height": 249
    },
    "offset": {
      "x": -4,
      "y": 2.5
    },
    "originalSize": {
      "width": 256,
      "height": 256
    },
    "rotated": false,
    "capInsets": [
      0,
      0,
      0,
      0
    ],
    "vertices": {
      "rawPosition": [
        -123,
        -124.5,
        0,
        123,
        -124.5,
        0,
        -123,
        124.5,
        0,
        123,
        124.5,
        0
      ],
      "indexes": [
        0,
        1,
        2,
        2,
        1,
        3
      ],
      "uv": [
        1,
        255,
        247,
        255,
        1,
        6,
        247,
        6
      ],
      "nuv": [
        0.00390625,
        0.0234375,
        0.96484375,
        0.0234375,
        0.00390625,
        0.99609375,
        0.96484375,
        0.99609375
      ],
      "minPos": {
        "x": -123,
        "y": -124.5,
        "z": 0
      },
      "maxPos": {
        "x": 123,
        "y": 124.5,
        "z": 0
      }
    },
    "texture": "c216d8a8-e1d7-4168-8ef5-0bdb52c58d53@6c48a",
    "packable": true,
    "pixelsToUnit": 100,
    "pivot": {
      "x": 0.5,
      "y": 0.5
    },
    "meshType": 0
  }
}