{
  "__type__": "cc.SpriteFrame",
  "content": {
    "name": "icon slot",
    "atlas": "",
    "rect": {
      "x": 2,
      "y": 2,
      "width": 151,
      "height": 87
    },
    "offset": {
      "x": -50.5,
      "y": 18.5
    },
    "originalSize": {
      "width": 256,
      "height": 128
    },
    "rotated": false,
    "capInsets": [
      0,
      0,
      0,
      0
    ],
    "vertices": {
      "rawPosition": [
        -75.5,
        -43.5,
        0,
        75.5,
        -43.5,
        0,
        -75.5,
        43.5,
        0,
        75.5,
        43.5,
        0
      ],
      "indexes": [
        0,
        1,
        2,
        2,
        1,
        3
      ],
      "uv": [
        2,
        126,
        153,
        126,
        2,
        39,
        153,
        39
      ],
      "nuv": [
        0.0078125,
        0.3046875,
        0.59765625,
        0.3046875,
        0.0078125,
        0.984375,
        0.59765625,
        0.984375
      ],
      "minPos": {
        "x": -75.5,
        "y": -43.5,
        "z": 0
      },
      "maxPos": {
        "x": 75.5,
        "y": 43.5,
        "z": 0
      }
    },
    "texture": "c2d67422-6edc-4b80-a2a7-da9e06911af1@6c48a",
    "packable": true,
    "pixelsToUnit": 100,
    "pivot": {
      "x": 0.5,
      "y": 0.5
    },
    "meshType": 0
  }
}