{
  "__type__": "cc.SpriteFrame",
  "content": {
    "name": "spine",
    "atlas": "",
    "rect": {
      "x": 1,
      "y": 1,
      "width": 843,
      "height": 1791
    },
    "offset": {
      "x": 0,
      "y": 0
    },
    "originalSize": {
      "width": 845,
      "height": 1793
    },
    "rotated": false,
    "capInsets": [
      0,
      0,
      0,
      0
    ],
    "vertices": {
      "rawPosition": [
        -421.5,
        -895.5,
        0,
        421.5,
        -895.5,
        0,
        -421.5,
        895.5,
        0,
        421.5,
        895.5,
        0
      ],
      "indexes": [
        0,
        1,
        2,
        2,
        1,
        3
      ],
      "uv": [
        1,
        1792,
        844,
        1792,
        1,
        1,
        844,
        1
      ],
      "nuv": [
        0.001183431952662722,
        0.0005577244841048522,
        0.9988165680473373,
        0.0005577244841048522,
        0.001183431952662722,
        0.9994422755158952,
        0.9988165680473373,
        0.9994422755158952
      ],
      "minPos": {
        "x": -421.5,
        "y": -895.5,
        "z": 0
      },
      "maxPos": {
        "x": 421.5,
        "y": 895.5,
        "z": 0
      }
    },
    "texture": "c2e56569-2226-48d4-820d-2b5b56a30559@6c48a",
    "packable": true,
    "pixelsToUnit": 100,
    "pivot": {
      "x": 0.5,
      "y": 0.5
    },
    "meshType": 0
  }
}