{
  "__type__": "cc.SpriteFrame",
  "content": {
    "name": "otpp",
    "atlas": "",
    "rect": {
      "x": 1,
      "y": 0,
      "width": 55,
      "height": 48
    },
    "offset": {
      "x": -0.5,
      "y": 8.5
    },
    "originalSize": {
      "width": 58,
      "height": 65
    },
    "rotated": false,
    "capInsets": [
      0,
      0,
      0,
      0
    ],
    "vertices": {
      "rawPosition": [
        -27.5,
        -24,
        0,
        27.5,
        -24,
        0,
        -27.5,
        24,
        0,
        27.5,
        24,
        0
      ],
      "indexes": [
        0,
        1,
        2,
        2,
        1,
        3
      ],
      "uv": [
        1,
        65,
        56,
        65,
        1,
        17,
        56,
        17
      ],
      "nuv": [
        0.017241379310344827,
        0.26153846153846155,
        0.9655172413793104,
        0.26153846153846155,
        0.017241379310344827,
        1,
        0.9655172413793104,
        1
      ],
      "minPos": {
        "x": -27.5,
        "y": -24,
        "z": 0
      },
      "maxPos": {
        "x": 27.5,
        "y": 24,
        "z": 0
      }
    },
    "texture": "2286d5f1-58cf-49ca-9a57-57ba86854829@6c48a",
    "packable": true,
    "pixelsToUnit": 100,
    "pivot": {
      "x": 0.5,
      "y": 0.5
    },
    "meshType": 0
  }
}