{
  "__type__": "cc.SpriteFrame",
  "content": {
    "name": "skeleton",
    "atlas": "",
    "rect": {
      "x": 1,
      "y": 1,
      "width": 89,
      "height": 117
    },
    "offset": {
      "x": 0,
      "y": 0
    },
    "originalSize": {
      "width": 91,
      "height": 119
    },
    "rotated": false,
    "capInsets": [
      0,
      0,
      0,
      0
    ],
    "vertices": {
      "rawPosition": [
        -44.5,
        -58.5,
        0,
        44.5,
        -58.5,
        0,
        -44.5,
        58.5,
        0,
        44.5,
        58.5,
        0
      ],
      "indexes": [
        0,
        1,
        2,
        2,
        1,
        3
      ],
      "uv": [
        1,
        118,
        90,
        118,
        1,
        1,
        90,
        1
      ],
      "nuv": [
        0.01098901098901099,
        0.008403361344537815,
        0.989010989010989,
        0.008403361344537815,
        0.01098901098901099,
        0.9915966386554622,
        0.989010989010989,
        0.9915966386554622
      ],
      "minPos": {
        "x": -44.5,
        "y": -58.5,
        "z": 0
      },
      "maxPos": {
        "x": 44.5,
        "y": 58.5,
        "z": 0
      }
    },
    "texture": "22e5dcb9-73cd-4912-baab-b5f77ef107c7@6c48a",
    "packable": true,
    "pixelsToUnit": 100,
    "pivot": {
      "x": 0.5,
      "y": 0.5
    },
    "meshType": 0
  }
}