{
  "__type__": "cc.SpriteFrame",
  "content": {
    "name": "nohuthanglon",
    "atlas": "",
    "rect": {
      "x": 3,
      "y": 3,
      "width": 1932,
      "height": 1978
    },
    "offset": {
      "x": -55,
      "y": 32
    },
    "originalSize": {
      "width": 2048,
      "height": 2048
    },
    "rotated": false,
    "capInsets": [
      0,
      0,
      0,
      0
    ],
    "vertices": {
      "rawPosition": [
        -966,
        -989,
        0,
        966,
        -989,
        0,
        -966,
        989,
        0,
        966,
        989,
        0
      ],
      "indexes": [
        0,
        1,
        2,
        2,
        1,
        3
      ],
      "uv": [
        3,
        2045,
        1935,
        2045,
        3,
        67,
        1935,
        67
      ],
      "nuv": [
        0.00146484375,
        0.03271484375,
        0.94482421875,
        0.03271484375,
        0.00146484375,
        0.99853515625,
        0.94482421875,
        0.99853515625
      ],
      "minPos": {
        "x": -966,
        "y": -989,
        "z": 0
      },
      "maxPos": {
        "x": 966,
        "y": 989,
        "z": 0
      }
    },
    "texture": "162a1d13-779d-4f03-92e1-e4acf2a634d2@6c48a",
    "packable": true,
    "pixelsToUnit": 100,
    "pivot": {
      "x": 0.5,
      "y": 0.5
    },
    "meshType": 0
  }
}