{
  "__type__": "cc.SpriteFrame",
  "content": {
    "name": "19",
    "atlas": "",
    "rect": {
      "x": 22,
      "y": 133,
      "width": 311,
      "height": 168
    },
    "offset": {
      "x": 11,
      "y": -51
    },
    "originalSize": {
      "width": 333,
      "height": 332
    },
    "rotated": false,
    "capInsets": [
      0,
      0,
      0,
      0
    ],
    "vertices": {
      "rawPosition": [
        -155.5,
        -84,
        0,
        155.5,
        -84,
        0,
        -155.5,
        84,
        0,
        155.5,
        84,
        0
      ],
      "indexes": [
        0,
        1,
        2,
        2,
        1,
        3
      ],
      "uv": [
        22,
        199,
        333,
        199,
        22,
        31,
        333,
        31
      ],
      "nuv": [
        0.06606606606606606,
        0.09337349397590361,
        1,
        0.09337349397590361,
        0.06606606606606606,
        0.5993975903614458,
        1,
        0.5993975903614458
      ],
      "minPos": {
        "x": -155.5,
        "y": -84,
        "z": 0
      },
      "maxPos": {
        "x": 155.5,
        "y": 84,
        "z": 0
      }
    },
    "texture": "16804501-9050-4ad1-84d3-a781406146bf@6c48a",
    "packable": true,
    "pixelsToUnit": 100,
    "pivot": {
      "x": 0.5,
      "y": 0.5
    },
    "meshType": 0
  }
}