{
  "__type__": "cc.SpriteFrame",
  "content": {
    "name": "jinjiahusha_shadow_tex",
    "atlas": "",
    "rect": {
      "x": 1,
      "y": 1,
      "width": 900,
      "height": 1001
    },
    "offset": {
      "x": -61,
      "y": 10.5
    },
    "originalSize": {
      "width": 1024,
      "height": 1024
    },
    "rotated": false,
    "capInsets": [
      0,
      0,
      0,
      0
    ],
    "vertices": {
      "rawPosition": [
        -450,
        -500.5,
        0,
        450,
        -500.5,
        0,
        -450,
        500.5,
        0,
        450,
        500.5,
        0
      ],
      "indexes": [
        0,
        1,
        2,
        2,
        1,
        3
      ],
      "uv": [
        1,
        1023,
        901,
        1023,
        1,
        22,
        901,
        22
      ],
      "nuv": [
        0.0009765625,
        0.021484375,
        0.8798828125,
        0.021484375,
        0.0009765625,
        0.9990234375,
        0.8798828125,
        0.9990234375
      ],
      "minPos": {
        "x": -450,
        "y": -500.5,
        "z": 0
      },
      "maxPos": {
        "x": 450,
        "y": 500.5,
        "z": 0
      }
    },
    "texture": "1683e727-0a1b-4067-a157-0221a9a448d1@6c48a",
    "packable": true,
    "pixelsToUnit": 100,
    "pivot": {
      "x": 0.5,
      "y": 0.5
    },
    "meshType": 0
  }
}