{
  "__type__": "cc.SpriteFrame",
  "content": {
    "name": "haitun_tex",
    "atlas": "",
    "rect": {
      "x": 1,
      "y": 1,
      "width": 508,
      "height": 704
    },
    "offset": {
      "x": -1,
      "y": 159
    },
    "originalSize": {
      "width": 512,
      "height": 1024
    },
    "rotated": false,
    "capInsets": [
      0,
      0,
      0,
      0
    ],
    "vertices": {
      "rawPosition": [
        -254,
        -352,
        0,
        254,
        -352,
        0,
        -254,
        352,
        0,
        254,
        352,
        0
      ],
      "indexes": [
        0,
        1,
        2,
        2,
        1,
        3
      ],
      "uv": [
        1,
        1023,
        509,
        1023,
        1,
        319,
        509,
        319
      ],
      "nuv": [
        0.001953125,
        0.3115234375,
        0.994140625,
        0.3115234375,
        0.001953125,
        0.9990234375,
        0.994140625,
        0.9990234375
      ],
      "minPos": {
        "x": -254,
        "y": -352,
        "z": 0
      },
      "maxPos": {
        "x": 254,
        "y": 352,
        "z": 0
      }
    },
    "texture": "6213d9e9-4245-4212-8ada-a691a4142cc1@6c48a",
    "packable": true,
    "pixelsToUnit": 100,
    "pivot": {
      "x": 0.5,
      "y": 0.5
    },
    "meshType": 0
  }
}