{
  "__type__": "cc.SpriteFrame",
  "content": {
    "name": "loading",
    "atlas": "",
    "rect": {
      "x": 0,
      "y": 0,
      "width": 143,
      "height": 269
    },
    "offset": {
      "x": -57,
      "y": 1.5
    },
    "originalSize": {
      "width": 257,
      "height": 272
    },
    "rotated": false,
    "capInsets": [
      0,
      0,
      0,
      0
    ],
    "vertices": {
      "rawPosition": [
        -71.5,
        -134.5,
        0,
        71.5,
        -134.5,
        0,
        -71.5,
        134.5,
        0,
        71.5,
        134.5,
        0
      ],
      "indexes": [
        0,
        1,
        2,
        2,
        1,
        3
      ],
      "uv": [
        0,
        272,
        143,
        272,
        0,
        3,
        143,
        3
      ],
      "nuv": [
        0,
        0.011029411764705883,
        0.556420233463035,
        0.011029411764705883,
        0,
        1,
        0.556420233463035,
        1
      ],
      "minPos": {
        "x": -71.5,
        "y": -134.5,
        "z": 0
      },
      "maxPos": {
        "x": 71.5,
        "y": 134.5,
        "z": 0
      }
    },
    "texture": "62155418-02d3-4bf6-9a89-a66f35d12b11@6c48a",
    "packable": true,
    "pixelsToUnit": 100,
    "pivot": {
      "x": 0.5,
      "y": 0.5
    },
    "meshType": 0
  }
}