{
  "__type__": "cc.SpriteFrame",
  "content": {
    "name": "5",
    "atlas": "",
    "rect": {
      "x": 0,
      "y": 0,
      "width": 323,
      "height": 330
    },
    "offset": {
      "x": -5,
      "y": 1
    },
    "originalSize": {
      "width": 333,
      "height": 332
    },
    "rotated": false,
    "capInsets": [
      0,
      0,
      0,
      0
    ],
    "vertices": {
      "rawPosition": [
        -161.5,
        -165,
        0,
        161.5,
        -165,
        0,
        -161.5,
        165,
        0,
        161.5,
        165,
        0
      ],
      "indexes": [
        0,
        1,
        2,
        2,
        1,
        3
      ],
      "uv": [
        0,
        332,
        323,
        332,
        0,
        2,
        323,
        2
      ],
      "nuv": [
        0,
        0.006024096385542169,
        0.96996996996997,
        0.006024096385542169,
        0,
        1,
        0.96996996996997,
        1
      ],
      "minPos": {
        "x": -161.5,
        "y": -165,
        "z": 0
      },
      "maxPos": {
        "x": 161.5,
        "y": 165,
        "z": 0
      }
    },
    "texture": "62a4a935-f9f8-4d37-af40-9bbebc8f3e99@6c48a",
    "packable": true,
    "pixelsToUnit": 100,
    "pivot": {
      "x": 0.5,
      "y": 0.5
    },
    "meshType": 0
  }
}