{
  "__type__": "cc.SpriteFrame",
  "content": {
    "name": "Nen_XacNhanThongTin",
    "atlas": "",
    "rect": {
      "x": 1,
      "y": 1,
      "width": 895,
      "height": 143
    },
    "offset": {
      "x": 0,
      "y": 0
    },
    "originalSize": {
      "width": 897,
      "height": 145
    },
    "rotated": false,
    "capInsets": [
      0,
      0,
      0,
      0
    ],
    "vertices": {
      "rawPosition": [
        -447.5,
        -71.5,
        0,
        447.5,
        -71.5,
        0,
        -447.5,
        71.5,
        0,
        447.5,
        71.5,
        0
      ],
      "indexes": [
        0,
        1,
        2,
        2,
        1,
        3
      ],
      "uv": [
        1,
        144,
        896,
        144,
        1,
        1,
        896,
        1
      ],
      "nuv": [
        0.0011148272017837235,
        0.006896551724137931,
        0.9988851727982163,
        0.006896551724137931,
        0.0011148272017837235,
        0.993103448275862,
        0.9988851727982163,
        0.993103448275862
      ],
      "minPos": {
        "x": -447.5,
        "y": -71.5,
        "z": 0
      },
      "maxPos": {
        "x": 447.5,
        "y": 71.5,
        "z": 0
      }
    },
    "texture": "6051af18-dad1-437a-80e2-16227975bc62@6c48a",
    "packable": true,
    "pixelsToUnit": 100,
    "pivot": {
      "x": 0.5,
      "y": 0.5
    },
    "meshType": 0
  }
}