{
  "__type__": "cc.SpriteFrame",
  "content": {
    "name": "board",
    "atlas": "",
    "rect": {
      "x": 0,
      "y": 0,
      "width": 558,
      "height": 478
    },
    "offset": {
      "x": -1,
      "y": 1
    },
    "originalSize": {
      "width": 560,
      "height": 480
    },
    "rotated": false,
    "capInsets": [
      0,
      0,
      0,
      0
    ],
    "vertices": {
      "rawPosition": [
        -279,
        -239,
        0,
        279,
        -239,
        0,
        -279,
        239,
        0,
        279,
        239,
        0
      ],
      "indexes": [
        0,
        1,
        2,
        2,
        1,
        3
      ],
      "uv": [
        0,
        480,
        558,
        480,
        0,
        2,
        558,
        2
      ],
      "nuv": [
        0,
        0.004166666666666667,
        0.9964285714285714,
        0.004166666666666667,
        0,
        1,
        0.9964285714285714,
        1
      ],
      "minPos": {
        "x": -279,
        "y": -239,
        "z": 0
      },
      "maxPos": {
        "x": 279,
        "y": 239,
        "z": 0
      }
    },
    "texture": "606d0ef7-7eb3-4246-bb23-392b991977f5@6c48a",
    "packable": true,
    "pixelsToUnit": 100,
    "pivot": {
      "x": 0.5,
      "y": 0.5
    },
    "meshType": 0
  }
}