{
  "__type__": "cc.SpriteFrame",
  "content": {
    "name": "10",
    "atlas": "",
    "rect": {
      "x": 179,
      "y": 182,
      "width": 839,
      "height": 377
    },
    "offset": {
      "x": -41.5,
      "y": -10.5
    },
    "originalSize": {
      "width": 1280,
      "height": 720
    },
    "rotated": false,
    "capInsets": [
      0,
      0,
      0,
      0
    ],
    "vertices": {
      "rawPosition": [
        -419.5,
        -188.5,
        0,
        419.5,
        -188.5,
        0,
        -419.5,
        188.5,
        0,
        419.5,
        188.5,
        0
      ],
      "indexes": [
        0,
        1,
        2,
        2,
        1,
        3
      ],
      "uv": [
        179,
        538,
        1018,
        538,
        179,
        161,
        1018,
        161
      ],
      "nuv": [
        0.13984375,
        0.22361111111111112,
        0.7953125,
        0.22361111111111112,
        0.13984375,
        0.7472222222222222,
        0.7953125,
        0.7472222222222222
      ],
      "minPos": {
        "x": -419.5,
        "y": -188.5,
        "z": 0
      },
      "maxPos": {
        "x": 419.5,
        "y": 188.5,
        "z": 0
      }
    },
    "texture": "6098a98c-4975-4cec-a2e0-d0da1b3dd49b@6c48a",
    "packable": true,
    "pixelsToUnit": 100,
    "pivot": {
      "x": 0.5,
      "y": 0.5
    },
    "meshType": 0
  }
}