{
  "__type__": "cc.SpriteFrame",
  "content": {
    "name": "logo",
    "atlas": "",
    "rect": {
      "x": 3,
      "y": 3,
      "width": 775,
      "height": 223
    },
    "offset": {
      "x": -121.5,
      "y": 13.5
    },
    "originalSize": {
      "width": 1024,
      "height": 256
    },
    "rotated": false,
    "capInsets": [
      0,
      0,
      0,
      0
    ],
    "vertices": {
      "rawPosition": [
        -387.5,
        -111.5,
        0,
        387.5,
        -111.5,
        0,
        -387.5,
        111.5,
        0,
        387.5,
        111.5,
        0
      ],
      "indexes": [
        0,
        1,
        2,
        2,
        1,
        3
      ],
      "uv": [
        3,
        253,
        778,
        253,
        3,
        30,
        778,
        30
      ],
      "nuv": [
        0.0029296875,
        0.1171875,
        0.759765625,
        0.1171875,
        0.0029296875,
        0.98828125,
        0.759765625,
        0.98828125
      ],
      "minPos": {
        "x": -387.5,
        "y": -111.5,
        "z": 0
      },
      "maxPos": {
        "x": 387.5,
        "y": 111.5,
        "z": 0
      }
    },
    "texture": "60e87a07-a5a3-4052-ae08-f480db7c62f4@6c48a",
    "packable": true,
    "pixelsToUnit": 100,
    "pivot": {
      "x": 0.5,
      "y": 0.5
    },
    "meshType": 0
  }
}