{
  "__type__": "cc.SpriteFrame",
  "content": {
    "name": "xem",
    "atlas": "",
    "rect": {
      "x": 1,
      "y": 1,
      "width": 147,
      "height": 30
    },
    "offset": {
      "x": 0.5,
      "y": 0
    },
    "originalSize": {
      "width": 148,
      "height": 32
    },
    "rotated": false,
    "capInsets": [
      0,
      0,
      0,
      0
    ],
    "vertices": {
      "rawPosition": [
        -73.5,
        -15,
        0,
        73.5,
        -15,
        0,
        -73.5,
        15,
        0,
        73.5,
        15,
        0
      ],
      "indexes": [
        0,
        1,
        2,
        2,
        1,
        3
      ],
      "uv": [
        1,
        31,
        148,
        31,
        1,
        1,
        148,
        1
      ],
      "nuv": [
        0.006756756756756757,
        0.03125,
        1,
        0.03125,
        0.006756756756756757,
        0.96875,
        1,
        0.96875
      ],
      "minPos": {
        "x": -73.5,
        "y": -15,
        "z": 0
      },
      "maxPos": {
        "x": 73.5,
        "y": 15,
        "z": 0
      }
    },
    "texture": "b7a9a86b-bd0b-4f7e-9ea1-40ca1addf697@6c48a",
    "packable": true,
    "pixelsToUnit": 100,
    "pivot": {
      "x": 0.5,
      "y": 0.5
    },
    "meshType": 0
  }
}