{
  "__type__": "cc.SpriteFrame",
  "content": {
    "name": "card",
    "atlas": "",
    "rect": {
      "x": 2,
      "y": 2,
      "width": 1033,
      "height": 978
    },
    "offset": {
      "x": 0,
      "y": 0
    },
    "originalSize": {
      "width": 1037,
      "height": 982
    },
    "rotated": false,
    "capInsets": [
      0,
      0,
      0,
      0
    ],
    "vertices": {
      "rawPosition": [
        -516.5,
        -489,
        0,
        516.5,
        -489,
        0,
        -516.5,
        489,
        0,
        516.5,
        489,
        0
      ],
      "indexes": [
        0,
        1,
        2,
        2,
        1,
        3
      ],
      "uv": [
        2,
        980,
        1035,
        980,
        2,
        2,
        1035,
        2
      ],
      "nuv": [
        0.0019286403085824494,
        0.002036659877800407,
        0.9980713596914176,
        0.002036659877800407,
        0.0019286403085824494,
        0.9979633401221996,
        0.9980713596914176,
        0.9979633401221996
      ],
      "minPos": {
        "x": -516.5,
        "y": -489,
        "z": 0
      },
      "maxPos": {
        "x": 516.5,
        "y": 489,
        "z": 0
      }
    },
    "texture": "b7d347ac-696d-4da1-b41a-ea95b98d76b4@6c48a",
    "packable": true,
    "pixelsToUnit": 100,
    "pivot": {
      "x": 0.5,
      "y": 0.5
    },
    "meshType": 0
  }
}