{
  "__type__": "cc.SpriteFrame",
  "content": {
    "name": "17",
    "atlas": "",
    "rect": {
      "x": 262,
      "y": 279,
      "width": 831,
      "height": 291
    },
    "offset": {
      "x": 37.5,
      "y": -64.5
    },
    "originalSize": {
      "width": 1280,
      "height": 720
    },
    "rotated": false,
    "capInsets": [
      0,
      0,
      0,
      0
    ],
    "vertices": {
      "rawPosition": [
        -415.5,
        -145.5,
        0,
        415.5,
        -145.5,
        0,
        -415.5,
        145.5,
        0,
        415.5,
        145.5,
        0
      ],
      "indexes": [
        0,
        1,
        2,
        2,
        1,
        3
      ],
      "uv": [
        262,
        441,
        1093,
        441,
        262,
        150,
        1093,
        150
      ],
      "nuv": [
        0.2046875,
        0.20833333333333334,
        0.85390625,
        0.20833333333333334,
        0.2046875,
        0.6125,
        0.85390625,
        0.6125
      ],
      "minPos": {
        "x": -415.5,
        "y": -145.5,
        "z": 0
      },
      "maxPos": {
        "x": 415.5,
        "y": 145.5,
        "z": 0
      }
    },
    "texture": "b7f97f63-4e48-46d2-8991-0e6ee0f7b79f@6c48a",
    "packable": true,
    "pixelsToUnit": 100,
    "pivot": {
      "x": 0.5,
      "y": 0.5
    },
    "meshType": 0
  }
}