{
  "__type__": "cc.SpriteFrame",
  "content": {
    "name": "denglongyu_shadow_tex",
    "atlas": "",
    "rect": {
      "x": 1,
      "y": 1,
      "width": 496,
      "height": 496
    },
    "offset": {
      "x": -7,
      "y": 7
    },
    "originalSize": {
      "width": 512,
      "height": 512
    },
    "rotated": false,
    "capInsets": [
      0,
      0,
      0,
      0
    ],
    "vertices": {
      "rawPosition": [
        -248,
        -248,
        0,
        248,
        -248,
        0,
        -248,
        248,
        0,
        248,
        248,
        0
      ],
      "indexes": [
        0,
        1,
        2,
        2,
        1,
        3
      ],
      "uv": [
        1,
        511,
        497,
        511,
        1,
        15,
        497,
        15
      ],
      "nuv": [
        0.001953125,
        0.029296875,
        0.970703125,
        0.029296875,
        0.001953125,
        0.998046875,
        0.970703125,
        0.998046875
      ],
      "minPos": {
        "x": -248,
        "y": -248,
        "z": 0
      },
      "maxPos": {
        "x": 248,
        "y": 248,
        "z": 0
      }
    },
    "texture": "7f1f5113-e593-450d-a974-414b974fe746@6c48a",
    "packable": true,
    "pixelsToUnit": 100,
    "pivot": {
      "x": 0.5,
      "y": 0.5
    },
    "meshType": 0
  }
}