{
  "__type__": "cc.SpriteFrame",
  "content": {
    "name": "foot",
    "atlas": "",
    "rect": {
      "x": 0,
      "y": 0,
      "width": 1228,
      "height": 125
    },
    "offset": {
      "x": -1,
      "y": 1
    },
    "originalSize": {
      "width": 1230,
      "height": 127
    },
    "rotated": false,
    "capInsets": [
      0,
      0,
      0,
      0
    ],
    "vertices": {
      "rawPosition": [
        -614,
        -62.5,
        0,
        614,
        -62.5,
        0,
        -614,
        62.5,
        0,
        614,
        62.5,
        0
      ],
      "indexes": [
        0,
        1,
        2,
        2,
        1,
        3
      ],
      "uv": [
        0,
        127,
        1228,
        127,
        0,
        2,
        1228,
        2
      ],
      "nuv": [
        0,
        0.015748031496062992,
        0.9983739837398374,
        0.015748031496062992,
        0,
        1,
        0.9983739837398374,
        1
      ],
      "minPos": {
        "x": -614,
        "y": -62.5,
        "z": 0
      },
      "maxPos": {
        "x": 614,
        "y": 62.5,
        "z": 0
      }
    },
    "texture": "7fdace95-948f-48b2-9729-21f3dec12cad@6c48a",
    "packable": true,
    "pixelsToUnit": 100,
    "pivot": {
      "x": 0.5,
      "y": 0.5
    },
    "meshType": 0
  }
}