{
  "__type__": "cc.SpriteFrame",
  "content": {
    "name": "aladdin_main",
    "atlas": "",
    "rect": {
      "x": 0,
      "y": 0,
      "width": 936,
      "height": 950
    },
    "offset": {
      "x": -0.5,
      "y": 0.5
    },
    "originalSize": {
      "width": 937,
      "height": 951
    },
    "rotated": false,
    "capInsets": [
      0,
      0,
      0,
      0
    ],
    "vertices": {
      "rawPosition": [
        -468,
        -475,
        0,
        468,
        -475,
        0,
        -468,
        475,
        0,
        468,
        475,
        0
      ],
      "indexes": [
        0,
        1,
        2,
        2,
        1,
        3
      ],
      "uv": [
        0,
        951,
        936,
        951,
        0,
        1,
        936,
        1
      ],
      "nuv": [
        0,
        0.0010515247108307045,
        0.9989327641408752,
        0.0010515247108307045,
        0,
        1,
        0.9989327641408752,
        1
      ],
      "minPos": {
        "x": -468,
        "y": -475,
        "z": 0
      },
      "maxPos": {
        "x": 468,
        "y": 475,
        "z": 0
      }
    },
    "texture": "3aa8c0ed-f930-4b24-a829-ad5372dc846c@6c48a",
    "packable": true,
    "pixelsToUnit": 100,
    "pivot": {
      "x": 0.5,
      "y": 0.5
    },
    "meshType": 0
  }
}