{
  "__type__": "cc.SpriteFrame",
  "content": {
    "name": "POPUP",
    "atlas": "",
    "rect": {
      "x": 0,
      "y": 0,
      "width": 807,
      "height": 654
    },
    "offset": {
      "x": -157,
      "y": 0
    },
    "originalSize": {
      "width": 1121,
      "height": 654
    },
    "rotated": false,
    "capInsets": [
      0,
      0,
      0,
      0
    ],
    "vertices": {
      "rawPosition": [
        -403.5,
        -327,
        0,
        403.5,
        -327,
        0,
        -403.5,
        327,
        0,
        403.5,
        327,
        0
      ],
      "indexes": [
        0,
        1,
        2,
        2,
        1,
        3
      ],
      "uv": [
        0,
        654,
        807,
        654,
        0,
        0,
        807,
        0
      ],
      "nuv": [
        0,
        0,
        0.719892952720785,
        0,
        0,
        1,
        0.719892952720785,
        1
      ],
      "minPos": {
        "x": -403.5,
        "y": -327,
        "z": 0
      },
      "maxPos": {
        "x": 403.5,
        "y": 327,
        "z": 0
      }
    },
    "texture": "53e56127-46f1-42bb-b67d-1dc5f49bb1b8@6c48a",
    "packable": true,
    "pixelsToUnit": 100,
    "pivot": {
      "x": 0.5,
      "y": 0.5
    },
    "meshType": 0
  }
}