{
  "__type__": "cc.SpriteFrame",
  "content": {
    "name": "haidaochuan_shadow_tex",
    "atlas": "",
    "rect": {
      "x": 2,
      "y": 1,
      "width": 922,
      "height": 549
    },
    "offset": {
      "x": -0.5,
      "y": 3.5
    },
    "originalSize": {
      "width": 927,
      "height": 558
    },
    "rotated": false,
    "capInsets": [
      0,
      0,
      0,
      0
    ],
    "vertices": {
      "rawPosition": [
        -461,
        -274.5,
        0,
        461,
        -274.5,
        0,
        -461,
        274.5,
        0,
        461,
        274.5,
        0
      ],
      "indexes": [
        0,
        1,
        2,
        2,
        1,
        3
      ],
      "uv": [
        2,
        557,
        924,
        557,
        2,
        8,
        924,
        8
      ],
      "nuv": [
        0.002157497303128371,
        0.014336917562724014,
        0.9967637540453075,
        0.014336917562724014,
        0.002157497303128371,
        0.9982078853046595,
        0.9967637540453075,
        0.9982078853046595
      ],
      "minPos": {
        "x": -461,
        "y": -274.5,
        "z": 0
      },
      "maxPos": {
        "x": 461,
        "y": 274.5,
        "z": 0
      }
    },
    "texture": "a11262b5-bd30-4577-a8a2-56d227ce36f9@6c48a",
    "packable": true,
    "pixelsToUnit": 100,
    "pivot": {
      "x": 0.5,
      "y": 0.5
    },
    "meshType": 0
  }
}