{
  "__type__": "cc.SpriteFrame",
  "content": {
    "name": "22",
    "atlas": "",
    "rect": {
      "x": 78,
      "y": 54,
      "width": 754,
      "height": 357
    },
    "offset": {
      "x": 28.5,
      "y": -5.5
    },
    "originalSize": {
      "width": 853,
      "height": 454
    },
    "rotated": false,
    "capInsets": [
      0,
      0,
      0,
      0
    ],
    "vertices": {
      "rawPosition": [
        -377,
        -178.5,
        0,
        377,
        -178.5,
        0,
        -377,
        178.5,
        0,
        377,
        178.5,
        0
      ],
      "indexes": [
        0,
        1,
        2,
        2,
        1,
        3
      ],
      "uv": [
        78,
        400,
        832,
        400,
        78,
        43,
        832,
        43
      ],
      "nuv": [
        0.0914419695193435,
        0.0947136563876652,
        0.9753810082063306,
        0.0947136563876652,
        0.0914419695193435,
        0.8810572687224669,
        0.9753810082063306,
        0.8810572687224669
      ],
      "minPos": {
        "x": -377,
        "y": -178.5,
        "z": 0
      },
      "maxPos": {
        "x": 377,
        "y": 178.5,
        "z": 0
      }
    },
    "texture": "a11c39f7-e2a0-46e4-a6fb-92e3e9a0f4d3@6c48a",
    "packable": true,
    "pixelsToUnit": 100,
    "pivot": {
      "x": 0.5,
      "y": 0.5
    },
    "meshType": 0
  }
}