{
  "__type__": "cc.SpriteFrame",
  "content": {
    "name": "btnSpin1",
    "atlas": "",
    "rect": {
      "x": 0,
      "y": 107,
      "width": 113,
      "height": 153
    },
    "offset": {
      "x": -0.5,
      "y": -53.5
    },
    "originalSize": {
      "width": 114,
      "height": 260
    },
    "rotated": false,
    "capInsets": [
      0,
      0,
      0,
      0
    ],
    "vertices": {
      "rawPosition": [
        -56.5,
        -76.5,
        0,
        56.5,
        -76.5,
        0,
        -56.5,
        76.5,
        0,
        56.5,
        76.5,
        0
      ],
      "indexes": [
        0,
        1,
        2,
        2,
        1,
        3
      ],
      "uv": [
        0,
        153,
        113,
        153,
        0,
        0,
        113,
        0
      ],
      "nuv": [
        0,
        0,
        0.9912280701754386,
        0,
        0,
        0.5884615384615385,
        0.9912280701754386,
        0.5884615384615385
      ],
      "minPos": {
        "x": -56.5,
        "y": -76.5,
        "z": 0
      },
      "maxPos": {
        "x": 56.5,
        "y": 76.5,
        "z": 0
      }
    },
    "texture": "69787daf-31e8-4eb9-90d6-7e35227a2019@6c48a",
    "packable": true,
    "pixelsToUnit": 100,
    "pivot": {
      "x": 0.5,
      "y": 0.5
    },
    "meshType": 0
  }
}