{
  "__type__": "cc.SpriteFrame",
  "content": {
    "name": "bau",
    "atlas": "",
    "rect": {
      "x": 3,
      "y": 3,
      "width": 495,
      "height": 244
    },
    "offset": {
      "x": -5.5,
      "y": 3
    },
    "originalSize": {
      "width": 512,
      "height": 256
    },
    "rotated": false,
    "capInsets": [
      0,
      0,
      0,
      0
    ],
    "vertices": {
      "rawPosition": [
        -247.5,
        -122,
        0,
        247.5,
        -122,
        0,
        -247.5,
        122,
        0,
        247.5,
        122,
        0
      ],
      "indexes": [
        0,
        1,
        2,
        2,
        1,
        3
      ],
      "uv": [
        3,
        253,
        498,
        253,
        3,
        9,
        498,
        9
      ],
      "nuv": [
        0.005859375,
        0.03515625,
        0.97265625,
        0.03515625,
        0.005859375,
        0.98828125,
        0.97265625,
        0.98828125
      ],
      "minPos": {
        "x": -247.5,
        "y": -122,
        "z": 0
      },
      "maxPos": {
        "x": 247.5,
        "y": 122,
        "z": 0
      }
    },
    "texture": "69b489a3-7658-4d80-9e2b-4aa8cd8dc7f9@6c48a",
    "packable": true,
    "pixelsToUnit": 100,
    "pivot": {
      "x": 0.5,
      "y": 0.5
    },
    "meshType": 0
  }
}