{
  "__type__": "cc.SpriteFrame",
  "content": {
    "name": "jinjiahusha_tex",
    "atlas": "",
    "rect": {
      "x": 1,
      "y": 1,
      "width": 903,
      "height": 984
    },
    "offset": {
      "x": -59.5,
      "y": 19
    },
    "originalSize": {
      "width": 1024,
      "height": 1024
    },
    "rotated": false,
    "capInsets": [
      0,
      0,
      0,
      0
    ],
    "vertices": {
      "rawPosition": [
        -451.5,
        -492,
        0,
        451.5,
        -492,
        0,
        -451.5,
        492,
        0,
        451.5,
        492,
        0
      ],
      "indexes": [
        0,
        1,
        2,
        2,
        1,
        3
      ],
      "uv": [
        1,
        1023,
        904,
        1023,
        1,
        39,
        904,
        39
      ],
      "nuv": [
        0.0009765625,
        0.0380859375,
        0.8828125,
        0.0380859375,
        0.0009765625,
        0.9990234375,
        0.8828125,
        0.9990234375
      ],
      "minPos": {
        "x": -451.5,
        "y": -492,
        "z": 0
      },
      "maxPos": {
        "x": 451.5,
        "y": 492,
        "z": 0
      }
    },
    "texture": "7b0d33bb-fa37-472b-9993-797f2a97a6c8@6c48a",
    "packable": true,
    "pixelsToUnit": 100,
    "pivot": {
      "x": 0.5,
      "y": 0.5
    },
    "meshType": 0
  }
}