{
  "__type__": "cc.SpriteFrame",
  "content": {
    "name": "loadingMC",
    "atlas": "",
    "rect": {
      "x": 2,
      "y": 2,
      "width": 266,
      "height": 52
    },
    "offset": {
      "x": -121,
      "y": 4
    },
    "originalSize": {
      "width": 512,
      "height": 64
    },
    "rotated": false,
    "capInsets": [
      0,
      0,
      0,
      0
    ],
    "vertices": {
      "rawPosition": [
        -133,
        -26,
        0,
        133,
        -26,
        0,
        -133,
        26,
        0,
        133,
        26,
        0
      ],
      "indexes": [
        0,
        1,
        2,
        2,
        1,
        3
      ],
      "uv": [
        2,
        62,
        268,
        62,
        2,
        10,
        268,
        10
      ],
      "nuv": [
        0.00390625,
        0.15625,
        0.5234375,
        0.15625,
        0.00390625,
        0.96875,
        0.5234375,
        0.96875
      ],
      "minPos": {
        "x": -133,
        "y": -26,
        "z": 0
      },
      "maxPos": {
        "x": 133,
        "y": 26,
        "z": 0
      }
    },
    "texture": "7beda2dc-6ac7-4286-b095-0cb22d7595b6@6c48a",
    "packable": true,
    "pixelsToUnit": 100,
    "pivot": {
      "x": 0.5,
      "y": 0.5
    },
    "meshType": 0
  }
}