{
  "__type__": "cc.SpriteFrame",
  "content": {
    "name": "line02",
    "atlas": "",
    "rect": {
      "x": 193,
      "y": 25,
      "width": 1009,
      "height": 297
    },
    "offset": {
      "x": 57.5,
      "y": 186.5
    },
    "originalSize": {
      "width": 1280,
      "height": 720
    },
    "rotated": false,
    "capInsets": [
      0,
      0,
      0,
      0
    ],
    "vertices": {
      "rawPosition": [
        -504.5,
        -148.5,
        0,
        504.5,
        -148.5,
        0,
        -504.5,
        148.5,
        0,
        504.5,
        148.5,
        0
      ],
      "indexes": [
        0,
        1,
        2,
        2,
        1,
        3
      ],
      "uv": [
        193,
        695,
        1202,
        695,
        193,
        398,
        1202,
        398
      ],
      "nuv": [
        0.15078125,
        0.5527777777777778,
        0.9390625,
        0.5527777777777778,
        0.15078125,
        0.9652777777777778,
        0.9390625,
        0.9652777777777778
      ],
      "minPos": {
        "x": -504.5,
        "y": -148.5,
        "z": 0
      },
      "maxPos": {
        "x": 504.5,
        "y": 148.5,
        "z": 0
      }
    },
    "texture": "bd07ed9e-c8ad-49dd-a932-2a4ed1dfa5bb@6c48a",
    "packable": true,
    "pixelsToUnit": 100,
    "pivot": {
      "x": 0.5,
      "y": 0.5
    },
    "meshType": 0
  }
}