{
  "__type__": "cc.SpriteFrame",
  "content": {
    "name": "util-mini",
    "atlas": "",
    "rect": {
      "x": 0,
      "y": 0,
      "width": 549,
      "height": 503
    },
    "offset": {
      "x": -5,
      "y": 1
    },
    "originalSize": {
      "width": 559,
      "height": 505
    },
    "rotated": false,
    "capInsets": [
      0,
      0,
      0,
      0
    ],
    "vertices": {
      "rawPosition": [
        -274.5,
        -251.5,
        0,
        274.5,
        -251.5,
        0,
        -274.5,
        251.5,
        0,
        274.5,
        251.5,
        0
      ],
      "indexes": [
        0,
        1,
        2,
        2,
        1,
        3
      ],
      "uv": [
        0,
        505,
        549,
        505,
        0,
        2,
        549,
        2
      ],
      "nuv": [
        0,
        0.0039603960396039604,
        0.9821109123434705,
        0.0039603960396039604,
        0,
        1,
        0.9821109123434705,
        1
      ],
      "minPos": {
        "x": -274.5,
        "y": -251.5,
        "z": 0
      },
      "maxPos": {
        "x": 274.5,
        "y": 251.5,
        "z": 0
      }
    },
    "texture": "bd5a6042-6949-4df0-80ea-1a88edece124@6c48a",
    "packable": true,
    "pixelsToUnit": 100,
    "pivot": {
      "x": 0.5,
      "y": 0.5
    },
    "meshType": 0
  }
}