{
  "__type__": "cc.SpriteFrame",
  "content": {
    "name": "font-3-export",
    "atlas": "",
    "rect": {
      "x": 0,
      "y": 0,
      "width": 345,
      "height": 243
    },
    "offset": {
      "x": -83.5,
      "y": 6.5
    },
    "originalSize": {
      "width": 512,
      "height": 256
    },
    "rotated": false,
    "capInsets": [
      0,
      0,
      0,
      0
    ],
    "vertices": {
      "rawPosition": [
        -172.5,
        -121.5,
        0,
        172.5,
        -121.5,
        0,
        -172.5,
        121.5,
        0,
        172.5,
        121.5,
        0
      ],
      "indexes": [
        0,
        1,
        2,
        2,
        1,
        3
      ],
      "uv": [
        0,
        256,
        345,
        256,
        0,
        13,
        345,
        13
      ],
      "nuv": [
        0,
        0.05078125,
        0.673828125,
        0.05078125,
        0,
        1,
        0.673828125,
        1
      ],
      "minPos": {
        "x": -172.5,
        "y": -121.5,
        "z": 0
      },
      "maxPos": {
        "x": 172.5,
        "y": 121.5,
        "z": 0
      }
    },
    "texture": "bdbd3d63-f4b5-477e-ac3b-cf7fb722109d@6c48a",
    "packable": true,
    "pixelsToUnit": 100,
    "pivot": {
      "x": 0.5,
      "y": 0.5
    },
    "meshType": 0
  }
}