{
  "__type__": "cc.SpriteFrame",
  "content": {
    "name": "kyby_chibang1_tex",
    "atlas": "",
    "rect": {
      "x": 1,
      "y": 1,
      "width": 1016,
      "height": 632
    },
    "offset": {
      "x": -3,
      "y": 195
    },
    "originalSize": {
      "width": 1024,
      "height": 1024
    },
    "rotated": false,
    "capInsets": [
      0,
      0,
      0,
      0
    ],
    "vertices": {
      "rawPosition": [
        -508,
        -316,
        0,
        508,
        -316,
        0,
        -508,
        316,
        0,
        508,
        316,
        0
      ],
      "indexes": [
        0,
        1,
        2,
        2,
        1,
        3
      ],
      "uv": [
        1,
        1023,
        1017,
        1023,
        1,
        391,
        1017,
        391
      ],
      "nuv": [
        0.0009765625,
        0.3818359375,
        0.9931640625,
        0.3818359375,
        0.0009765625,
        0.9990234375,
        0.9931640625,
        0.9990234375
      ],
      "minPos": {
        "x": -508,
        "y": -316,
        "z": 0
      },
      "maxPos": {
        "x": 508,
        "y": 316,
        "z": 0
      }
    },
    "texture": "bde61332-c51e-415e-852d-0f3174065280@6c48a",
    "packable": true,
    "pixelsToUnit": 100,
    "pivot": {
      "x": 0.5,
      "y": 0.5
    },
    "meshType": 0
  }
}