{
  "__type__": "cc.SpriteFrame",
  "content": {
    "name": "3849b5be-7f3b-449b-b2ba-5635d47d9478",
    "atlas": "",
    "rect": {
      "x": 2,
      "y": 1,
      "width": 234,
      "height": 87
    },
    "offset": {
      "x": 0.5,
      "y": -0.5
    },
    "originalSize": {
      "width": 237,
      "height": 88
    },
    "rotated": false,
    "capInsets": [
      0,
      0,
      0,
      0
    ],
    "vertices": {
      "rawPosition": [
        -117,
        -43.5,
        0,
        117,
        -43.5,
        0,
        -117,
        43.5,
        0,
        117,
        43.5,
        0
      ],
      "indexes": [
        0,
        1,
        2,
        2,
        1,
        3
      ],
      "uv": [
        2,
        87,
        236,
        87,
        2,
        0,
        236,
        0
      ],
      "nuv": [
        0.008438818565400843,
        0,
        0.9957805907172996,
        0,
        0.008438818565400843,
        0.9886363636363636,
        0.9957805907172996,
        0.9886363636363636
      ],
      "minPos": {
        "x": -117,
        "y": -43.5,
        "z": 0
      },
      "maxPos": {
        "x": 117,
        "y": 43.5,
        "z": 0
      }
    },
    "texture": "10a1ab3a-e798-4e70-a942-975ab3ed0649@6c48a",
    "packable": true,
    "pixelsToUnit": 100,
    "pivot": {
      "x": 0.5,
      "y": 0.5
    },
    "meshType": 0
  }
}