{
  "__type__": "cc.SpriteFrame",
  "content": {
    "name": "x6",
    "atlas": "",
    "rect": {
      "x": 1,
      "y": 1,
      "width": 32,
      "height": 32
    },
    "offset": {
      "x": 0,
      "y": 0
    },
    "originalSize": {
      "width": 34,
      "height": 34
    },
    "rotated": false,
    "capInsets": [
      0,
      0,
      0,
      0
    ],
    "vertices": {
      "rawPosition": [
        -16,
        -16,
        0,
        16,
        -16,
        0,
        -16,
        16,
        0,
        16,
        16,
        0
      ],
      "indexes": [
        0,
        1,
        2,
        2,
        1,
        3
      ],
      "uv": [
        1,
        33,
        33,
        33,
        1,
        1,
        33,
        1
      ],
      "nuv": [
        0.029411764705882353,
        0.029411764705882353,
        0.9705882352941176,
        0.029411764705882353,
        0.029411764705882353,
        0.9705882352941176,
        0.9705882352941176,
        0.9705882352941176
      ],
      "minPos": {
        "x": -16,
        "y": -16,
        "z": 0
      },
      "maxPos": {
        "x": 16,
        "y": 16,
        "z": 0
      }
    },
    "texture": "10c9bea5-f328-4ba5-9824-41b026809ee5@6c48a",
    "packable": true,
    "pixelsToUnit": 100,
    "pivot": {
      "x": 0.5,
      "y": 0.5
    },
    "meshType": 0
  }
}