{
  "__type__": "cc.SpriteFrame",
  "content": {
    "name": "newyear_hd",
    "atlas": "",
    "rect": {
      "x": 2,
      "y": 2,
      "width": 2035,
      "height": 507
    },
    "offset": {
      "x": -4.5,
      "y": 0.5
    },
    "originalSize": {
      "width": 2048,
      "height": 512
    },
    "rotated": false,
    "capInsets": [
      0,
      0,
      0,
      0
    ],
    "vertices": {
      "rawPosition": [
        -1017.5,
        -253.5,
        0,
        1017.5,
        -253.5,
        0,
        -1017.5,
        253.5,
        0,
        1017.5,
        253.5,
        0
      ],
      "indexes": [
        0,
        1,
        2,
        2,
        1,
        3
      ],
      "uv": [
        2,
        510,
        2037,
        510,
        2,
        3,
        2037,
        3
      ],
      "nuv": [
        0.0009765625,
        0.005859375,
        0.99462890625,
        0.005859375,
        0.0009765625,
        0.99609375,
        0.99462890625,
        0.99609375
      ],
      "minPos": {
        "x": -1017.5,
        "y": -253.5,
        "z": 0
      },
      "maxPos": {
        "x": 1017.5,
        "y": 253.5,
        "z": 0
      }
    },
    "texture": "9a0c055e-59bc-4c12-9636-44ab029fa9d0@6c48a",
    "packable": true,
    "pixelsToUnit": 100,
    "pivot": {
      "x": 0.5,
      "y": 0.5
    },
    "meshType": 0
  }
}