{
  "__type__": "cc.SpriteFrame",
  "content": {
    "name": "baolongwang_tex",
    "atlas": "",
    "rect": {
      "x": 4,
      "y": 12,
      "width": 1875,
      "height": 1430
    },
    "offset": {
      "x": -2,
      "y": -4
    },
    "originalSize": {
      "width": 1887,
      "height": 1446
    },
    "rotated": false,
    "capInsets": [
      0,
      0,
      0,
      0
    ],
    "vertices": {
      "rawPosition": [
        -937.5,
        -715,
        0,
        937.5,
        -715,
        0,
        -937.5,
        715,
        0,
        937.5,
        715,
        0
      ],
      "indexes": [
        0,
        1,
        2,
        2,
        1,
        3
      ],
      "uv": [
        4,
        1434,
        1879,
        1434,
        4,
        4,
        1879,
        4
      ],
      "nuv": [
        0.0021197668256491787,
        0.0027662517289073307,
        0.9957604663487016,
        0.0027662517289073307,
        0.0021197668256491787,
        0.991701244813278,
        0.9957604663487016,
        0.991701244813278
      ],
      "minPos": {
        "x": -937.5,
        "y": -715,
        "z": 0
      },
      "maxPos": {
        "x": 937.5,
        "y": 715,
        "z": 0
      }
    },
    "texture": "9a6039a8-ecf3-4339-9be9-2be72706e426@6c48a",
    "packable": true,
    "pixelsToUnit": 100,
    "pivot": {
      "x": 0.5,
      "y": 0.5
    },
    "meshType": 0
  }
}