{
  "__type__": "cc.SpriteFrame",
  "content": {
    "name": "line-item",
    "atlas": "",
    "rect": {
      "x": 1,
      "y": 1,
      "width": 1022,
      "height": 348
    },
    "offset": {
      "x": 0,
      "y": 0
    },
    "originalSize": {
      "width": 1024,
      "height": 350
    },
    "rotated": false,
    "capInsets": [
      0,
      0,
      0,
      0
    ],
    "vertices": {
      "rawPosition": [
        -511,
        -174,
        0,
        511,
        -174,
        0,
        -511,
        174,
        0,
        511,
        174,
        0
      ],
      "indexes": [
        0,
        1,
        2,
        2,
        1,
        3
      ],
      "uv": [
        1,
        349,
        1023,
        349,
        1,
        1,
        1023,
        1
      ],
      "nuv": [
        0.0009765625,
        0.002857142857142857,
        0.9990234375,
        0.002857142857142857,
        0.0009765625,
        0.9971428571428571,
        0.9990234375,
        0.9971428571428571
      ],
      "minPos": {
        "x": -511,
        "y": -174,
        "z": 0
      },
      "maxPos": {
        "x": 511,
        "y": 174,
        "z": 0
      }
    },
    "texture": "6c377143-9521-4248-a935-6baf63b8e1f1@6c48a",
    "packable": true,
    "pixelsToUnit": 100,
    "pivot": {
      "x": 0.5,
      "y": 0.5
    },
    "meshType": 0
  }
}