{
  "__type__": "cc.SpriteFrame",
  "content": {
    "name": "kyby_hailang_tex",
    "atlas": "",
    "rect": {
      "x": 0,
      "y": 0,
      "width": 1011,
      "height": 720
    },
    "offset": {
      "x": -1,
      "y": 0
    },
    "originalSize": {
      "width": 1013,
      "height": 720
    },
    "rotated": false,
    "capInsets": [
      0,
      0,
      0,
      0
    ],
    "vertices": {
      "rawPosition": [
        -505.5,
        -360,
        0,
        505.5,
        -360,
        0,
        -505.5,
        360,
        0,
        505.5,
        360,
        0
      ],
      "indexes": [
        0,
        1,
        2,
        2,
        1,
        3
      ],
      "uv": [
        0,
        720,
        1011,
        720,
        0,
        0,
        1011,
        0
      ],
      "nuv": [
        0,
        0,
        0.998025666337611,
        0,
        0,
        1,
        0.998025666337611,
        1
      ],
      "minPos": {
        "x": -505.5,
        "y": -360,
        "z": 0
      },
      "maxPos": {
        "x": 505.5,
        "y": 360,
        "z": 0
      }
    },
    "texture": "6c38229e-84cf-450a-9d3a-a11c9bfcdfe4@6c48a",
    "packable": true,
    "pixelsToUnit": 100,
    "pivot": {
      "x": 0.5,
      "y": 0.5
    },
    "meshType": 0
  }
}