{
  "__type__": "cc.SpriteFrame",
  "content": {
    "name": "symbol_3_5",
    "atlas": "",
    "rect": {
      "x": 2,
      "y": 1,
      "width": 131,
      "height": 133
    },
    "offset": {
      "x": 1,
      "y": -0.5
    },
    "originalSize": {
      "width": 133,
      "height": 134
    },
    "rotated": false,
    "capInsets": [
      0,
      0,
      0,
      0
    ],
    "vertices": {
      "rawPosition": [
        -65.5,
        -66.5,
        0,
        65.5,
        -66.5,
        0,
        -65.5,
        66.5,
        0,
        65.5,
        66.5,
        0
      ],
      "indexes": [
        0,
        1,
        2,
        2,
        1,
        3
      ],
      "uv": [
        2,
        133,
        133,
        133,
        2,
        0,
        133,
        0
      ],
      "nuv": [
        0.015037593984962405,
        0,
        1,
        0,
        0.015037593984962405,
        0.9925373134328358,
        1,
        0.9925373134328358
      ],
      "minPos": {
        "x": -65.5,
        "y": -66.5,
        "z": 0
      },
      "maxPos": {
        "x": 65.5,
        "y": 66.5,
        "z": 0
      }
    },
    "texture": "4f3e12b6-62ce-4540-b56c-e408a84d83c2@6c48a",
    "packable": true,
    "pixelsToUnit": 100,
    "pivot": {
      "x": 0.5,
      "y": 0.5
    },
    "meshType": 0
  }
}