{
  "__type__": "cc.SpriteFrame",
  "content": {
    "name": "fish_icon_zhangyuhaidao",
    "atlas": "",
    "rect": {
      "x": 1,
      "y": 3,
      "width": 92,
      "height": 91
    },
    "offset": {
      "x": 0,
      "y": -1.5
    },
    "originalSize": {
      "width": 94,
      "height": 94
    },
    "rotated": false,
    "capInsets": [
      0,
      0,
      0,
      0
    ],
    "vertices": {
      "rawPosition": [
        -46,
        -45.5,
        0,
        46,
        -45.5,
        0,
        -46,
        45.5,
        0,
        46,
        45.5,
        0
      ],
      "indexes": [
        0,
        1,
        2,
        2,
        1,
        3
      ],
      "uv": [
        1,
        91,
        93,
        91,
        1,
        0,
        93,
        0
      ],
      "nuv": [
        0.010638297872340425,
        0,
        0.9893617021276596,
        0,
        0.010638297872340425,
        0.9680851063829787,
        0.9893617021276596,
        0.9680851063829787
      ],
      "minPos": {
        "x": -46,
        "y": -45.5,
        "z": 0
      },
      "maxPos": {
        "x": 46,
        "y": 45.5,
        "z": 0
      }
    },
    "texture": "4f9c270c-1391-4955-a85a-acab1947c5a1@6c48a",
    "packable": true,
    "pixelsToUnit": 100,
    "pivot": {
      "x": 0.5,
      "y": 0.5
    },
    "meshType": 0
  }
}