{
  "__type__": "cc.SpriteFrame",
  "content": {
    "name": "20",
    "atlas": "",
    "rect": {
      "x": 0,
      "y": 5,
      "width": 307,
      "height": 324
    },
    "offset": {
      "x": -13,
      "y": -1
    },
    "originalSize": {
      "width": 333,
      "height": 332
    },
    "rotated": false,
    "capInsets": [
      0,
      0,
      0,
      0
    ],
    "vertices": {
      "rawPosition": [
        -153.5,
        -162,
        0,
        153.5,
        -162,
        0,
        -153.5,
        162,
        0,
        153.5,
        162,
        0
      ],
      "indexes": [
        0,
        1,
        2,
        2,
        1,
        3
      ],
      "uv": [
        0,
        327,
        307,
        327,
        0,
        3,
        307,
        3
      ],
      "nuv": [
        0,
        0.009036144578313253,
        0.9219219219219219,
        0.009036144578313253,
        0,
        0.9849397590361446,
        0.9219219219219219,
        0.9849397590361446
      ],
      "minPos": {
        "x": -153.5,
        "y": -162,
        "z": 0
      },
      "maxPos": {
        "x": 153.5,
        "y": 162,
        "z": 0
      }
    },
    "texture": "784f4618-188d-4871-a0d9-86a322dbc98a@6c48a",
    "packable": true,
    "pixelsToUnit": 100,
    "pivot": {
      "x": 0.5,
      "y": 0.5
    },
    "meshType": 0
  }
}