{
  "__type__": "cc.SpriteFrame",
  "content": {
    "name": "WinEffect_LOL",
    "atlas": "",
    "rect": {
      "x": 2,
      "y": 30,
      "width": 1867,
      "height": 1837
    },
    "offset": {
      "x": 0,
      "y": -14
    },
    "originalSize": {
      "width": 1871,
      "height": 1869
    },
    "rotated": false,
    "capInsets": [
      0,
      0,
      0,
      0
    ],
    "vertices": {
      "rawPosition": [
        -933.5,
        -918.5,
        0,
        933.5,
        -918.5,
        0,
        -933.5,
        918.5,
        0,
        933.5,
        918.5,
        0
      ],
      "indexes": [
        0,
        1,
        2,
        2,
        1,
        3
      ],
      "uv": [
        2,
        1839,
        1869,
        1839,
        2,
        2,
        1869,
        2
      ],
      "nuv": [
        0.0010689470871191875,
        0.001070090957731407,
        0.9989310529128808,
        0.001070090957731407,
        0.0010689470871191875,
        0.9839486356340289,
        0.9989310529128808,
        0.9839486356340289
      ],
      "minPos": {
        "x": -933.5,
        "y": -918.5,
        "z": 0
      },
      "maxPos": {
        "x": 933.5,
        "y": 918.5,
        "z": 0
      }
    },
    "texture": "ba22f5f8-ea6f-4308-8dca-a96a86b63612@6c48a",
    "packable": true,
    "pixelsToUnit": 100,
    "pivot": {
      "x": 0.5,
      "y": 0.5
    },
    "meshType": 0
  }
}