{
  "__type__": "cc.SpriteFrame",
  "content": {
    "name": "skeleton",
    "atlas": "",
    "rect": {
      "x": 1,
      "y": 1,
      "width": 521,
      "height": 202
    },
    "offset": {
      "x": 0,
      "y": 0
    },
    "originalSize": {
      "width": 523,
      "height": 204
    },
    "rotated": false,
    "capInsets": [
      0,
      0,
      0,
      0
    ],
    "vertices": {
      "rawPosition": [
        -260.5,
        -101,
        0,
        260.5,
        -101,
        0,
        -260.5,
        101,
        0,
        260.5,
        101,
        0
      ],
      "indexes": [
        0,
        1,
        2,
        2,
        1,
        3
      ],
      "uv": [
        1,
        203,
        522,
        203,
        1,
        1,
        522,
        1
      ],
      "nuv": [
        0.0019120458891013384,
        0.004901960784313725,
        0.9980879541108987,
        0.004901960784313725,
        0.0019120458891013384,
        0.9950980392156863,
        0.9980879541108987,
        0.9950980392156863
      ],
      "minPos": {
        "x": -260.5,
        "y": -101,
        "z": 0
      },
      "maxPos": {
        "x": 260.5,
        "y": 101,
        "z": 0
      }
    },
    "texture": "ba6bc506-a8c5-435e-972c-11f7424209fe@6c48a",
    "packable": true,
    "pixelsToUnit": 100,
    "pivot": {
      "x": 0.5,
      "y": 0.5
    },
    "meshType": 0
  }
}