{
  "__type__": "cc.SpriteFrame",
  "content": {
    "name": "fish_icon_zhangyu",
    "atlas": "",
    "rect": {
      "x": 12,
      "y": 2,
      "width": 59,
      "height": 68
    },
    "offset": {
      "x": -2.5,
      "y": -1
    },
    "originalSize": {
      "width": 88,
      "height": 70
    },
    "rotated": false,
    "capInsets": [
      0,
      0,
      0,
      0
    ],
    "vertices": {
      "rawPosition": [
        -29.5,
        -34,
        0,
        29.5,
        -34,
        0,
        -29.5,
        34,
        0,
        29.5,
        34,
        0
      ],
      "indexes": [
        0,
        1,
        2,
        2,
        1,
        3
      ],
      "uv": [
        12,
        68,
        71,
        68,
        12,
        0,
        71,
        0
      ],
      "nuv": [
        0.13636363636363635,
        0,
        0.8068181818181818,
        0,
        0.13636363636363635,
        0.9714285714285714,
        0.8068181818181818,
        0.9714285714285714
      ],
      "minPos": {
        "x": -29.5,
        "y": -34,
        "z": 0
      },
      "maxPos": {
        "x": 29.5,
        "y": 34,
        "z": 0
      }
    },
    "texture": "ba942c2a-9e3a-4bbb-b0fa-5c76e1e3ec5c@6c48a",
    "packable": true,
    "pixelsToUnit": 100,
    "pivot": {
      "x": 0.5,
      "y": 0.5
    },
    "meshType": 0
  }
}