{
  "__type__": "cc.SpriteFrame",
  "content": {
    "name": "skeleton",
    "atlas": "",
    "rect": {
      "x": 2,
      "y": 2,
      "width": 996,
      "height": 508
    },
    "offset": {
      "x": -12,
      "y": 0
    },
    "originalSize": {
      "width": 1024,
      "height": 512
    },
    "rotated": false,
    "capInsets": [
      0,
      0,
      0,
      0
    ],
    "vertices": {
      "rawPosition": [
        -498,
        -254,
        0,
        498,
        -254,
        0,
        -498,
        254,
        0,
        498,
        254,
        0
      ],
      "indexes": [
        0,
        1,
        2,
        2,
        1,
        3
      ],
      "uv": [
        2,
        510,
        998,
        510,
        2,
        2,
        998,
        2
      ],
      "nuv": [
        0.001953125,
        0.00390625,
        0.974609375,
        0.00390625,
        0.001953125,
        0.99609375,
        0.974609375,
        0.99609375
      ],
      "minPos": {
        "x": -498,
        "y": -254,
        "z": 0
      },
      "maxPos": {
        "x": 498,
        "y": 254,
        "z": 0
      }
    },
    "texture": "ba997dd2-d631-4eca-b8d4-4dc3b43051e7@6c48a",
    "packable": true,
    "pixelsToUnit": 100,
    "pivot": {
      "x": 0.5,
      "y": 0.5
    },
    "meshType": 0
  }
}