{
  "__type__": "cc.SpriteFrame",
  "content": {
    "name": "meirenyu_shadow_tex",
    "atlas": "",
    "rect": {
      "x": 1,
      "y": 1,
      "width": 832,
      "height": 1931
    },
    "offset": {
      "x": -95,
      "y": 57.5
    },
    "originalSize": {
      "width": 1024,
      "height": 2048
    },
    "rotated": false,
    "capInsets": [
      0,
      0,
      0,
      0
    ],
    "vertices": {
      "rawPosition": [
        -416,
        -965.5,
        0,
        416,
        -965.5,
        0,
        -416,
        965.5,
        0,
        416,
        965.5,
        0
      ],
      "indexes": [
        0,
        1,
        2,
        2,
        1,
        3
      ],
      "uv": [
        1,
        2047,
        833,
        2047,
        1,
        116,
        833,
        116
      ],
      "nuv": [
        0.0009765625,
        0.056640625,
        0.8134765625,
        0.056640625,
        0.0009765625,
        0.99951171875,
        0.8134765625,
        0.99951171875
      ],
      "minPos": {
        "x": -416,
        "y": -965.5,
        "z": 0
      },
      "maxPos": {
        "x": 416,
        "y": 965.5,
        "z": 0
      }
    },
    "texture": "baf26d64-2bc3-4d35-a72c-5983a0c1f5d7@6c48a",
    "packable": true,
    "pixelsToUnit": 100,
    "pivot": {
      "x": 0.5,
      "y": 0.5
    },
    "meshType": 0
  }
}