{
  "__type__": "cc.SpriteFrame",
  "content": {
    "name": "ic_sieuxe",
    "atlas": "",
    "rect": {
      "x": 1,
      "y": 1,
      "width": 659,
      "height": 1020
    },
    "offset": {
      "x": -181.5,
      "y": 1
    },
    "originalSize": {
      "width": 1024,
      "height": 1024
    },
    "rotated": false,
    "capInsets": [
      0,
      0,
      0,
      0
    ],
    "vertices": {
      "rawPosition": [
        -329.5,
        -510,
        0,
        329.5,
        -510,
        0,
        -329.5,
        510,
        0,
        329.5,
        510,
        0
      ],
      "indexes": [
        0,
        1,
        2,
        2,
        1,
        3
      ],
      "uv": [
        1,
        1023,
        660,
        1023,
        1,
        3,
        660,
        3
      ],
      "nuv": [
        0.0009765625,
        0.0029296875,
        0.64453125,
        0.0029296875,
        0.0009765625,
        0.9990234375,
        0.64453125,
        0.9990234375
      ],
      "minPos": {
        "x": -329.5,
        "y": -510,
        "z": 0
      },
      "maxPos": {
        "x": 329.5,
        "y": 510,
        "z": 0
      }
    },
    "texture": "02d072a3-31ab-4f42-895c-7deb543bf447@6c48a",
    "packable": true,
    "pixelsToUnit": 100,
    "pivot": {
      "x": 0.5,
      "y": 0.5
    },
    "meshType": 0
  }
}