{
  "__type__": "cc.SpriteFrame",
  "content": {
    "name": "Sicbo_MD5",
    "atlas": "",
    "rect": {
      "x": 3,
      "y": 10,
      "width": 162,
      "height": 270
    },
    "offset": {
      "x": -0.5,
      "y": -3
    },
    "originalSize": {
      "width": 169,
      "height": 284
    },
    "rotated": false,
    "capInsets": [
      0,
      0,
      0,
      0
    ],
    "vertices": {
      "rawPosition": [
        -81,
        -135,
        0,
        81,
        -135,
        0,
        -81,
        135,
        0,
        81,
        135,
        0
      ],
      "indexes": [
        0,
        1,
        2,
        2,
        1,
        3
      ],
      "uv": [
        3,
        274,
        165,
        274,
        3,
        4,
        165,
        4
      ],
      "nuv": [
        0.01775147928994083,
        0.014084507042253521,
        0.9763313609467456,
        0.014084507042253521,
        0.01775147928994083,
        0.9647887323943662,
        0.9763313609467456,
        0.9647887323943662
      ],
      "minPos": {
        "x": -81,
        "y": -135,
        "z": 0
      },
      "maxPos": {
        "x": 81,
        "y": 135,
        "z": 0
      }
    },
    "texture": "5110e864-9fe1-44ad-bc24-1a46ef3b55d7@6c48a",
    "packable": true,
    "pixelsToUnit": 100,
    "pivot": {
      "x": 0.5,
      "y": 0.5
    },
    "meshType": 0
  }
}