{
  "__type__": "cc.SpriteFrame",
  "content": {
    "name": "3",
    "atlas": "",
    "rect": {
      "x": 200,
      "y": 478,
      "width": 799,
      "height": 98
    },
    "offset": {
      "x": -40.5,
      "y": -167
    },
    "originalSize": {
      "width": 1280,
      "height": 720
    },
    "rotated": false,
    "capInsets": [
      0,
      0,
      0,
      0
    ],
    "vertices": {
      "rawPosition": [
        -399.5,
        -49,
        0,
        399.5,
        -49,
        0,
        -399.5,
        49,
        0,
        399.5,
        49,
        0
      ],
      "indexes": [
        0,
        1,
        2,
        2,
        1,
        3
      ],
      "uv": [
        200,
        242,
        999,
        242,
        200,
        144,
        999,
        144
      ],
      "nuv": [
        0.15625,
        0.2,
        0.78046875,
        0.2,
        0.15625,
        0.33611111111111114,
        0.78046875,
        0.33611111111111114
      ],
      "minPos": {
        "x": -399.5,
        "y": -49,
        "z": 0
      },
      "maxPos": {
        "x": 399.5,
        "y": 49,
        "z": 0
      }
    },
    "texture": "51742159-a0ef-41fc-99d6-44de32a9d239@6c48a",
    "packable": true,
    "pixelsToUnit": 100,
    "pivot": {
      "x": 0.5,
      "y": 0.5
    },
    "meshType": 0
  }
}