{
  "__type__": "cc.SpriteFrame",
  "content": {
    "name": "phong3_ani",
    "atlas": "",
    "rect": {
      "x": 1,
      "y": 12,
      "width": 536,
      "height": 525
    },
    "offset": {
      "x": -0.5,
      "y": -5.5
    },
    "originalSize": {
      "width": 539,
      "height": 538
    },
    "rotated": false,
    "capInsets": [
      0,
      0,
      0,
      0
    ],
    "vertices": {
      "rawPosition": [
        -268,
        -262.5,
        0,
        268,
        -262.5,
        0,
        -268,
        262.5,
        0,
        268,
        262.5,
        0
      ],
      "indexes": [
        0,
        1,
        2,
        2,
        1,
        3
      ],
      "uv": [
        1,
        526,
        537,
        526,
        1,
        1,
        537,
        1
      ],
      "nuv": [
        0.0018552875695732839,
        0.0018587360594795538,
        0.9962894248608535,
        0.0018587360594795538,
        0.0018552875695732839,
        0.9776951672862454,
        0.9962894248608535,
        0.9776951672862454
      ],
      "minPos": {
        "x": -268,
        "y": -262.5,
        "z": 0
      },
      "maxPos": {
        "x": 268,
        "y": 262.5,
        "z": 0
      }
    },
    "texture": "51e9ce06-3d9a-46a5-bd33-c3f3db195f46@6c48a",
    "packable": true,
    "pixelsToUnit": 100,
    "pivot": {
      "x": 0.5,
      "y": 0.5
    },
    "meshType": 0
  }
}