{
  "__type__": "cc.SpriteFrame",
  "content": {
    "name": "fish_icon_hetun",
    "atlas": "",
    "rect": {
      "x": 7,
      "y": 2,
      "width": 69,
      "height": 68
    },
    "offset": {
      "x": -2.5,
      "y": -1
    },
    "originalSize": {
      "width": 88,
      "height": 70
    },
    "rotated": false,
    "capInsets": [
      0,
      0,
      0,
      0
    ],
    "vertices": {
      "rawPosition": [
        -34.5,
        -34,
        0,
        34.5,
        -34,
        0,
        -34.5,
        34,
        0,
        34.5,
        34,
        0
      ],
      "indexes": [
        0,
        1,
        2,
        2,
        1,
        3
      ],
      "uv": [
        7,
        68,
        76,
        68,
        7,
        0,
        76,
        0
      ],
      "nuv": [
        0.07954545454545454,
        0,
        0.8636363636363636,
        0,
        0.07954545454545454,
        0.9714285714285714,
        0.8636363636363636,
        0.9714285714285714
      ],
      "minPos": {
        "x": -34.5,
        "y": -34,
        "z": 0
      },
      "maxPos": {
        "x": 34.5,
        "y": 34,
        "z": 0
      }
    },
    "texture": "51f2e39f-bcd5-40eb-936f-c65e8605d4dd@6c48a",
    "packable": true,
    "pixelsToUnit": 100,
    "pivot": {
      "x": 0.5,
      "y": 0.5
    },
    "meshType": 0
  }
}