{
  "__type__": "cc.SpriteFrame",
  "content": {
    "name": "icon slot",
    "atlas": "",
    "rect": {
      "x": 2,
      "y": 2,
      "width": 197,
      "height": 105
    },
    "offset": {
      "x": -27.5,
      "y": 9.5
    },
    "originalSize": {
      "width": 256,
      "height": 128
    },
    "rotated": false,
    "capInsets": [
      0,
      0,
      0,
      0
    ],
    "vertices": {
      "rawPosition": [
        -98.5,
        -52.5,
        0,
        98.5,
        -52.5,
        0,
        -98.5,
        52.5,
        0,
        98.5,
        52.5,
        0
      ],
      "indexes": [
        0,
        1,
        2,
        2,
        1,
        3
      ],
      "uv": [
        2,
        126,
        199,
        126,
        2,
        21,
        199,
        21
      ],
      "nuv": [
        0.0078125,
        0.1640625,
        0.77734375,
        0.1640625,
        0.0078125,
        0.984375,
        0.77734375,
        0.984375
      ],
      "minPos": {
        "x": -98.5,
        "y": -52.5,
        "z": 0
      },
      "maxPos": {
        "x": 98.5,
        "y": 52.5,
        "z": 0
      }
    },
    "texture": "91f187d8-1af3-4ba3-8de3-41802121f6a2@6c48a",
    "packable": true,
    "pixelsToUnit": 100,
    "pivot": {
      "x": 0.5,
      "y": 0.5
    },
    "meshType": 0
  }
}