{
  "__type__": "cc.SpriteFrame",
  "content": {
    "name": "icon_bg",
    "atlas": "",
    "rect": {
      "x": 15,
      "y": 16,
      "width": 118,
      "height": 118
    },
    "offset": {
      "x": 0,
      "y": 0
    },
    "originalSize": {
      "width": 148,
      "height": 150
    },
    "rotated": false,
    "capInsets": [
      0,
      0,
      0,
      0
    ],
    "vertices": {
      "rawPosition": [
        -59,
        -59,
        0,
        59,
        -59,
        0,
        -59,
        59,
        0,
        59,
        59,
        0
      ],
      "indexes": [
        0,
        1,
        2,
        2,
        1,
        3
      ],
      "uv": [
        15,
        134,
        133,
        134,
        15,
        16,
        133,
        16
      ],
      "nuv": [
        0.10135135135135136,
        0.10666666666666667,
        0.8986486486486487,
        0.10666666666666667,
        0.10135135135135136,
        0.8933333333333333,
        0.8986486486486487,
        0.8933333333333333
      ],
      "minPos": {
        "x": -59,
        "y": -59,
        "z": 0
      },
      "maxPos": {
        "x": 59,
        "y": 59,
        "z": 0
      }
    },
    "texture": "8bbe9414-368e-41d8-84eb-972c296e1ada@6c48a",
    "packable": true,
    "pixelsToUnit": 100,
    "pivot": {
      "x": 0.5,
      "y": 0.5
    },
    "meshType": 0
  }
}