{
  "__type__": "cc.SpriteFrame",
  "content": {
    "name": "kyby_shubiao_tex",
    "atlas": "",
    "rect": {
      "x": 1,
      "y": 2,
      "width": 506,
      "height": 327
    },
    "offset": {
      "x": -2,
      "y": 90.5
    },
    "originalSize": {
      "width": 512,
      "height": 512
    },
    "rotated": false,
    "capInsets": [
      0,
      0,
      0,
      0
    ],
    "vertices": {
      "rawPosition": [
        -253,
        -163.5,
        0,
        253,
        -163.5,
        0,
        -253,
        163.5,
        0,
        253,
        163.5,
        0
      ],
      "indexes": [
        0,
        1,
        2,
        2,
        1,
        3
      ],
      "uv": [
        1,
        510,
        507,
        510,
        1,
        183,
        507,
        183
      ],
      "nuv": [
        0.001953125,
        0.357421875,
        0.990234375,
        0.357421875,
        0.001953125,
        0.99609375,
        0.990234375,
        0.99609375
      ],
      "minPos": {
        "x": -253,
        "y": -163.5,
        "z": 0
      },
      "maxPos": {
        "x": 253,
        "y": 163.5,
        "z": 0
      }
    },
    "texture": "890c101f-d09e-495d-905f-79b0c8e96bf3@6c48a",
    "packable": true,
    "pixelsToUnit": 100,
    "pivot": {
      "x": 0.5,
      "y": 0.5
    },
    "meshType": 0
  }
}