{
  "__type__": "cc.SpriteFrame",
  "content": {
    "name": "room_table",
    "atlas": "",
    "rect": {
      "x": 20,
      "y": 18,
      "width": 1890,
      "height": 343
    },
    "offset": {
      "x": -1,
      "y": -7.5
    },
    "originalSize": {
      "width": 1932,
      "height": 364
    },
    "rotated": false,
    "capInsets": [
      0,
      0,
      0,
      0
    ],
    "vertices": {
      "rawPosition": [
        -945,
        -171.5,
        0,
        945,
        -171.5,
        0,
        -945,
        171.5,
        0,
        945,
        171.5,
        0
      ],
      "indexes": [
        0,
        1,
        2,
        2,
        1,
        3
      ],
      "uv": [
        20,
        346,
        1910,
        346,
        20,
        3,
        1910,
        3
      ],
      "nuv": [
        0.010351966873706004,
        0.008241758241758242,
        0.9886128364389234,
        0.008241758241758242,
        0.010351966873706004,
        0.9505494505494505,
        0.9886128364389234,
        0.9505494505494505
      ],
      "minPos": {
        "x": -945,
        "y": -171.5,
        "z": 0
      },
      "maxPos": {
        "x": 945,
        "y": 171.5,
        "z": 0
      }
    },
    "texture": "f831aa62-0afe-4020-846d-e777bb50275e@6c48a",
    "packable": true,
    "pixelsToUnit": 100,
    "pivot": {
      "x": 0.5,
      "y": 0.5
    },
    "meshType": 0
  }
}