{
  "__type__": "cc.SpriteFrame",
  "content": {
    "name": "2",
    "atlas": "",
    "rect": {
      "x": 203,
      "y": 163,
      "width": 799,
      "height": 98
    },
    "offset": {
      "x": -37.5,
      "y": 148
    },
    "originalSize": {
      "width": 1280,
      "height": 720
    },
    "rotated": false,
    "capInsets": [
      0,
      0,
      0,
      0
    ],
    "vertices": {
      "rawPosition": [
        -399.5,
        -49,
        0,
        399.5,
        -49,
        0,
        -399.5,
        49,
        0,
        399.5,
        49,
        0
      ],
      "indexes": [
        0,
        1,
        2,
        2,
        1,
        3
      ],
      "uv": [
        203,
        557,
        1002,
        557,
        203,
        459,
        1002,
        459
      ],
      "nuv": [
        0.15859375,
        0.6375,
        0.7828125,
        0.6375,
        0.15859375,
        0.7736111111111111,
        0.7828125,
        0.7736111111111111
      ],
      "minPos": {
        "x": -399.5,
        "y": -49,
        "z": 0
      },
      "maxPos": {
        "x": 399.5,
        "y": 49,
        "z": 0
      }
    },
    "texture": "f87920b3-2a1e-46b2-bdc4-d1bbe64cf14f@6c48a",
    "packable": true,
    "pixelsToUnit": 100,
    "pivot": {
      "x": 0.5,
      "y": 0.5
    },
    "meshType": 0
  }
}