{
  "__type__": "cc.SpriteFrame",
  "content": {
    "name": "skeleton",
    "atlas": "",
    "rect": {
      "x": 1,
      "y": 1,
      "width": 684,
      "height": 317
    },
    "offset": {
      "x": 0,
      "y": 0
    },
    "originalSize": {
      "width": 686,
      "height": 319
    },
    "rotated": false,
    "capInsets": [
      0,
      0,
      0,
      0
    ],
    "vertices": {
      "rawPosition": [
        -342,
        -158.5,
        0,
        342,
        -158.5,
        0,
        -342,
        158.5,
        0,
        342,
        158.5,
        0
      ],
      "indexes": [
        0,
        1,
        2,
        2,
        1,
        3
      ],
      "uv": [
        1,
        318,
        685,
        318,
        1,
        1,
        685,
        1
      ],
      "nuv": [
        0.0014577259475218659,
        0.003134796238244514,
        0.9985422740524781,
        0.003134796238244514,
        0.0014577259475218659,
        0.9968652037617555,
        0.9985422740524781,
        0.9968652037617555
      ],
      "minPos": {
        "x": -342,
        "y": -158.5,
        "z": 0
      },
      "maxPos": {
        "x": 342,
        "y": 158.5,
        "z": 0
      }
    },
    "texture": "f89913aa-fae1-462c-8c21-589d6d0783ca@6c48a",
    "packable": true,
    "pixelsToUnit": 100,
    "pivot": {
      "x": 0.5,
      "y": 0.5
    },
    "meshType": 0
  }
}