{
  "__type__": "cc.SpriteFrame",
  "content": {
    "name": "9",
    "atlas": "",
    "rect": {
      "x": 21,
      "y": 52,
      "width": 760,
      "height": 361
    },
    "offset": {
      "x": -25.5,
      "y": -5.5
    },
    "originalSize": {
      "width": 853,
      "height": 454
    },
    "rotated": false,
    "capInsets": [
      0,
      0,
      0,
      0
    ],
    "vertices": {
      "rawPosition": [
        -380,
        -180.5,
        0,
        380,
        -180.5,
        0,
        -380,
        180.5,
        0,
        380,
        180.5,
        0
      ],
      "indexes": [
        0,
        1,
        2,
        2,
        1,
        3
      ],
      "uv": [
        21,
        402,
        781,
        402,
        21,
        41,
        781,
        41
      ],
      "nuv": [
        0.0246189917936694,
        0.09030837004405286,
        0.9155920281359906,
        0.09030837004405286,
        0.0246189917936694,
        0.8854625550660793,
        0.9155920281359906,
        0.8854625550660793
      ],
      "minPos": {
        "x": -380,
        "y": -180.5,
        "z": 0
      },
      "maxPos": {
        "x": 380,
        "y": 180.5,
        "z": 0
      }
    },
    "texture": "f8a3b0a7-ad90-40fe-8ce8-a520c1e64716@6c48a",
    "packable": true,
    "pixelsToUnit": 100,
    "pivot": {
      "x": 0.5,
      "y": 0.5
    },
    "meshType": 0
  }
}