{
  "__type__": "cc.SpriteFrame",
  "content": {
    "name": "icon slot",
    "atlas": "",
    "rect": {
      "x": 2,
      "y": 2,
      "width": 337,
      "height": 209
    },
    "offset": {
      "x": -85.5,
      "y": 21.5
    },
    "originalSize": {
      "width": 512,
      "height": 256
    },
    "rotated": false,
    "capInsets": [
      0,
      0,
      0,
      0
    ],
    "vertices": {
      "rawPosition": [
        -168.5,
        -104.5,
        0,
        168.5,
        -104.5,
        0,
        -168.5,
        104.5,
        0,
        168.5,
        104.5,
        0
      ],
      "indexes": [
        0,
        1,
        2,
        2,
        1,
        3
      ],
      "uv": [
        2,
        254,
        339,
        254,
        2,
        45,
        339,
        45
      ],
      "nuv": [
        0.00390625,
        0.17578125,
        0.662109375,
        0.17578125,
        0.00390625,
        0.9921875,
        0.662109375,
        0.9921875
      ],
      "minPos": {
        "x": -168.5,
        "y": -104.5,
        "z": 0
      },
      "maxPos": {
        "x": 168.5,
        "y": 104.5,
        "z": 0
      }
    },
    "texture": "7c59e291-d3fe-48b2-b473-53aaff63489b@6c48a",
    "packable": true,
    "pixelsToUnit": 100,
    "pivot": {
      "x": 0.5,
      "y": 0.5
    },
    "meshType": 0
  }
}