{
  "__type__": "cc.SpriteFrame",
  "content": {
    "name": "font_trutien",
    "atlas": "",
    "rect": {
      "x": 0,
      "y": 0,
      "width": 301,
      "height": 305
    },
    "offset": {
      "x": -0.5,
      "y": 0.5
    },
    "originalSize": {
      "width": 302,
      "height": 306
    },
    "rotated": false,
    "capInsets": [
      0,
      0,
      0,
      0
    ],
    "vertices": {
      "rawPosition": [
        -150.5,
        -152.5,
        0,
        150.5,
        -152.5,
        0,
        -150.5,
        152.5,
        0,
        150.5,
        152.5,
        0
      ],
      "indexes": [
        0,
        1,
        2,
        2,
        1,
        3
      ],
      "uv": [
        0,
        306,
        301,
        306,
        0,
        1,
        301,
        1
      ],
      "nuv": [
        0,
        0.0032679738562091504,
        0.9966887417218543,
        0.0032679738562091504,
        0,
        1,
        0.9966887417218543,
        1
      ],
      "minPos": {
        "x": -150.5,
        "y": -152.5,
        "z": 0
      },
      "maxPos": {
        "x": 150.5,
        "y": 152.5,
        "z": 0
      }
    },
    "texture": "7c8c92fb-b107-475c-a250-d0c3e0a55392@6c48a",
    "packable": true,
    "pixelsToUnit": 100,
    "pivot": {
      "x": 0.5,
      "y": 0.5
    },
    "meshType": 0
  }
}