{
  "__type__": "cc.SpriteFrame",
  "content": {
    "name": "skeleton",
    "atlas": "",
    "rect": {
      "x": 1,
      "y": 1,
      "width": 507,
      "height": 202
    },
    "offset": {
      "x": 0,
      "y": 0
    },
    "originalSize": {
      "width": 509,
      "height": 204
    },
    "rotated": false,
    "capInsets": [
      0,
      0,
      0,
      0
    ],
    "vertices": {
      "rawPosition": [
        -253.5,
        -101,
        0,
        253.5,
        -101,
        0,
        -253.5,
        101,
        0,
        253.5,
        101,
        0
      ],
      "indexes": [
        0,
        1,
        2,
        2,
        1,
        3
      ],
      "uv": [
        1,
        203,
        508,
        203,
        1,
        1,
        508,
        1
      ],
      "nuv": [
        0.0019646365422396855,
        0.004901960784313725,
        0.9980353634577603,
        0.004901960784313725,
        0.0019646365422396855,
        0.9950980392156863,
        0.9980353634577603,
        0.9950980392156863
      ],
      "minPos": {
        "x": -253.5,
        "y": -101,
        "z": 0
      },
      "maxPos": {
        "x": 253.5,
        "y": 101,
        "z": 0
      }
    },
    "texture": "7ca54b48-3608-4e0d-9cda-4d436b909ea7@6c48a",
    "packable": true,
    "pixelsToUnit": 100,
    "pivot": {
      "x": 0.5,
      "y": 0.5
    },
    "meshType": 0
  }
}