{
  "__type__": "cc.SpriteFrame",
  "content": {
    "name": "aladdin_freespin",
    "atlas": "",
    "rect": {
      "x": 0,
      "y": 0,
      "width": 817,
      "height": 618
    },
    "offset": {
      "x": -0.5,
      "y": 0.5
    },
    "originalSize": {
      "width": 818,
      "height": 619
    },
    "rotated": false,
    "capInsets": [
      0,
      0,
      0,
      0
    ],
    "vertices": {
      "rawPosition": [
        -408.5,
        -309,
        0,
        408.5,
        -309,
        0,
        -408.5,
        309,
        0,
        408.5,
        309,
        0
      ],
      "indexes": [
        0,
        1,
        2,
        2,
        1,
        3
      ],
      "uv": [
        0,
        619,
        817,
        619,
        0,
        1,
        817,
        1
      ],
      "nuv": [
        0,
        0.0016155088852988692,
        0.9987775061124694,
        0.0016155088852988692,
        0,
        1,
        0.9987775061124694,
        1
      ],
      "minPos": {
        "x": -408.5,
        "y": -309,
        "z": 0
      },
      "maxPos": {
        "x": 408.5,
        "y": 309,
        "z": 0
      }
    },
    "texture": "7cad8f49-bcaf-46b7-b5df-8544bfe16a3c@6c48a",
    "packable": true,
    "pixelsToUnit": 100,
    "pivot": {
      "x": 0.5,
      "y": 0.5
    },
    "meshType": 0
  }
}