{
  "__type__": "cc.SpriteFrame",
  "content": {
    "name": "line24",
    "atlas": "",
    "rect": {
      "x": 283,
      "y": 31,
      "width": 997,
      "height": 590
    },
    "offset": {
      "x": 141.5,
      "y": 34
    },
    "originalSize": {
      "width": 1280,
      "height": 720
    },
    "rotated": false,
    "capInsets": [
      0,
      0,
      0,
      0
    ],
    "vertices": {
      "rawPosition": [
        -498.5,
        -295,
        0,
        498.5,
        -295,
        0,
        -498.5,
        295,
        0,
        498.5,
        295,
        0
      ],
      "indexes": [
        0,
        1,
        2,
        2,
        1,
        3
      ],
      "uv": [
        283,
        689,
        1280,
        689,
        283,
        99,
        1280,
        99
      ],
      "nuv": [
        0.22109375,
        0.1375,
        1,
        0.1375,
        0.22109375,
        0.9569444444444445,
        1,
        0.9569444444444445
      ],
      "minPos": {
        "x": -498.5,
        "y": -295,
        "z": 0
      },
      "maxPos": {
        "x": 498.5,
        "y": 295,
        "z": 0
      }
    },
    "texture": "67372ab1-866e-4abd-b722-385c714376fd@6c48a",
    "packable": true,
    "pixelsToUnit": 100,
    "pivot": {
      "x": 0.5,
      "y": 0.5
    },
    "meshType": 0
  }
}