{
  "__type__": "cc.SpriteFrame",
  "content": {
    "name": "animation",
    "atlas": "",
    "rect": {
      "x": 2,
      "y": 0,
      "width": 618,
      "height": 249
    },
    "offset": {
      "x": 1,
      "y": 0
    },
    "originalSize": {
      "width": 620,
      "height": 249
    },
    "rotated": false,
    "capInsets": [
      0,
      0,
      0,
      0
    ],
    "vertices": {
      "rawPosition": [
        -309,
        -124.5,
        0,
        309,
        -124.5,
        0,
        -309,
        124.5,
        0,
        309,
        124.5,
        0
      ],
      "indexes": [
        0,
        1,
        2,
        2,
        1,
        3
      ],
      "uv": [
        2,
        249,
        620,
        249,
        2,
        0,
        620,
        0
      ],
      "nuv": [
        0.0032258064516129032,
        0,
        1,
        0,
        0.0032258064516129032,
        1,
        1,
        1
      ],
      "minPos": {
        "x": -309,
        "y": -124.5,
        "z": 0
      },
      "maxPos": {
        "x": 309,
        "y": 124.5,
        "z": 0
      }
    },
    "texture": "6737f13a-6a14-4768-9704-2d5aa357d97b@6c48a",
    "packable": true,
    "pixelsToUnit": 100,
    "pivot": {
      "x": 0.5,
      "y": 0.5
    },
    "meshType": 0
  }
}