{
  "__type__": "cc.SpriteFrame",
  "content": {
    "name": "taiwin",
    "atlas": "",
    "rect": {
      "x": 1,
      "y": 1,
      "width": 935,
      "height": 940
    },
    "offset": {
      "x": -43.5,
      "y": 41
    },
    "originalSize": {
      "width": 1024,
      "height": 1024
    },
    "rotated": false,
    "capInsets": [
      0,
      0,
      0,
      0
    ],
    "vertices": {
      "rawPosition": [
        -467.5,
        -470,
        0,
        467.5,
        -470,
        0,
        -467.5,
        470,
        0,
        467.5,
        470,
        0
      ],
      "indexes": [
        0,
        1,
        2,
        2,
        1,
        3
      ],
      "uv": [
        1,
        1023,
        936,
        1023,
        1,
        83,
        936,
        83
      ],
      "nuv": [
        0.0009765625,
        0.0810546875,
        0.9140625,
        0.0810546875,
        0.0009765625,
        0.9990234375,
        0.9140625,
        0.9990234375
      ],
      "minPos": {
        "x": -467.5,
        "y": -470,
        "z": 0
      },
      "maxPos": {
        "x": 467.5,
        "y": 470,
        "z": 0
      }
    },
    "texture": "67584ce5-e98e-4c6e-bf76-276d13e47ca9@6c48a",
    "packable": true,
    "pixelsToUnit": 100,
    "pivot": {
      "x": 0.5,
      "y": 0.5
    },
    "meshType": 0
  }
}