{
  "__type__": "cc.SpriteFrame",
  "content": {
    "name": "cao-thap-icon",
    "atlas": "",
    "rect": {
      "x": 0,
      "y": 1,
      "width": 110,
      "height": 107
    },
    "offset": {
      "x": -1.5,
      "y": -0.5
    },
    "originalSize": {
      "width": 113,
      "height": 108
    },
    "rotated": false,
    "capInsets": [
      0,
      0,
      0,
      0
    ],
    "vertices": {
      "rawPosition": [
        -55,
        -53.5,
        0,
        55,
        -53.5,
        0,
        -55,
        53.5,
        0,
        55,
        53.5,
        0
      ],
      "indexes": [
        0,
        1,
        2,
        2,
        1,
        3
      ],
      "uv": [
        0,
        107,
        110,
        107,
        0,
        0,
        110,
        0
      ],
      "nuv": [
        0,
        0,
        0.9734513274336283,
        0,
        0,
        0.9907407407407407,
        0.9734513274336283,
        0.9907407407407407
      ],
      "minPos": {
        "x": -55,
        "y": -53.5,
        "z": 0
      },
      "maxPos": {
        "x": 55,
        "y": 53.5,
        "z": 0
      }
    },
    "texture": "67603518-236a-451e-97bb-405706a2589c@6c48a",
    "packable": true,
    "pixelsToUnit": 100,
    "pivot": {
      "x": 0.5,
      "y": 0.5
    },
    "meshType": 0
  }
}