{
  "__type__": "cc.SpriteFrame",
  "content": {
    "name": "icon slot",
    "atlas": "",
    "rect": {
      "x": 2,
      "y": 2,
      "width": 158,
      "height": 122
    },
    "offset": {
      "x": -47,
      "y": 1
    },
    "originalSize": {
      "width": 256,
      "height": 128
    },
    "rotated": false,
    "capInsets": [
      0,
      0,
      0,
      0
    ],
    "vertices": {
      "rawPosition": [
        -79,
        -61,
        0,
        79,
        -61,
        0,
        -79,
        61,
        0,
        79,
        61,
        0
      ],
      "indexes": [
        0,
        1,
        2,
        2,
        1,
        3
      ],
      "uv": [
        2,
        126,
        160,
        126,
        2,
        4,
        160,
        4
      ],
      "nuv": [
        0.0078125,
        0.03125,
        0.625,
        0.03125,
        0.0078125,
        0.984375,
        0.625,
        0.984375
      ],
      "minPos": {
        "x": -79,
        "y": -61,
        "z": 0
      },
      "maxPos": {
        "x": 79,
        "y": 61,
        "z": 0
      }
    },
    "texture": "679fd11a-4724-4748-922c-3a003b8ecf54@6c48a",
    "packable": true,
    "pixelsToUnit": 100,
    "pivot": {
      "x": 0.5,
      "y": 0.5
    },
    "meshType": 0
  }
}