{
  "__type__": "cc.SpriteFrame",
  "content": {
    "name": "line07",
    "atlas": "",
    "rect": {
      "x": 186,
      "y": 156,
      "width": 1030,
      "height": 488
    },
    "offset": {
      "x": 61,
      "y": -40
    },
    "originalSize": {
      "width": 1280,
      "height": 720
    },
    "rotated": false,
    "capInsets": [
      0,
      0,
      0,
      0
    ],
    "vertices": {
      "rawPosition": [
        -515,
        -244,
        0,
        515,
        -244,
        0,
        -515,
        244,
        0,
        515,
        244,
        0
      ],
      "indexes": [
        0,
        1,
        2,
        2,
        1,
        3
      ],
      "uv": [
        186,
        564,
        1216,
        564,
        186,
        76,
        1216,
        76
      ],
      "nuv": [
        0.1453125,
        0.10555555555555556,
        0.95,
        0.10555555555555556,
        0.1453125,
        0.7833333333333333,
        0.95,
        0.7833333333333333
      ],
      "minPos": {
        "x": -515,
        "y": -244,
        "z": 0
      },
      "maxPos": {
        "x": 515,
        "y": 244,
        "z": 0
      }
    },
    "texture": "67aafcb1-66eb-4f25-8895-eb167a60f827@6c48a",
    "packable": true,
    "pixelsToUnit": 100,
    "pivot": {
      "x": 0.5,
      "y": 0.5
    },
    "meshType": 0
  }
}