{
  "__type__": "cc.SpriteFrame",
  "content": {
    "name": "13",
    "atlas": "",
    "rect": {
      "x": 1,
      "y": 142,
      "width": 310,
      "height": 168
    },
    "offset": {
      "x": -10.5,
      "y": -60
    },
    "originalSize": {
      "width": 333,
      "height": 332
    },
    "rotated": false,
    "capInsets": [
      0,
      0,
      0,
      0
    ],
    "vertices": {
      "rawPosition": [
        -155,
        -84,
        0,
        155,
        -84,
        0,
        -155,
        84,
        0,
        155,
        84,
        0
      ],
      "indexes": [
        0,
        1,
        2,
        2,
        1,
        3
      ],
      "uv": [
        1,
        190,
        311,
        190,
        1,
        22,
        311,
        22
      ],
      "nuv": [
        0.003003003003003003,
        0.06626506024096386,
        0.933933933933934,
        0.06626506024096386,
        0.003003003003003003,
        0.572289156626506,
        0.933933933933934,
        0.572289156626506
      ],
      "minPos": {
        "x": -155,
        "y": -84,
        "z": 0
      },
      "maxPos": {
        "x": 155,
        "y": 84,
        "z": 0
      }
    },
    "texture": "67d67b1c-c0ff-4a06-9979-024a24dfe295@6c48a",
    "packable": true,
    "pixelsToUnit": 100,
    "pivot": {
      "x": 0.5,
      "y": 0.5
    },
    "meshType": 0
  }
}