{
  "__type__": "cc.SpriteFrame",
  "content": {
    "name": "fish_game_pic_suoding1",
    "atlas": "",
    "rect": {
      "x": 0,
      "y": 0,
      "width": 169,
      "height": 169
    },
    "offset": {
      "x": -0.5,
      "y": 0.5
    },
    "originalSize": {
      "width": 170,
      "height": 170
    },
    "rotated": false,
    "capInsets": [
      0,
      0,
      0,
      0
    ],
    "vertices": {
      "rawPosition": [
        -84.5,
        -84.5,
        0,
        84.5,
        -84.5,
        0,
        -84.5,
        84.5,
        0,
        84.5,
        84.5,
        0
      ],
      "indexes": [
        0,
        1,
        2,
        2,
        1,
        3
      ],
      "uv": [
        0,
        170,
        169,
        170,
        0,
        1,
        169,
        1
      ],
      "nuv": [
        0,
        0.0058823529411764705,
        0.9941176470588236,
        0.0058823529411764705,
        0,
        1,
        0.9941176470588236,
        1
      ],
      "minPos": {
        "x": -84.5,
        "y": -84.5,
        "z": 0
      },
      "maxPos": {
        "x": 84.5,
        "y": 84.5,
        "z": 0
      }
    },
    "texture": "bc9726f5-09d1-405d-92bb-bc4ea4ec2d15@6c48a",
    "packable": true,
    "pixelsToUnit": 100,
    "pivot": {
      "x": 0.5,
      "y": 0.5
    },
    "meshType": 0
  }
}