{
  "__type__": "cc.SpriteFrame",
  "content": {
    "name": "aladdin_guide_5",
    "atlas": "",
    "rect": {
      "x": 4,
      "y": 0,
      "width": 495,
      "height": 105
    },
    "offset": {
      "x": 2,
      "y": 4
    },
    "originalSize": {
      "width": 499,
      "height": 113
    },
    "rotated": false,
    "capInsets": [
      0,
      0,
      0,
      0
    ],
    "vertices": {
      "rawPosition": [
        -247.5,
        -52.5,
        0,
        247.5,
        -52.5,
        0,
        -247.5,
        52.5,
        0,
        247.5,
        52.5,
        0
      ],
      "indexes": [
        0,
        1,
        2,
        2,
        1,
        3
      ],
      "uv": [
        4,
        113,
        499,
        113,
        4,
        8,
        499,
        8
      ],
      "nuv": [
        0.008016032064128256,
        0.07079646017699115,
        1,
        0.07079646017699115,
        0.008016032064128256,
        1,
        1,
        1
      ],
      "minPos": {
        "x": -247.5,
        "y": -52.5,
        "z": 0
      },
      "maxPos": {
        "x": 247.5,
        "y": 52.5,
        "z": 0
      }
    },
    "texture": "f9d53523-1482-4a56-90f5-41e634d26a5d@6c48a",
    "packable": true,
    "pixelsToUnit": 100,
    "pivot": {
      "x": 0.5,
      "y": 0.5
    },
    "meshType": 0
  }
}