{
  "__type__": "cc.SpriteFrame",
  "content": {
    "name": "line18",
    "atlas": "",
    "rect": {
      "x": 301,
      "y": 7,
      "width": 979,
      "height": 606
    },
    "offset": {
      "x": 150.5,
      "y": 50
    },
    "originalSize": {
      "width": 1280,
      "height": 720
    },
    "rotated": false,
    "capInsets": [
      0,
      0,
      0,
      0
    ],
    "vertices": {
      "rawPosition": [
        -489.5,
        -303,
        0,
        489.5,
        -303,
        0,
        -489.5,
        303,
        0,
        489.5,
        303,
        0
      ],
      "indexes": [
        0,
        1,
        2,
        2,
        1,
        3
      ],
      "uv": [
        301,
        713,
        1280,
        713,
        301,
        107,
        1280,
        107
      ],
      "nuv": [
        0.23515625,
        0.1486111111111111,
        1,
        0.1486111111111111,
        0.23515625,
        0.9902777777777778,
        1,
        0.9902777777777778
      ],
      "minPos": {
        "x": -489.5,
        "y": -303,
        "z": 0
      },
      "maxPos": {
        "x": 489.5,
        "y": 303,
        "z": 0
      }
    },
    "texture": "d66aaa7b-c0cb-4d49-a86f-b27213219d95@6c48a",
    "packable": true,
    "pixelsToUnit": 100,
    "pivot": {
      "x": 0.5,
      "y": 0.5
    },
    "meshType": 0
  }
}