{
  "__type__": "cc.SpriteFrame",
  "content": {
    "name": "dong",
    "atlas": "",
    "rect": {
      "x": 12,
      "y": 83,
      "width": 196,
      "height": 65
    },
    "offset": {
      "x": 1,
      "y": -7
    },
    "originalSize": {
      "width": 218,
      "height": 217
    },
    "rotated": false,
    "capInsets": [
      0,
      0,
      0,
      0
    ],
    "vertices": {
      "rawPosition": [
        -98,
        -32.5,
        0,
        98,
        -32.5,
        0,
        -98,
        32.5,
        0,
        98,
        32.5,
        0
      ],
      "indexes": [
        0,
        1,
        2,
        2,
        1,
        3
      ],
      "uv": [
        12,
        134,
        208,
        134,
        12,
        69,
        208,
        69
      ],
      "nuv": [
        0.05504587155963303,
        0.31797235023041476,
        0.9541284403669725,
        0.31797235023041476,
        0.05504587155963303,
        0.6175115207373272,
        0.9541284403669725,
        0.6175115207373272
      ],
      "minPos": {
        "x": -98,
        "y": -32.5,
        "z": 0
      },
      "maxPos": {
        "x": 98,
        "y": 32.5,
        "z": 0
      }
    },
    "texture": "d677a35e-3edc-4fd8-8af5-c57aecca329e@6c48a",
    "packable": true,
    "pixelsToUnit": 100,
    "pivot": {
      "x": 0.5,
      "y": 0.5
    },
    "meshType": 0
  }
}