{
  "__type__": "cc.SpriteFrame",
  "content": {
    "name": "fish_icon_baoxiang",
    "atlas": "",
    "rect": {
      "x": 10,
      "y": 6,
      "width": 83,
      "height": 88
    },
    "offset": {
      "x": 4.5,
      "y": -3
    },
    "originalSize": {
      "width": 94,
      "height": 94
    },
    "rotated": false,
    "capInsets": [
      0,
      0,
      0,
      0
    ],
    "vertices": {
      "rawPosition": [
        -41.5,
        -44,
        0,
        41.5,
        -44,
        0,
        -41.5,
        44,
        0,
        41.5,
        44,
        0
      ],
      "indexes": [
        0,
        1,
        2,
        2,
        1,
        3
      ],
      "uv": [
        10,
        88,
        93,
        88,
        10,
        0,
        93,
        0
      ],
      "nuv": [
        0.10638297872340426,
        0,
        0.9893617021276596,
        0,
        0.10638297872340426,
        0.9361702127659575,
        0.9893617021276596,
        0.9361702127659575
      ],
      "minPos": {
        "x": -41.5,
        "y": -44,
        "z": 0
      },
      "maxPos": {
        "x": 41.5,
        "y": 44,
        "z": 0
      }
    },
    "texture": "d69ce152-983f-4843-89b5-28c11cd3a671@6c48a",
    "packable": true,
    "pixelsToUnit": 100,
    "pivot": {
      "x": 0.5,
      "y": 0.5
    },
    "meshType": 0
  }
}