{
  "__type__": "cc.SpriteFrame",
  "content": {
    "name": "mini-game-baucua",
    "atlas": "",
    "rect": {
      "x": 0,
      "y": 1,
      "width": 917,
      "height": 1398
    },
    "offset": {
      "x": -0.5,
      "y": -0.5
    },
    "originalSize": {
      "width": 918,
      "height": 1399
    },
    "rotated": false,
    "capInsets": [
      0,
      0,
      0,
      0
    ],
    "vertices": {
      "rawPosition": [
        -458.5,
        -699,
        0,
        458.5,
        -699,
        0,
        -458.5,
        699,
        0,
        458.5,
        699,
        0
      ],
      "indexes": [
        0,
        1,
        2,
        2,
        1,
        3
      ],
      "uv": [
        0,
        1398,
        917,
        1398,
        0,
        0,
        917,
        0
      ],
      "nuv": [
        0,
        0,
        0.9989106753812637,
        0,
        0,
        0.9992852037169406,
        0.9989106753812637,
        0.9992852037169406
      ],
      "minPos": {
        "x": -458.5,
        "y": -699,
        "z": 0
      },
      "maxPos": {
        "x": 458.5,
        "y": 699,
        "z": 0
      }
    },
    "texture": "d6e77e37-b0ef-4d1c-8c54-e9f18b9139a7@6c48a",
    "packable": true,
    "pixelsToUnit": 100,
    "pivot": {
      "x": 0.5,
      "y": 0.5
    },
    "meshType": 0
  }
}