{
  "__type__": "cc.SpriteFrame",
  "content": {
    "name": "button_ket_2",
    "atlas": "",
    "rect": {
      "x": 1,
      "y": 0,
      "width": 149,
      "height": 2
    },
    "offset": {
      "x": 0,
      "y": 0
    },
    "originalSize": {
      "width": 151,
      "height": 2
    },
    "rotated": false,
    "capInsets": [
      0,
      0,
      0,
      0
    ],
    "vertices": {
      "rawPosition": [
        -74.5,
        -1,
        0,
        74.5,
        -1,
        0,
        -74.5,
        1,
        0,
        74.5,
        1,
        0
      ],
      "indexes": [
        0,
        1,
        2,
        2,
        1,
        3
      ],
      "uv": [
        1,
        2,
        150,
        2,
        1,
        0,
        150,
        0
      ],
      "nuv": [
        0.006622516556291391,
        0,
        0.9933774834437086,
        0,
        0.006622516556291391,
        1,
        0.9933774834437086,
        1
      ],
      "minPos": {
        "x": -74.5,
        "y": -1,
        "z": 0
      },
      "maxPos": {
        "x": 74.5,
        "y": 1,
        "z": 0
      }
    },
    "texture": "31198e4e-2387-40ab-89ea-478e442db81f@6c48a",
    "packable": true,
    "pixelsToUnit": 100,
    "pivot": {
      "x": 0.5,
      "y": 0.5
    },
    "meshType": 0
  }
}