{
  "__type__": "cc.SpriteFrame",
  "content": {
    "name": "chonmuccuoc_LOL",
    "atlas": "",
    "rect": {
      "x": 2,
      "y": 2,
      "width": 1400,
      "height": 1400
    },
    "offset": {
      "x": 0,
      "y": 0
    },
    "originalSize": {
      "width": 1404,
      "height": 1404
    },
    "rotated": false,
    "capInsets": [
      0,
      0,
      0,
      0
    ],
    "vertices": {
      "rawPosition": [
        -700,
        -700,
        0,
        700,
        -700,
        0,
        -700,
        700,
        0,
        700,
        700,
        0
      ],
      "indexes": [
        0,
        1,
        2,
        2,
        1,
        3
      ],
      "uv": [
        2,
        1402,
        1402,
        1402,
        2,
        2,
        1402,
        2
      ],
      "nuv": [
        0.0014245014245014246,
        0.0014245014245014246,
        0.9985754985754985,
        0.0014245014245014246,
        0.0014245014245014246,
        0.9985754985754985,
        0.9985754985754985,
        0.9985754985754985
      ],
      "minPos": {
        "x": -700,
        "y": -700,
        "z": 0
      },
      "maxPos": {
        "x": 700,
        "y": 700,
        "z": 0
      }
    },
    "texture": "3181e3d2-a06c-41d1-a73d-bc8098c62a09@6c48a",
    "packable": true,
    "pixelsToUnit": 100,
    "pivot": {
      "x": 0.5,
      "y": 0.5
    },
    "meshType": 0
  }
}