{
  "__type__": "cc.SpriteFrame",
  "content": {
    "name": "XoSoIcon",
    "atlas": "",
    "rect": {
      "x": 2,
      "y": 2,
      "width": 1007,
      "height": 226
    },
    "offset": {
      "x": -6.5,
      "y": 13
    },
    "originalSize": {
      "width": 1024,
      "height": 256
    },
    "rotated": false,
    "capInsets": [
      0,
      0,
      0,
      0
    ],
    "vertices": {
      "rawPosition": [
        -503.5,
        -113,
        0,
        503.5,
        -113,
        0,
        -503.5,
        113,
        0,
        503.5,
        113,
        0
      ],
      "indexes": [
        0,
        1,
        2,
        2,
        1,
        3
      ],
      "uv": [
        2,
        254,
        1009,
        254,
        2,
        28,
        1009,
        28
      ],
      "nuv": [
        0.001953125,
        0.109375,
        0.9853515625,
        0.109375,
        0.001953125,
        0.9921875,
        0.9853515625,
        0.9921875
      ],
      "minPos": {
        "x": -503.5,
        "y": -113,
        "z": 0
      },
      "maxPos": {
        "x": 503.5,
        "y": 113,
        "z": 0
      }
    },
    "texture": "92402cf4-65b4-4136-9e2c-9ccd2a5b176d@6c48a",
    "packable": true,
    "pixelsToUnit": 100,
    "pivot": {
      "x": 0.5,
      "y": 0.5
    },
    "meshType": 0
  }
}