{
  "__type__": "cc.SpriteFrame",
  "content": {
    "name": "007",
    "atlas": "",
    "rect": {
      "x": 2,
      "y": 2,
      "width": 3324,
      "height": 2011
    },
    "offset": {
      "x": -384,
      "y": 16.5
    },
    "originalSize": {
      "width": 4096,
      "height": 2048
    },
    "rotated": false,
    "capInsets": [
      0,
      0,
      0,
      0
    ],
    "vertices": {
      "rawPosition": [
        -1662,
        -1005.5,
        0,
        1662,
        -1005.5,
        0,
        -1662,
        1005.5,
        0,
        1662,
        1005.5,
        0
      ],
      "indexes": [
        0,
        1,
        2,
        2,
        1,
        3
      ],
      "uv": [
        2,
        2046,
        3326,
        2046,
        2,
        35,
        3326,
        35
      ],
      "nuv": [
        0.00048828125,
        0.01708984375,
        0.81201171875,
        0.01708984375,
        0.00048828125,
        0.9990234375,
        0.81201171875,
        0.9990234375
      ],
      "minPos": {
        "x": -1662,
        "y": -1005.5,
        "z": 0
      },
      "maxPos": {
        "x": 1662,
        "y": 1005.5,
        "z": 0
      }
    },
    "texture": "13278c4f-2249-4360-9c52-c8f860483ac4@6c48a",
    "packable": true,
    "pixelsToUnit": 100,
    "pivot": {
      "x": 0.5,
      "y": 0.5
    },
    "meshType": 0
  }
}