{
  "__type__": "cc.SpriteFrame",
  "content": {
    "name": "button_ket",
    "atlas": "",
    "rect": {
      "x": 1,
      "y": 1,
      "width": 149,
      "height": 141
    },
    "offset": {
      "x": 0,
      "y": 0.5
    },
    "originalSize": {
      "width": 151,
      "height": 144
    },
    "rotated": false,
    "capInsets": [
      0,
      0,
      0,
      0
    ],
    "vertices": {
      "rawPosition": [
        -74.5,
        -70.5,
        0,
        74.5,
        -70.5,
        0,
        -74.5,
        70.5,
        0,
        74.5,
        70.5,
        0
      ],
      "indexes": [
        0,
        1,
        2,
        2,
        1,
        3
      ],
      "uv": [
        1,
        143,
        150,
        143,
        1,
        2,
        150,
        2
      ],
      "nuv": [
        0.006622516556291391,
        0.013888888888888888,
        0.9933774834437086,
        0.013888888888888888,
        0.006622516556291391,
        0.9930555555555556,
        0.9933774834437086,
        0.9930555555555556
      ],
      "minPos": {
        "x": -74.5,
        "y": -70.5,
        "z": 0
      },
      "maxPos": {
        "x": 74.5,
        "y": 70.5,
        "z": 0
      }
    },
    "texture": "13769733-1401-4eb2-8177-8bbd7b1c61dd@6c48a",
    "packable": true,
    "pixelsToUnit": 100,
    "pivot": {
      "x": 0.5,
      "y": 0.5
    },
    "meshType": 0
  }
}