{
  "__type__": "cc.SpriteFrame",
  "content": {
    "name": "line20",
    "atlas": "",
    "rect": {
      "x": 194,
      "y": 1,
      "width": 1011,
      "height": 638
    },
    "offset": {
      "x": 59.5,
      "y": 40
    },
    "originalSize": {
      "width": 1280,
      "height": 720
    },
    "rotated": false,
    "capInsets": [
      0,
      0,
      0,
      0
    ],
    "vertices": {
      "rawPosition": [
        -505.5,
        -319,
        0,
        505.5,
        -319,
        0,
        -505.5,
        319,
        0,
        505.5,
        319,
        0
      ],
      "indexes": [
        0,
        1,
        2,
        2,
        1,
        3
      ],
      "uv": [
        194,
        719,
        1205,
        719,
        194,
        81,
        1205,
        81
      ],
      "nuv": [
        0.1515625,
        0.1125,
        0.94140625,
        0.1125,
        0.1515625,
        0.9986111111111111,
        0.94140625,
        0.9986111111111111
      ],
      "minPos": {
        "x": -505.5,
        "y": -319,
        "z": 0
      },
      "maxPos": {
        "x": 505.5,
        "y": 319,
        "z": 0
      }
    },
    "texture": "138ff27e-1cf2-4949-b67f-cc840d3190f7@6c48a",
    "packable": true,
    "pixelsToUnit": 100,
    "pivot": {
      "x": 0.5,
      "y": 0.5
    },
    "meshType": 0
  }
}