{
  "__type__": "cc.SpriteFrame",
  "content": {
    "name": "KBetIcon",
    "atlas": "",
    "rect": {
      "x": 2,
      "y": 2,
      "width": 976,
      "height": 237
    },
    "offset": {
      "x": -22,
      "y": 7.5
    },
    "originalSize": {
      "width": 1024,
      "height": 256
    },
    "rotated": false,
    "capInsets": [
      0,
      0,
      0,
      0
    ],
    "vertices": {
      "rawPosition": [
        -488,
        -118.5,
        0,
        488,
        -118.5,
        0,
        -488,
        118.5,
        0,
        488,
        118.5,
        0
      ],
      "indexes": [
        0,
        1,
        2,
        2,
        1,
        3
      ],
      "uv": [
        2,
        254,
        978,
        254,
        2,
        17,
        978,
        17
      ],
      "nuv": [
        0.001953125,
        0.06640625,
        0.955078125,
        0.06640625,
        0.001953125,
        0.9921875,
        0.955078125,
        0.9921875
      ],
      "minPos": {
        "x": -488,
        "y": -118.5,
        "z": 0
      },
      "maxPos": {
        "x": 488,
        "y": 118.5,
        "z": 0
      }
    },
    "texture": "13c7b5d0-7e5d-48a9-ba42-f7cc42c72f9d@6c48a",
    "packable": true,
    "pixelsToUnit": 100,
    "pivot": {
      "x": 0.5,
      "y": 0.5
    },
    "meshType": 0
  }
}