{
  "__type__": "cc.SpriteFrame",
  "content": {
    "name": "25",
    "atlas": "",
    "rect": {
      "x": 79,
      "y": 53,
      "width": 761,
      "height": 376
    },
    "offset": {
      "x": 33,
      "y": -14
    },
    "originalSize": {
      "width": 853,
      "height": 454
    },
    "rotated": false,
    "capInsets": [
      0,
      0,
      0,
      0
    ],
    "vertices": {
      "rawPosition": [
        -380.5,
        -188,
        0,
        380.5,
        -188,
        0,
        -380.5,
        188,
        0,
        380.5,
        188,
        0
      ],
      "indexes": [
        0,
        1,
        2,
        2,
        1,
        3
      ],
      "uv": [
        79,
        401,
        840,
        401,
        79,
        25,
        840,
        25
      ],
      "nuv": [
        0.09261430246189918,
        0.05506607929515418,
        0.984759671746776,
        0.05506607929515418,
        0.09261430246189918,
        0.8832599118942731,
        0.984759671746776,
        0.8832599118942731
      ],
      "minPos": {
        "x": -380.5,
        "y": -188,
        "z": 0
      },
      "maxPos": {
        "x": 380.5,
        "y": 188,
        "z": 0
      }
    },
    "texture": "a4282915-c198-4fbc-8e7e-6cf78c4ac103@6c48a",
    "packable": true,
    "pixelsToUnit": 100,
    "pivot": {
      "x": 0.5,
      "y": 0.5
    },
    "meshType": 0
  }
}