{
  "__type__": "cc.SpriteFrame",
  "content": {
    "name": "itjackpot",
    "atlas": "",
    "rect": {
      "x": 3,
      "y": 2,
      "width": 554,
      "height": 169
    },
    "offset": {
      "x": 0,
      "y": 0
    },
    "originalSize": {
      "width": 560,
      "height": 173
    },
    "rotated": false,
    "capInsets": [
      0,
      0,
      0,
      0
    ],
    "vertices": {
      "rawPosition": [
        -277,
        -84.5,
        0,
        277,
        -84.5,
        0,
        -277,
        84.5,
        0,
        277,
        84.5,
        0
      ],
      "indexes": [
        0,
        1,
        2,
        2,
        1,
        3
      ],
      "uv": [
        3,
        171,
        557,
        171,
        3,
        2,
        557,
        2
      ],
      "nuv": [
        0.005357142857142857,
        0.011560693641618497,
        0.9946428571428572,
        0.011560693641618497,
        0.005357142857142857,
        0.9884393063583815,
        0.9946428571428572,
        0.9884393063583815
      ],
      "minPos": {
        "x": -277,
        "y": -84.5,
        "z": 0
      },
      "maxPos": {
        "x": 277,
        "y": 84.5,
        "z": 0
      }
    },
    "texture": "a4456ee0-f37e-4b55-9700-e3a193cdbf55@6c48a",
    "packable": true,
    "pixelsToUnit": 100,
    "pivot": {
      "x": 0.5,
      "y": 0.5
    },
    "meshType": 0
  }
}