{
  "__type__": "cc.SpriteFrame",
  "content": {
    "name": "plate",
    "atlas": "",
    "rect": {
      "x": 1,
      "y": 0,
      "width": 902,
      "height": 171
    },
    "offset": {
      "x": -9,
      "y": 2.5
    },
    "originalSize": {
      "width": 922,
      "height": 176
    },
    "rotated": false,
    "capInsets": [
      0,
      0,
      0,
      0
    ],
    "vertices": {
      "rawPosition": [
        -451,
        -85.5,
        0,
        451,
        -85.5,
        0,
        -451,
        85.5,
        0,
        451,
        85.5,
        0
      ],
      "indexes": [
        0,
        1,
        2,
        2,
        1,
        3
      ],
      "uv": [
        1,
        176,
        903,
        176,
        1,
        5,
        903,
        5
      ],
      "nuv": [
        0.0010845986984815619,
        0.028409090909090908,
        0.9793926247288504,
        0.028409090909090908,
        0.0010845986984815619,
        1,
        0.9793926247288504,
        1
      ],
      "minPos": {
        "x": -451,
        "y": -85.5,
        "z": 0
      },
      "maxPos": {
        "x": 451,
        "y": 85.5,
        "z": 0
      }
    },
    "texture": "a4e17206-9193-4fa6-9f1a-222cf36e4165@6c48a",
    "packable": true,
    "pixelsToUnit": 100,
    "pivot": {
      "x": 0.5,
      "y": 0.5
    },
    "meshType": 0
  }
}