{
  "__type__": "cc.SpriteFrame",
  "content": {
    "name": "kyby_hall_bj_chuan_tex",
    "atlas": "",
    "rect": {
      "x": 1,
      "y": 2,
      "width": 1021,
      "height": 1020
    },
    "offset": {
      "x": -0.5,
      "y": 0
    },
    "originalSize": {
      "width": 1024,
      "height": 1024
    },
    "rotated": false,
    "capInsets": [
      0,
      0,
      0,
      0
    ],
    "vertices": {
      "rawPosition": [
        -510.5,
        -510,
        0,
        510.5,
        -510,
        0,
        -510.5,
        510,
        0,
        510.5,
        510,
        0
      ],
      "indexes": [
        0,
        1,
        2,
        2,
        1,
        3
      ],
      "uv": [
        1,
        1022,
        1022,
        1022,
        1,
        2,
        1022,
        2
      ],
      "nuv": [
        0.0009765625,
        0.001953125,
        0.998046875,
        0.001953125,
        0.0009765625,
        0.998046875,
        0.998046875,
        0.998046875
      ],
      "minPos": {
        "x": -510.5,
        "y": -510,
        "z": 0
      },
      "maxPos": {
        "x": 510.5,
        "y": 510,
        "z": 0
      }
    },
    "texture": "a4ead1f8-d86c-41d5-b3bd-338f50680a8e@6c48a",
    "packable": true,
    "pixelsToUnit": 100,
    "pivot": {
      "x": 0.5,
      "y": 0.5
    },
    "meshType": 0
  }
}