{
  "__type__": "cc.SpriteFrame",
  "content": {
    "name": "11",
    "atlas": "",
    "rect": {
      "x": 0,
      "y": 95,
      "width": 333,
      "height": 237
    },
    "offset": {
      "x": 0,
      "y": -47.5
    },
    "originalSize": {
      "width": 333,
      "height": 332
    },
    "rotated": false,
    "capInsets": [
      0,
      0,
      0,
      0
    ],
    "vertices": {
      "rawPosition": [
        -166.5,
        -118.5,
        0,
        166.5,
        -118.5,
        0,
        -166.5,
        118.5,
        0,
        166.5,
        118.5,
        0
      ],
      "indexes": [
        0,
        1,
        2,
        2,
        1,
        3
      ],
      "uv": [
        0,
        237,
        333,
        237,
        0,
        0,
        333,
        0
      ],
      "nuv": [
        0,
        0,
        1,
        0,
        0,
        0.713855421686747,
        1,
        0.713855421686747
      ],
      "minPos": {
        "x": -166.5,
        "y": -118.5,
        "z": 0
      },
      "maxPos": {
        "x": 166.5,
        "y": 118.5,
        "z": 0
      }
    },
    "texture": "f32a5f80-4fec-4f6e-bebb-cea375cc3608@6c48a",
    "packable": true,
    "pixelsToUnit": 100,
    "pivot": {
      "x": 0.5,
      "y": 0.5
    },
    "meshType": 0
  }
}