{
  "__type__": "cc.SpriteFrame",
  "content": {
    "name": "skeleton",
    "atlas": "",
    "rect": {
      "x": 2,
      "y": 2,
      "width": 697,
      "height": 236
    },
    "offset": {
      "x": -161.5,
      "y": 8
    },
    "originalSize": {
      "width": 1024,
      "height": 256
    },
    "rotated": false,
    "capInsets": [
      0,
      0,
      0,
      0
    ],
    "vertices": {
      "rawPosition": [
        -348.5,
        -118,
        0,
        348.5,
        -118,
        0,
        -348.5,
        118,
        0,
        348.5,
        118,
        0
      ],
      "indexes": [
        0,
        1,
        2,
        2,
        1,
        3
      ],
      "uv": [
        2,
        254,
        699,
        254,
        2,
        18,
        699,
        18
      ],
      "nuv": [
        0.001953125,
        0.0703125,
        0.6826171875,
        0.0703125,
        0.001953125,
        0.9921875,
        0.6826171875,
        0.9921875
      ],
      "minPos": {
        "x": -348.5,
        "y": -118,
        "z": 0
      },
      "maxPos": {
        "x": 348.5,
        "y": 118,
        "z": 0
      }
    },
    "texture": "f33f8da0-aa82-4fba-93b8-ed97145c35c8@6c48a",
    "packable": true,
    "pixelsToUnit": 100,
    "pivot": {
      "x": 0.5,
      "y": 0.5
    },
    "meshType": 0
  }
}