{
  "__type__": "cc.SpriteFrame",
  "content": {
    "name": "icon slot",
    "atlas": "",
    "rect": {
      "x": 2,
      "y": 2,
      "width": 191,
      "height": 96
    },
    "offset": {
      "x": -30.5,
      "y": 14
    },
    "originalSize": {
      "width": 256,
      "height": 128
    },
    "rotated": false,
    "capInsets": [
      0,
      0,
      0,
      0
    ],
    "vertices": {
      "rawPosition": [
        -95.5,
        -48,
        0,
        95.5,
        -48,
        0,
        -95.5,
        48,
        0,
        95.5,
        48,
        0
      ],
      "indexes": [
        0,
        1,
        2,
        2,
        1,
        3
      ],
      "uv": [
        2,
        126,
        193,
        126,
        2,
        30,
        193,
        30
      ],
      "nuv": [
        0.0078125,
        0.234375,
        0.75390625,
        0.234375,
        0.0078125,
        0.984375,
        0.75390625,
        0.984375
      ],
      "minPos": {
        "x": -95.5,
        "y": -48,
        "z": 0
      },
      "maxPos": {
        "x": 95.5,
        "y": 48,
        "z": 0
      }
    },
    "texture": "9c26caa8-4078-4d73-b0e2-a0f5536092fa@6c48a",
    "packable": true,
    "pixelsToUnit": 100,
    "pivot": {
      "x": 0.5,
      "y": 0.5
    },
    "meshType": 0
  }
}