{
  "__type__": "cc.SpriteFrame",
  "content": {
    "name": "fish_icon_hongshanyu",
    "atlas": "",
    "rect": {
      "x": 0,
      "y": 12,
      "width": 88,
      "height": 56
    },
    "offset": {
      "x": 0,
      "y": -5
    },
    "originalSize": {
      "width": 88,
      "height": 70
    },
    "rotated": false,
    "capInsets": [
      0,
      0,
      0,
      0
    ],
    "vertices": {
      "rawPosition": [
        -44,
        -28,
        0,
        44,
        -28,
        0,
        -44,
        28,
        0,
        44,
        28,
        0
      ],
      "indexes": [
        0,
        1,
        2,
        2,
        1,
        3
      ],
      "uv": [
        0,
        58,
        88,
        58,
        0,
        2,
        88,
        2
      ],
      "nuv": [
        0,
        0.02857142857142857,
        1,
        0.02857142857142857,
        0,
        0.8285714285714286,
        1,
        0.8285714285714286
      ],
      "minPos": {
        "x": -44,
        "y": -28,
        "z": 0
      },
      "maxPos": {
        "x": 44,
        "y": 28,
        "z": 0
      }
    },
    "texture": "9c5e708b-580d-45e6-91b5-fc4df1ff8a7a@6c48a",
    "packable": true,
    "pixelsToUnit": 100,
    "pivot": {
      "x": 0.5,
      "y": 0.5
    },
    "meshType": 0
  }
}