{
  "__type__": "cc.SpriteFrame",
  "content": {
    "name": "bubg",
    "atlas": "",
    "rect": {
      "x": 0,
      "y": 0,
      "width": 984,
      "height": 901
    },
    "offset": {
      "x": -1,
      "y": 1
    },
    "originalSize": {
      "width": 986,
      "height": 903
    },
    "rotated": false,
    "capInsets": [
      0,
      0,
      0,
      0
    ],
    "vertices": {
      "rawPosition": [
        -492,
        -450.5,
        0,
        492,
        -450.5,
        0,
        -492,
        450.5,
        0,
        492,
        450.5,
        0
      ],
      "indexes": [
        0,
        1,
        2,
        2,
        1,
        3
      ],
      "uv": [
        0,
        903,
        984,
        903,
        0,
        2,
        984,
        2
      ],
      "nuv": [
        0,
        0.0022148394241417496,
        0.9979716024340771,
        0.0022148394241417496,
        0,
        1,
        0.9979716024340771,
        1
      ],
      "minPos": {
        "x": -492,
        "y": -450.5,
        "z": 0
      },
      "maxPos": {
        "x": 492,
        "y": 450.5,
        "z": 0
      }
    },
    "texture": "9c8f0d60-6b89-4673-9ff4-39c0adb1a817@6c48a",
    "packable": true,
    "pixelsToUnit": 100,
    "pivot": {
      "x": 0.5,
      "y": 0.5
    },
    "meshType": 0
  }
}