{
  "__type__": "cc.SpriteFrame",
  "content": {
    "name": "meirenyu2_shadow_tex",
    "atlas": "",
    "rect": {
      "x": 1,
      "y": 1,
      "width": 508,
      "height": 614
    },
    "offset": {
      "x": -1.5,
      "y": 1
    },
    "originalSize": {
      "width": 513,
      "height": 618
    },
    "rotated": false,
    "capInsets": [
      0,
      0,
      0,
      0
    ],
    "vertices": {
      "rawPosition": [
        -254,
        -307,
        0,
        254,
        -307,
        0,
        -254,
        307,
        0,
        254,
        307,
        0
      ],
      "indexes": [
        0,
        1,
        2,
        2,
        1,
        3
      ],
      "uv": [
        1,
        617,
        509,
        617,
        1,
        3,
        509,
        3
      ],
      "nuv": [
        0.001949317738791423,
        0.0048543689320388345,
        0.9922027290448343,
        0.0048543689320388345,
        0.001949317738791423,
        0.9983818770226537,
        0.9922027290448343,
        0.9983818770226537
      ],
      "minPos": {
        "x": -254,
        "y": -307,
        "z": 0
      },
      "maxPos": {
        "x": 254,
        "y": 307,
        "z": 0
      }
    },
    "texture": "5c82fd79-8c5b-4b49-b802-355a3affc327@6c48a",
    "packable": true,
    "pixelsToUnit": 100,
    "pivot": {
      "x": 0.5,
      "y": 0.5
    },
    "meshType": 0
  }
}