{
  "__type__": "cc.SpriteFrame",
  "content": {
    "name": "bannercab5_export",
    "atlas": "",
    "rect": {
      "x": 1,
      "y": 1,
      "width": 989,
      "height": 510
    },
    "offset": {
      "x": -16.5,
      "y": 0
    },
    "originalSize": {
      "width": 1024,
      "height": 512
    },
    "rotated": false,
    "capInsets": [
      0,
      0,
      0,
      0
    ],
    "vertices": {
      "rawPosition": [
        -494.5,
        -255,
        0,
        494.5,
        -255,
        0,
        -494.5,
        255,
        0,
        494.5,
        255,
        0
      ],
      "indexes": [
        0,
        1,
        2,
        2,
        1,
        3
      ],
      "uv": [
        1,
        511,
        990,
        511,
        1,
        1,
        990,
        1
      ],
      "nuv": [
        0.0009765625,
        0.001953125,
        0.966796875,
        0.001953125,
        0.0009765625,
        0.998046875,
        0.966796875,
        0.998046875
      ],
      "minPos": {
        "x": -494.5,
        "y": -255,
        "z": 0
      },
      "maxPos": {
        "x": 494.5,
        "y": 255,
        "z": 0
      }
    },
    "texture": "5c9bf90d-1aa2-4074-b03f-cd96e01034f5@6c48a",
    "packable": true,
    "pixelsToUnit": 100,
    "pivot": {
      "x": 0.5,
      "y": 0.5
    },
    "meshType": 0
  }
}