{
  "__type__": "cc.SpriteFrame",
  "content": {
    "name": "19",
    "atlas": "",
    "rect": {
      "x": 287,
      "y": 180,
      "width": 792,
      "height": 366
    },
    "offset": {
      "x": 43,
      "y": -3
    },
    "originalSize": {
      "width": 1280,
      "height": 720
    },
    "rotated": false,
    "capInsets": [
      0,
      0,
      0,
      0
    ],
    "vertices": {
      "rawPosition": [
        -396,
        -183,
        0,
        396,
        -183,
        0,
        -396,
        183,
        0,
        396,
        183,
        0
      ],
      "indexes": [
        0,
        1,
        2,
        2,
        1,
        3
      ],
      "uv": [
        287,
        540,
        1079,
        540,
        287,
        174,
        1079,
        174
      ],
      "nuv": [
        0.22421875,
        0.24166666666666667,
        0.84296875,
        0.24166666666666667,
        0.22421875,
        0.75,
        0.84296875,
        0.75
      ],
      "minPos": {
        "x": -396,
        "y": -183,
        "z": 0
      },
      "maxPos": {
        "x": 396,
        "y": 183,
        "z": 0
      }
    },
    "texture": "5cb4e379-9007-4432-be4a-5d35b222da6e@6c48a",
    "packable": true,
    "pixelsToUnit": 100,
    "pivot": {
      "x": 0.5,
      "y": 0.5
    },
    "meshType": 0
  }
}