{
  "__type__": "cc.SpriteFrame",
  "content": {
    "name": "fish_icon_haitun",
    "atlas": "",
    "rect": {
      "x": 2,
      "y": 8,
      "width": 86,
      "height": 61
    },
    "offset": {
      "x": 1,
      "y": -3.5
    },
    "originalSize": {
      "width": 88,
      "height": 70
    },
    "rotated": false,
    "capInsets": [
      0,
      0,
      0,
      0
    ],
    "vertices": {
      "rawPosition": [
        -43,
        -30.5,
        0,
        43,
        -30.5,
        0,
        -43,
        30.5,
        0,
        43,
        30.5,
        0
      ],
      "indexes": [
        0,
        1,
        2,
        2,
        1,
        3
      ],
      "uv": [
        2,
        62,
        88,
        62,
        2,
        1,
        88,
        1
      ],
      "nuv": [
        0.022727272727272728,
        0.014285714285714285,
        1,
        0.014285714285714285,
        0.022727272727272728,
        0.8857142857142857,
        1,
        0.8857142857142857
      ],
      "minPos": {
        "x": -43,
        "y": -30.5,
        "z": 0
      },
      "maxPos": {
        "x": 43,
        "y": 30.5,
        "z": 0
      }
    },
    "texture": "a23d6a78-d105-47f3-ae5b-9d29b65cac4d@6c48a",
    "packable": true,
    "pixelsToUnit": 100,
    "pivot": {
      "x": 0.5,
      "y": 0.5
    },
    "meshType": 0
  }
}