{
  "__type__": "cc.SpriteFrame",
  "content": {
    "name": "button_ket_1",
    "atlas": "",
    "rect": {
      "x": 1,
      "y": 1,
      "width": 149,
      "height": 71
    },
    "offset": {
      "x": 0,
      "y": -0.5
    },
    "originalSize": {
      "width": 151,
      "height": 72
    },
    "rotated": false,
    "capInsets": [
      0,
      0,
      0,
      0
    ],
    "vertices": {
      "rawPosition": [
        -74.5,
        -35.5,
        0,
        74.5,
        -35.5,
        0,
        -74.5,
        35.5,
        0,
        74.5,
        35.5,
        0
      ],
      "indexes": [
        0,
        1,
        2,
        2,
        1,
        3
      ],
      "uv": [
        1,
        71,
        150,
        71,
        1,
        0,
        150,
        0
      ],
      "nuv": [
        0.006622516556291391,
        0,
        0.9933774834437086,
        0,
        0.006622516556291391,
        0.9861111111111112,
        0.9933774834437086,
        0.9861111111111112
      ],
      "minPos": {
        "x": -74.5,
        "y": -35.5,
        "z": 0
      },
      "maxPos": {
        "x": 74.5,
        "y": 35.5,
        "z": 0
      }
    },
    "texture": "a243253c-28aa-47ea-b33f-dac5fc787b0e@6c48a",
    "packable": true,
    "pixelsToUnit": 100,
    "pivot": {
      "x": 0.5,
      "y": 0.5
    },
    "meshType": 0
  }
}