{
  "__type__": "cc.SpriteFrame",
  "content": {
    "name": "num_y",
    "atlas": "",
    "rect": {
      "x": 0,
      "y": 0,
      "width": 207,
      "height": 209
    },
    "offset": {
      "x": -0.5,
      "y": 0.5
    },
    "originalSize": {
      "width": 208,
      "height": 210
    },
    "rotated": false,
    "capInsets": [
      0,
      0,
      0,
      0
    ],
    "vertices": {
      "rawPosition": [
        -103.5,
        -104.5,
        0,
        103.5,
        -104.5,
        0,
        -103.5,
        104.5,
        0,
        103.5,
        104.5,
        0
      ],
      "indexes": [
        0,
        1,
        2,
        2,
        1,
        3
      ],
      "uv": [
        0,
        210,
        207,
        210,
        0,
        1,
        207,
        1
      ],
      "nuv": [
        0,
        0.004761904761904762,
        0.9951923076923077,
        0.004761904761904762,
        0,
        1,
        0.9951923076923077,
        1
      ],
      "minPos": {
        "x": -103.5,
        "y": -104.5,
        "z": 0
      },
      "maxPos": {
        "x": 103.5,
        "y": 104.5,
        "z": 0
      }
    },
    "texture": "1f217efd-8452-4756-8fd5-2cb1f72f6b39@6c48a",
    "packable": true,
    "pixelsToUnit": 100,
    "pivot": {
      "x": 0.5,
      "y": 0.5
    },
    "meshType": 0
  }
}