{
  "__type__": "cc.SpriteFrame",
  "content": {
    "name": "kyby_zidan2-hit_tex",
    "atlas": "",
    "rect": {
      "x": 1,
      "y": 2,
      "width": 1571,
      "height": 1007
    },
    "offset": {
      "x": -237.5,
      "y": 6.5
    },
    "originalSize": {
      "width": 2048,
      "height": 1024
    },
    "rotated": false,
    "capInsets": [
      0,
      0,
      0,
      0
    ],
    "vertices": {
      "rawPosition": [
        -785.5,
        -503.5,
        0,
        785.5,
        -503.5,
        0,
        -785.5,
        503.5,
        0,
        785.5,
        503.5,
        0
      ],
      "indexes": [
        0,
        1,
        2,
        2,
        1,
        3
      ],
      "uv": [
        1,
        1022,
        1572,
        1022,
        1,
        15,
        1572,
        15
      ],
      "nuv": [
        0.00048828125,
        0.0146484375,
        0.767578125,
        0.0146484375,
        0.00048828125,
        0.998046875,
        0.767578125,
        0.998046875
      ],
      "minPos": {
        "x": -785.5,
        "y": -503.5,
        "z": 0
      },
      "maxPos": {
        "x": 785.5,
        "y": 503.5,
        "z": 0
      }
    },
    "texture": "1f775b0c-71b0-4952-90b0-2b151940d42d@6c48a",
    "packable": true,
    "pixelsToUnit": 100,
    "pivot": {
      "x": 0.5,
      "y": 0.5
    },
    "meshType": 0
  }
}