{
  "__type__": "cc.SpriteFrame",
  "content": {
    "name": "fontTITLE-export",
    "atlas": "",
    "rect": {
      "x": 0,
      "y": 0,
      "width": 455,
      "height": 511
    },
    "offset": {
      "x": -28.5,
      "y": 0.5
    },
    "originalSize": {
      "width": 512,
      "height": 512
    },
    "rotated": false,
    "capInsets": [
      0,
      0,
      0,
      0
    ],
    "vertices": {
      "rawPosition": [
        -227.5,
        -255.5,
        0,
        227.5,
        -255.5,
        0,
        -227.5,
        255.5,
        0,
        227.5,
        255.5,
        0
      ],
      "indexes": [
        0,
        1,
        2,
        2,
        1,
        3
      ],
      "uv": [
        0,
        512,
        455,
        512,
        0,
        1,
        455,
        1
      ],
      "nuv": [
        0,
        0.001953125,
        0.888671875,
        0.001953125,
        0,
        1,
        0.888671875,
        1
      ],
      "minPos": {
        "x": -227.5,
        "y": -255.5,
        "z": 0
      },
      "maxPos": {
        "x": 227.5,
        "y": 255.5,
        "z": 0
      }
    },
    "texture": "86321768-e5f2-43db-baef-65afb3b9665d@6c48a",
    "packable": true,
    "pixelsToUnit": 100,
    "pivot": {
      "x": 0.5,
      "y": 0.5
    },
    "meshType": 0
  }
}