{
  "__type__": "cc.SpriteFrame",
  "content": {
    "name": "BauCua",
    "atlas": "",
    "rect": {
      "x": 2,
      "y": 2,
      "width": 712,
      "height": 240
    },
    "offset": {
      "x": 0,
      "y": 0
    },
    "originalSize": {
      "width": 716,
      "height": 244
    },
    "rotated": false,
    "capInsets": [
      0,
      0,
      0,
      0
    ],
    "vertices": {
      "rawPosition": [
        -356,
        -120,
        0,
        356,
        -120,
        0,
        -356,
        120,
        0,
        356,
        120,
        0
      ],
      "indexes": [
        0,
        1,
        2,
        2,
        1,
        3
      ],
      "uv": [
        2,
        242,
        714,
        242,
        2,
        2,
        714,
        2
      ],
      "nuv": [
        0.002793296089385475,
        0.00819672131147541,
        0.9972067039106145,
        0.00819672131147541,
        0.002793296089385475,
        0.9918032786885246,
        0.9972067039106145,
        0.9918032786885246
      ],
      "minPos": {
        "x": -356,
        "y": -120,
        "z": 0
      },
      "maxPos": {
        "x": 356,
        "y": 120,
        "z": 0
      }
    },
    "texture": "86362689-30c5-4fe6-9ab1-f9b7bb32bc76@6c48a",
    "packable": true,
    "pixelsToUnit": 100,
    "pivot": {
      "x": 0.5,
      "y": 0.5
    },
    "meshType": 0
  }
}