{
  "__type__": "cc.SpriteFrame",
  "content": {
    "name": "3Cay",
    "atlas": "",
    "rect": {
      "x": 1,
      "y": 1,
      "width": 491,
      "height": 488
    },
    "offset": {
      "x": -9.5,
      "y": 11
    },
    "originalSize": {
      "width": 512,
      "height": 512
    },
    "rotated": false,
    "capInsets": [
      0,
      0,
      0,
      0
    ],
    "vertices": {
      "rawPosition": [
        -245.5,
        -244,
        0,
        245.5,
        -244,
        0,
        -245.5,
        244,
        0,
        245.5,
        244,
        0
      ],
      "indexes": [
        0,
        1,
        2,
        2,
        1,
        3
      ],
      "uv": [
        1,
        511,
        492,
        511,
        1,
        23,
        492,
        23
      ],
      "nuv": [
        0.001953125,
        0.044921875,
        0.9609375,
        0.044921875,
        0.001953125,
        0.998046875,
        0.9609375,
        0.998046875
      ],
      "minPos": {
        "x": -245.5,
        "y": -244,
        "z": 0
      },
      "maxPos": {
        "x": 245.5,
        "y": 244,
        "z": 0
      }
    },
    "texture": "86958cef-3a7f-416e-948c-e71a9efc77cd@6c48a",
    "packable": true,
    "pixelsToUnit": 100,
    "pivot": {
      "x": 0.5,
      "y": 0.5
    },
    "meshType": 0
  }
}