{
  "__type__": "cc.SpriteFrame",
  "content": {
    "name": "eventTop3",
    "atlas": "",
    "rect": {
      "x": 1,
      "y": 1,
      "width": 44,
      "height": 48
    },
    "offset": {
      "x": 0.5,
      "y": -0.5
    },
    "originalSize": {
      "width": 45,
      "height": 49
    },
    "rotated": false,
    "capInsets": [
      0,
      0,
      0,
      0
    ],
    "vertices": {
      "rawPosition": [
        -22,
        -24,
        0,
        22,
        -24,
        0,
        -22,
        24,
        0,
        22,
        24,
        0
      ],
      "indexes": [
        0,
        1,
        2,
        2,
        1,
        3
      ],
      "uv": [
        1,
        48,
        45,
        48,
        1,
        0,
        45,
        0
      ],
      "nuv": [
        0.022222222222222223,
        0,
        1,
        0,
        0.022222222222222223,
        0.9795918367346939,
        1,
        0.9795918367346939
      ],
      "minPos": {
        "x": -22,
        "y": -24,
        "z": 0
      },
      "maxPos": {
        "x": 22,
        "y": 24,
        "z": 0
      }
    },
    "texture": "98518eee-3720-4fb7-9508-62899b1482b6@6c48a",
    "packable": true,
    "pixelsToUnit": 100,
    "pivot": {
      "x": 0.5,
      "y": 0.5
    },
    "meshType": 0
  }
}