{
  "__type__": "cc.SpriteFrame",
  "content": {
    "name": "gamebai-on",
    "atlas": "",
    "rect": {
      "x": 6,
      "y": 3,
      "width": 92,
      "height": 20
    },
    "offset": {
      "x": -1.5,
      "y": -1
    },
    "originalSize": {
      "width": 107,
      "height": 24
    },
    "rotated": false,
    "capInsets": [
      0,
      0,
      0,
      0
    ],
    "vertices": {
      "rawPosition": [
        -46,
        -10,
        0,
        46,
        -10,
        0,
        -46,
        10,
        0,
        46,
        10,
        0
      ],
      "indexes": [
        0,
        1,
        2,
        2,
        1,
        3
      ],
      "uv": [
        6,
        21,
        98,
        21,
        6,
        1,
        98,
        1
      ],
      "nuv": [
        0.056074766355140186,
        0.041666666666666664,
        0.9158878504672897,
        0.041666666666666664,
        0.056074766355140186,
        0.875,
        0.9158878504672897,
        0.875
      ],
      "minPos": {
        "x": -46,
        "y": -10,
        "z": 0
      },
      "maxPos": {
        "x": 46,
        "y": 10,
        "z": 0
      }
    },
    "texture": "064b115c-1a46-4d39-951c-ff7fa55fbd16@6c48a",
    "packable": true,
    "pixelsToUnit": 100,
    "pivot": {
      "x": 0.5,
      "y": 0.5
    },
    "meshType": 0
  }
}