{
  "__type__": "cc.SpriteFrame",
  "content": {
    "name": "theo",
    "atlas": "",
    "rect": {
      "x": 1,
      "y": 1,
      "width": 153,
      "height": 30
    },
    "offset": {
      "x": 0.5,
      "y": 0
    },
    "originalSize": {
      "width": 154,
      "height": 32
    },
    "rotated": false,
    "capInsets": [
      0,
      0,
      0,
      0
    ],
    "vertices": {
      "rawPosition": [
        -76.5,
        -15,
        0,
        76.5,
        -15,
        0,
        -76.5,
        15,
        0,
        76.5,
        15,
        0
      ],
      "indexes": [
        0,
        1,
        2,
        2,
        1,
        3
      ],
      "uv": [
        1,
        31,
        154,
        31,
        1,
        1,
        154,
        1
      ],
      "nuv": [
        0.006493506493506494,
        0.03125,
        1,
        0.03125,
        0.006493506493506494,
        0.96875,
        1,
        0.96875
      ],
      "minPos": {
        "x": -76.5,
        "y": -15,
        "z": 0
      },
      "maxPos": {
        "x": 76.5,
        "y": 15,
        "z": 0
      }
    },
    "texture": "12127c62-5e48-4dad-b1ca-670f6f83af43@6c48a",
    "packable": true,
    "pixelsToUnit": 100,
    "pivot": {
      "x": 0.5,
      "y": 0.5
    },
    "meshType": 0
  }
}