{
  "__type__": "cc.SpriteFrame",
  "content": {
    "name": "CanGatAnimation",
    "atlas": "",
    "rect": {
      "x": 1,
      "y": 1,
      "width": 209,
      "height": 203
    },
    "offset": {
      "x": 0,
      "y": 0
    },
    "originalSize": {
      "width": 211,
      "height": 205
    },
    "rotated": false,
    "capInsets": [
      0,
      0,
      0,
      0
    ],
    "vertices": {
      "rawPosition": [
        -104.5,
        -101.5,
        0,
        104.5,
        -101.5,
        0,
        -104.5,
        101.5,
        0,
        104.5,
        101.5,
        0
      ],
      "indexes": [
        0,
        1,
        2,
        2,
        1,
        3
      ],
      "uv": [
        1,
        204,
        210,
        204,
        1,
        1,
        210,
        1
      ],
      "nuv": [
        0.004739336492890996,
        0.004878048780487805,
        0.995260663507109,
        0.004878048780487805,
        0.004739336492890996,
        0.9951219512195122,
        0.995260663507109,
        0.9951219512195122
      ],
      "minPos": {
        "x": -104.5,
        "y": -101.5,
        "z": 0
      },
      "maxPos": {
        "x": 104.5,
        "y": 101.5,
        "z": 0
      }
    },
    "texture": "1246e4a0-462e-4856-bc87-045553023dbb@6c48a",
    "packable": true,
    "pixelsToUnit": 100,
    "pivot": {
      "x": 0.5,
      "y": 0.5
    },
    "meshType": 0
  }
}