{
  "__type__": "cc.SpriteFrame",
  "content": {
    "name": "line15",
    "atlas": "",
    "rect": {
      "x": 186,
      "y": 209,
      "width": 1029,
      "height": 407
    },
    "offset": {
      "x": 60.5,
      "y": -52.5
    },
    "originalSize": {
      "width": 1280,
      "height": 720
    },
    "rotated": false,
    "capInsets": [
      0,
      0,
      0,
      0
    ],
    "vertices": {
      "rawPosition": [
        -514.5,
        -203.5,
        0,
        514.5,
        -203.5,
        0,
        -514.5,
        203.5,
        0,
        514.5,
        203.5,
        0
      ],
      "indexes": [
        0,
        1,
        2,
        2,
        1,
        3
      ],
      "uv": [
        186,
        511,
        1215,
        511,
        186,
        104,
        1215,
        104
      ],
      "nuv": [
        0.1453125,
        0.14444444444444443,
        0.94921875,
        0.14444444444444443,
        0.1453125,
        0.7097222222222223,
        0.94921875,
        0.7097222222222223
      ],
      "minPos": {
        "x": -514.5,
        "y": -203.5,
        "z": 0
      },
      "maxPos": {
        "x": 514.5,
        "y": 203.5,
        "z": 0
      }
    },
    "texture": "12909993-f4be-49a6-9ef2-d6dbe7043b9c@6c48a",
    "packable": true,
    "pixelsToUnit": 100,
    "pivot": {
      "x": 0.5,
      "y": 0.5
    },
    "meshType": 0
  }
}