{
  "__type__": "cc.SpriteFrame",
  "content": {
    "name": "douxia_shadow_tex",
    "atlas": "",
    "rect": {
      "x": 1,
      "y": 1,
      "width": 207,
      "height": 449
    },
    "offset": {
      "x": -23.5,
      "y": 30.5
    },
    "originalSize": {
      "width": 256,
      "height": 512
    },
    "rotated": false,
    "capInsets": [
      0,
      0,
      0,
      0
    ],
    "vertices": {
      "rawPosition": [
        -103.5,
        -224.5,
        0,
        103.5,
        -224.5,
        0,
        -103.5,
        224.5,
        0,
        103.5,
        224.5,
        0
      ],
      "indexes": [
        0,
        1,
        2,
        2,
        1,
        3
      ],
      "uv": [
        1,
        511,
        208,
        511,
        1,
        62,
        208,
        62
      ],
      "nuv": [
        0.00390625,
        0.12109375,
        0.8125,
        0.12109375,
        0.00390625,
        0.998046875,
        0.8125,
        0.998046875
      ],
      "minPos": {
        "x": -103.5,
        "y": -224.5,
        "z": 0
      },
      "maxPos": {
        "x": 103.5,
        "y": 224.5,
        "z": 0
      }
    },
    "texture": "8adc8439-722e-44cb-ad8e-30bc370fb5f7@6c48a",
    "packable": true,
    "pixelsToUnit": 100,
    "pivot": {
      "x": 0.5,
      "y": 0.5
    },
    "meshType": 0
  }
}