{
  "__type__": "cc.SpriteFrame",
  "content": {
    "name": "SlotPanel",
    "atlas": "",
    "rect": {
      "x": 0,
      "y": 0,
      "width": 600,
      "height": 304
    },
    "offset": {
      "x": 0,
      "y": 0.5
    },
    "originalSize": {
      "width": 600,
      "height": 305
    },
    "rotated": false,
    "capInsets": [
      0,
      0,
      0,
      0
    ],
    "vertices": {
      "rawPosition": [
        -300,
        -152,
        0,
        300,
        -152,
        0,
        -300,
        152,
        0,
        300,
        152,
        0
      ],
      "indexes": [
        0,
        1,
        2,
        2,
        1,
        3
      ],
      "uv": [
        0,
        305,
        600,
        305,
        0,
        1,
        600,
        1
      ],
      "nuv": [
        0,
        0.003278688524590164,
        1,
        0.003278688524590164,
        0,
        1,
        1,
        1
      ],
      "minPos": {
        "x": -300,
        "y": -152,
        "z": 0
      },
      "maxPos": {
        "x": 300,
        "y": 152,
        "z": 0
      }
    },
    "texture": "b40d84b7-5085-43a4-8de7-8448b53d0032@6c48a",
    "packable": true,
    "pixelsToUnit": 100,
    "pivot": {
      "x": 0.5,
      "y": 0.5
    },
    "meshType": 0
  }
}