{
  "__type__": "cc.SpriteFrame",
  "content": {
    "name": "aladdin_guide_12",
    "atlas": "",
    "rect": {
      "x": 0,
      "y": 2,
      "width": 733,
      "height": 294
    },
    "offset": {
      "x": -0.5,
      "y": 4
    },
    "originalSize": {
      "width": 734,
      "height": 306
    },
    "rotated": false,
    "capInsets": [
      0,
      0,
      0,
      0
    ],
    "vertices": {
      "rawPosition": [
        -366.5,
        -147,
        0,
        366.5,
        -147,
        0,
        -366.5,
        147,
        0,
        366.5,
        147,
        0
      ],
      "indexes": [
        0,
        1,
        2,
        2,
        1,
        3
      ],
      "uv": [
        0,
        304,
        733,
        304,
        0,
        10,
        733,
        10
      ],
      "nuv": [
        0,
        0.032679738562091505,
        0.9986376021798365,
        0.032679738562091505,
        0,
        0.9934640522875817,
        0.9986376021798365,
        0.9934640522875817
      ],
      "minPos": {
        "x": -366.5,
        "y": -147,
        "z": 0
      },
      "maxPos": {
        "x": 366.5,
        "y": 147,
        "z": 0
      }
    },
    "texture": "b41a30e0-34f3-46f0-83e5-eb4b55c9a64b@6c48a",
    "packable": true,
    "pixelsToUnit": 100,
    "pivot": {
      "x": 0.5,
      "y": 0.5
    },
    "meshType": 0
  }
}