{
  "__type__": "cc.SpriteFrame",
  "content": {
    "name": "10",
    "atlas": "",
    "rect": {
      "x": 17,
      "y": 53,
      "width": 764,
      "height": 359
    },
    "offset": {
      "x": -27.5,
      "y": -5.5
    },
    "originalSize": {
      "width": 853,
      "height": 454
    },
    "rotated": false,
    "capInsets": [
      0,
      0,
      0,
      0
    ],
    "vertices": {
      "rawPosition": [
        -382,
        -179.5,
        0,
        382,
        -179.5,
        0,
        -382,
        179.5,
        0,
        382,
        179.5,
        0
      ],
      "indexes": [
        0,
        1,
        2,
        2,
        1,
        3
      ],
      "uv": [
        17,
        401,
        781,
        401,
        17,
        42,
        781,
        42
      ],
      "nuv": [
        0.01992966002344666,
        0.09251101321585903,
        0.9155920281359906,
        0.09251101321585903,
        0.01992966002344666,
        0.8832599118942731,
        0.9155920281359906,
        0.8832599118942731
      ],
      "minPos": {
        "x": -382,
        "y": -179.5,
        "z": 0
      },
      "maxPos": {
        "x": 382,
        "y": 179.5,
        "z": 0
      }
    },
    "texture": "b42156b6-b226-4d90-a387-3ab4600575fa@6c48a",
    "packable": true,
    "pixelsToUnit": 100,
    "pivot": {
      "x": 0.5,
      "y": 0.5
    },
    "meshType": 0
  }
}