{
  "__type__": "cc.SpriteFrame",
  "content": {
    "name": "skeleton",
    "atlas": "",
    "rect": {
      "x": 2,
      "y": 2,
      "width": 1452,
      "height": 508
    },
    "offset": {
      "x": -296,
      "y": 0
    },
    "originalSize": {
      "width": 2048,
      "height": 512
    },
    "rotated": false,
    "capInsets": [
      0,
      0,
      0,
      0
    ],
    "vertices": {
      "rawPosition": [
        -726,
        -254,
        0,
        726,
        -254,
        0,
        -726,
        254,
        0,
        726,
        254,
        0
      ],
      "indexes": [
        0,
        1,
        2,
        2,
        1,
        3
      ],
      "uv": [
        2,
        510,
        1454,
        510,
        2,
        2,
        1454,
        2
      ],
      "nuv": [
        0.0009765625,
        0.00390625,
        0.7099609375,
        0.00390625,
        0.0009765625,
        0.99609375,
        0.7099609375,
        0.99609375
      ],
      "minPos": {
        "x": -726,
        "y": -254,
        "z": 0
      },
      "maxPos": {
        "x": 726,
        "y": 254,
        "z": 0
      }
    },
    "texture": "b4be271b-d171-487c-9e1e-b13e71537472@6c48a",
    "packable": true,
    "pixelsToUnit": 100,
    "pivot": {
      "x": 0.5,
      "y": 0.5
    },
    "meshType": 0
  }
}