{
  "__type__": "cc.SpriteFrame",
  "content": {
    "name": "top",
    "atlas": "",
    "rect": {
      "x": 3,
      "y": 5,
      "width": 63,
      "height": 60
    },
    "offset": {
      "x": -0.5,
      "y": 0
    },
    "originalSize": {
      "width": 70,
      "height": 70
    },
    "rotated": false,
    "capInsets": [
      0,
      0,
      0,
      0
    ],
    "vertices": {
      "rawPosition": [
        -31.5,
        -30,
        0,
        31.5,
        -30,
        0,
        -31.5,
        30,
        0,
        31.5,
        30,
        0
      ],
      "indexes": [
        0,
        1,
        2,
        2,
        1,
        3
      ],
      "uv": [
        3,
        65,
        66,
        65,
        3,
        5,
        66,
        5
      ],
      "nuv": [
        0.04285714285714286,
        0.07142857142857142,
        0.9428571428571428,
        0.07142857142857142,
        0.04285714285714286,
        0.9285714285714286,
        0.9428571428571428,
        0.9285714285714286
      ],
      "minPos": {
        "x": -31.5,
        "y": -30,
        "z": 0
      },
      "maxPos": {
        "x": 31.5,
        "y": 30,
        "z": 0
      }
    },
    "texture": "9048eb79-5ed0-46dd-8776-6755400eb221@6c48a",
    "packable": true,
    "pixelsToUnit": 100,
    "pivot": {
      "x": 0.5,
      "y": 0.5
    },
    "meshType": 0
  }
}