{
  "__type__": "cc.SpriteFrame",
  "content": {
    "name": "18",
    "atlas": "",
    "rect": {
      "x": 22,
      "y": 22,
      "width": 311,
      "height": 168
    },
    "offset": {
      "x": 11,
      "y": 60
    },
    "originalSize": {
      "width": 333,
      "height": 332
    },
    "rotated": false,
    "capInsets": [
      0,
      0,
      0,
      0
    ],
    "vertices": {
      "rawPosition": [
        -155.5,
        -84,
        0,
        155.5,
        -84,
        0,
        -155.5,
        84,
        0,
        155.5,
        84,
        0
      ],
      "indexes": [
        0,
        1,
        2,
        2,
        1,
        3
      ],
      "uv": [
        22,
        310,
        333,
        310,
        22,
        142,
        333,
        142
      ],
      "nuv": [
        0.06606606606606606,
        0.42771084337349397,
        1,
        0.42771084337349397,
        0.06606606606606606,
        0.9337349397590361,
        1,
        0.9337349397590361
      ],
      "minPos": {
        "x": -155.5,
        "y": -84,
        "z": 0
      },
      "maxPos": {
        "x": 155.5,
        "y": 84,
        "z": 0
      }
    },
    "texture": "90ab4a86-c749-48ad-b104-d4872d0aab70@6c48a",
    "packable": true,
    "pixelsToUnit": 100,
    "pivot": {
      "x": 0.5,
      "y": 0.5
    },
    "meshType": 0
  }
}