{
  "__type__": "cc.SpriteFrame",
  "content": {
    "name": "XocDiaIcon",
    "atlas": "",
    "rect": {
      "x": 2,
      "y": 2,
      "width": 2022,
      "height": 251
    },
    "offset": {
      "x": -11,
      "y": 0.5
    },
    "originalSize": {
      "width": 2048,
      "height": 256
    },
    "rotated": false,
    "capInsets": [
      0,
      0,
      0,
      0
    ],
    "vertices": {
      "rawPosition": [
        -1011,
        -125.5,
        0,
        1011,
        -125.5,
        0,
        -1011,
        125.5,
        0,
        1011,
        125.5,
        0
      ],
      "indexes": [
        0,
        1,
        2,
        2,
        1,
        3
      ],
      "uv": [
        2,
        254,
        2024,
        254,
        2,
        3,
        2024,
        3
      ],
      "nuv": [
        0.0009765625,
        0.01171875,
        0.98828125,
        0.01171875,
        0.0009765625,
        0.9921875,
        0.98828125,
        0.9921875
      ],
      "minPos": {
        "x": -1011,
        "y": -125.5,
        "z": 0
      },
      "maxPos": {
        "x": 1011,
        "y": 125.5,
        "z": 0
      }
    },
    "texture": "d11ab17f-81de-4102-a24c-10d33a63456b@6c48a",
    "packable": true,
    "pixelsToUnit": 100,
    "pivot": {
      "x": 0.5,
      "y": 0.5
    },
    "meshType": 0
  }
}