{
  "__type__": "cc.SpriteFrame",
  "content": {
    "name": "QUAYITEM",
    "atlas": "",
    "rect": {
      "x": 2,
      "y": 2,
      "width": 2039,
      "height": 252
    },
    "offset": {
      "x": -2.5,
      "y": 0
    },
    "originalSize": {
      "width": 2048,
      "height": 256
    },
    "rotated": false,
    "capInsets": [
      0,
      0,
      0,
      0
    ],
    "vertices": {
      "rawPosition": [
        -1019.5,
        -126,
        0,
        1019.5,
        -126,
        0,
        -1019.5,
        126,
        0,
        1019.5,
        126,
        0
      ],
      "indexes": [
        0,
        1,
        2,
        2,
        1,
        3
      ],
      "uv": [
        2,
        254,
        2041,
        254,
        2,
        2,
        2041,
        2
      ],
      "nuv": [
        0.0009765625,
        0.0078125,
        0.99658203125,
        0.0078125,
        0.0009765625,
        0.9921875,
        0.99658203125,
        0.9921875
      ],
      "minPos": {
        "x": -1019.5,
        "y": -126,
        "z": 0
      },
      "maxPos": {
        "x": 1019.5,
        "y": 126,
        "z": 0
      }
    },
    "texture": "d1a2d7ea-9b87-4b6c-8739-4c52279b8261@6c48a",
    "packable": true,
    "pixelsToUnit": 100,
    "pivot": {
      "x": 0.5,
      "y": 0.5
    },
    "meshType": 0
  }
}