{
  "__type__": "cc.SpriteFrame",
  "content": {
    "name": "kyby_eff_gold_bomb_tex",
    "atlas": "",
    "rect": {
      "x": 9,
      "y": 1,
      "width": 948,
      "height": 947
    },
    "offset": {
      "x": -29,
      "y": 37.5
    },
    "originalSize": {
      "width": 1024,
      "height": 1024
    },
    "rotated": false,
    "capInsets": [
      0,
      0,
      0,
      0
    ],
    "vertices": {
      "rawPosition": [
        -474,
        -473.5,
        0,
        474,
        -473.5,
        0,
        -474,
        473.5,
        0,
        474,
        473.5,
        0
      ],
      "indexes": [
        0,
        1,
        2,
        2,
        1,
        3
      ],
      "uv": [
        9,
        1023,
        957,
        1023,
        9,
        76,
        957,
        76
      ],
      "nuv": [
        0.0087890625,
        0.07421875,
        0.9345703125,
        0.07421875,
        0.0087890625,
        0.9990234375,
        0.9345703125,
        0.9990234375
      ],
      "minPos": {
        "x": -474,
        "y": -473.5,
        "z": 0
      },
      "maxPos": {
        "x": 474,
        "y": 473.5,
        "z": 0
      }
    },
    "texture": "d1d7871d-dd48-4db0-9f70-f4f61549ab3d@6c48a",
    "packable": true,
    "pixelsToUnit": 100,
    "pivot": {
      "x": 0.5,
      "y": 0.5
    },
    "meshType": 0
  }
}