{
  "__type__": "cc.SpriteFrame",
  "content": {
    "name": "icon_caothap",
    "atlas": "",
    "rect": {
      "x": 0,
      "y": 0,
      "width": 725,
      "height": 502
    },
    "offset": {
      "x": -1,
      "y": 1
    },
    "originalSize": {
      "width": 727,
      "height": 504
    },
    "rotated": false,
    "capInsets": [
      0,
      0,
      0,
      0
    ],
    "vertices": {
      "rawPosition": [
        -362.5,
        -251,
        0,
        362.5,
        -251,
        0,
        -362.5,
        251,
        0,
        362.5,
        251,
        0
      ],
      "indexes": [
        0,
        1,
        2,
        2,
        1,
        3
      ],
      "uv": [
        0,
        504,
        725,
        504,
        0,
        2,
        725,
        2
      ],
      "nuv": [
        0,
        0.003968253968253968,
        0.9972489683631361,
        0.003968253968253968,
        0,
        1,
        0.9972489683631361,
        1
      ],
      "minPos": {
        "x": -362.5,
        "y": -251,
        "z": 0
      },
      "maxPos": {
        "x": 362.5,
        "y": 251,
        "z": 0
      }
    },
    "texture": "d1e67ee4-7ccc-4ec3-a405-a1676ce8ccc8@6c48a",
    "packable": true,
    "pixelsToUnit": 100,
    "pivot": {
      "x": 0.5,
      "y": 0.5
    },
    "meshType": 0
  }
}