{
  "__type__": "cc.SpriteFrame",
  "content": {
    "name": "vip2",
    "atlas": "",
    "rect": {
      "x": 0,
      "y": 0,
      "width": 92,
      "height": 77
    },
    "offset": {
      "x": -1,
      "y": 0.5
    },
    "originalSize": {
      "width": 94,
      "height": 78
    },
    "rotated": false,
    "capInsets": [
      0,
      0,
      0,
      0
    ],
    "vertices": {
      "rawPosition": [
        -46,
        -38.5,
        0,
        46,
        -38.5,
        0,
        -46,
        38.5,
        0,
        46,
        38.5,
        0
      ],
      "indexes": [
        0,
        1,
        2,
        2,
        1,
        3
      ],
      "uv": [
        0,
        78,
        92,
        78,
        0,
        1,
        92,
        1
      ],
      "nuv": [
        0,
        0.01282051282051282,
        0.9787234042553191,
        0.01282051282051282,
        0,
        1,
        0.9787234042553191,
        1
      ],
      "minPos": {
        "x": -46,
        "y": -38.5,
        "z": 0
      },
      "maxPos": {
        "x": 46,
        "y": 38.5,
        "z": 0
      }
    },
    "texture": "0041537a-4881-4609-abba-32f28bffc48a@6c48a",
    "packable": true,
    "pixelsToUnit": 100,
    "pivot": {
      "x": 0.5,
      "y": 0.5
    },
    "meshType": 0
  }
}